first_seen,posted_at,company,tier,role,location,term,score,source,url
2026-07-30T19:14:47.654252+00:00,2026-07-23T20:03:32+00:00,Kairos Power,2,Mechanical and Manufacturing Engineering Internship - Summer 2027 ,"Alameda, CA, Albuquerque, NM, or Oak Ridge, TN",target,14,greenhouse:kairospower,https://job-boards.greenhouse.io/kairospower/jobs/6123676004
2026-07-30T19:14:47.654252+00:00,2026-07-22T19:11:37+00:00,Kairos Power,2,Chemical and Materials Engineering Internship - Summer 2027,"Alameda, CA, Albuquerque, NM or Oak Ridge, TN ",target,6,greenhouse:kairospower,https://job-boards.greenhouse.io/kairospower/jobs/6122803004
2026-07-30T19:14:47.654252+00:00,2026-07-23T19:46:38+00:00,Kairos Power,2,Electrical Engineering Internship - Summer 2027,"Alameda, CA, Albuquerque, NM or Oak Ridge, TN ",target,6,greenhouse:kairospower,https://job-boards.greenhouse.io/kairospower/jobs/6123657004
2026-07-30T19:14:47.654252+00:00,2026-07-23T22:04:30+00:00,Kairos Power,2,Nuclear Engineering Internship - Summer 2027 ,"Alameda, CA, Albuquerque, NM, Oak Ridge, TN",target,11,greenhouse:kairospower,https://job-boards.greenhouse.io/kairospower/jobs/6123830004
2026-07-30T19:14:47.654252+00:00,2026-06-11T17:51:24+00:00,Anduril,1,2027 Manufacturing Engineer Intern,"Atlanta, Georgia, United States; Boston, Massachusetts, United States; Costa Mesa, California, United States; Irvine, California, United States; Seattle, Washington, United States",target,11,greenhouse:andurilindustries,https://boards.greenhouse.io/andurilindustries/jobs/5153218007?gh_jid=5153218007
2026-07-30T19:14:47.654252+00:00,2026-06-11T17:00:56+00:00,Anduril,1,2027 Electrical Engineer Intern,"Atlanta, Georgia, United States; Boston, Massachusetts, United States; Costa Mesa, California, United States; Irvine, California, United States; Reston, Virginia, United States; Seattle, Washington, United States",target,8,greenhouse:andurilindustries,https://boards.greenhouse.io/andurilindustries/jobs/5148101007?gh_jid=5148101007
2026-07-30T19:14:47.654252+00:00,2026-06-11T17:34:22+00:00,Anduril,1,2027 Mechanical Engineer Intern,"Atlanta, Georgia, United States; Boston, Massachusetts, United States; Costa Mesa, California, United States; Irvine, California, United States; Reston, Virginia, United States; Seattle, Washington, United States",target,13,greenhouse:andurilindustries,https://boards.greenhouse.io/andurilindustries/jobs/5153187007?gh_jid=5153187007
2026-07-30T19:14:47.654252+00:00,2026-06-09T03:18:35+00:00,Rocket Lab,1,Apprentice Aerospace Technician,"Auckland, NZ",unknown,9,greenhouse:rocketlab,https://job-boards.greenhouse.io/rocketlab/jobs/7712642003
2026-07-30T19:14:47.654252+00:00,2026-07-28T18:27:09.057000+00:00,Skydio,1,Product Design Engineer Intern,"San Mateo, California, United States",assumed,9,ashby:skydio,https://jobs.ashbyhq.com/skydio/ce482813-99c2-4eaa-a165-2ed201249182
2026-07-30T19:14:47.654252+00:00,2026-07-28T18:35:36.967000+00:00,Skydio,1,Electrical Engineer Intern,"San Mateo, California, United States",assumed,6,ashby:skydio,https://jobs.ashbyhq.com/skydio/9ac944bc-89da-44bb-bf9c-3b9922e7cbee
2026-07-30T19:14:47.654252+00:00,,Apple,2,Hardware Undergrad Engineering Internship,,assumed,4,sndsh-2027,https://jobs.apple.com/en-us/details/200663981-3810/hardware-undergrad-engineering-internships
2026-07-30T19:14:47.654252+00:00,,Bosch Group,9,Powertrain Controls Software Engineer...,"Farmington Hills, MI",assumed,4,zapply-2027,https://jobs.smartrecruiters.com/BoschGroup/744000140089589
2026-07-30T19:14:47.654252+00:00,,BorgWarner,3,Mechanical Engineering Intern – Adv. ...,Michigan,unknown,5,zapply-2027,https://borgwarner.wd5.myworkdayjobs.com/BorgWarner_Careers/job/Auburn-Hills---Michigan---USA/Mechanical-Engineering-Intern---Adv-Engineering---PDS--Year-Round-_R2026-2137
2026-07-30T19:14:47.654252+00:00,,Apple,2,Hardware Undergrad Engineering Intern...,United States,assumed,4,zapply-2027,https://jobs.apple.com/en-us/details/200663981/hardware-undergrad-engineering-internships
2026-07-30T19:14:47.654252+00:00,2026-07-30T00:00:00+00:00,Rondo Energy,9,Process and Thermal Performance Intern,"Alameda, CA, United States",assumed,4,jobright-engineering,https://jobright.ai/jobs/info/6a5932c7686b4755d1e0efa4?utm_campaign=1048&utm_source=git
2026-07-30T19:14:47.654252+00:00,,Generac,9,Mechanical Design Engineering Intern,"North Billerica, ...",assumed,7,zapply-2027,https://generac.wd5.myworkdayjobs.com/External/job/North-Billerica-MA---USA/Mechanical-Design-Engineering-Intern_JR14679
2026-07-30T19:14:47.654252+00:00,,Bosch Group,9,Mechanical Design Engineering Intern,"Fort Lauderdale, FL",assumed,7,zapply-2027,https://jobs.smartrecruiters.com/BoschGroup/744000131662039
2026-07-30T19:14:47.654252+00:00,2026-07-30T00:00:00+00:00,"Steel Dynamics, Inc",9,Mechanical Engineering Internship,"Huntington, WV, United States",assumed,4,jobright-engineering,https://jobright.ai/jobs/info/6a58df8a686b4755d1e0ceac?utm_campaign=1048&utm_source=git
2026-07-30T19:14:47.654252+00:00,2026-07-16T00:00:00+00:00,Unison (GE Aerospace),2,Engineering Intern (Summer 2027),"Jacksonville, FL",target,6,sndsh-2027,https://careers.geaerospace.com/global/en/job/GAOGAYGLOBALR5037097EXTERNALENGLOBAL/Unison-Engineering-Intern-Summer-2027
2026-07-30T19:14:47.654252+00:00,2026-07-30T00:00:00+00:00,MetOx International,9,Mechanical Engineering Intern,"Houston, TX, United States",assumed,4,jobright-engineering,https://jobright.ai/jobs/info/6a566536f7517b519ad555e4?utm_campaign=1048&utm_source=git
2026-07-30T19:14:47.654252+00:00,,Huntsman,9,Mechanical Engineering Intern,Texas,assumed,4,zapply-2027,https://huntsman.wd1.myworkdayjobs.com/Huntsman/job/USA---Texas---Houston---The-Woodlands---Corporate-Office/Mechanical-Engineering-Intern_J-020026
2026-07-30T19:14:47.654252+00:00,,Tencent,9,Mechanical Engineering Intern,Bellevue,assumed,4,zapply-2027,https://tencent.wd1.myworkdayjobs.com/Tencent_Careers/job/US-Washington-Bellevue/Mechanical-Engineering-Intern_R107667-1
2026-07-30T19:14:47.654252+00:00,,KION Group,9,Mechanical Engineering Co-Op,Henrietta NY Unit...,assumed,4,zapply-2027,https://kiongroup.wd3.myworkdayjobs.com/kiongroup/job/Henrietta-NY-United-States/Mechanical-Engineering-Co-Op_JR-0094004-1
2026-07-30T19:14:47.654252+00:00,,Human Computer Lab,9,Intern - Mechanical Engineer,San Francisco,assumed,4,zapply-2027,https://jobs.ashbyhq.com/human-computer-lab/63a06836-54f4-4475-9e03-007ce5afc04c/application
2026-07-30T19:14:47.654252+00:00,,Marmon Holdings,9,Mechanical Engineer Intern,United States of ...,assumed,4,zapply-2027,https://marmon.wd501.myworkdayjobs.com/Marmon_MSIP_Internships/job/Remote---United-States-of-America/Mechanical-Engineer-Intern_JR0000036528-1
2026-07-30T19:14:47.654252+00:00,,Lila Sciences,9,"Co-op, Mechanical Engineer","Cambridge, MA USA",assumed,4,zapply-2027,https://job-boards.greenhouse.io/lilasciences/jobs/4284223009
2026-07-30T19:14:47.654252+00:00,,Thornton Tomasetti,9,Mechanical Engineer Co-op,"New York, NY, USA",assumed,4,zapply-2027,https://tt.wd503.myworkdayjobs.com/thorntontomasetti/job/New-York-NY-USA/Mechanical-Engineer-Co-op_R6868
2026-07-30T19:14:47.654252+00:00,,Moog,3,"Intern, Test Engineering","Buffalo, NY",assumed,3,zapply-2027,https://moog.wd5.myworkdayjobs.com/moog_external_career_site/job/Buffalo-NY/Intern--Test-Engineering_R-26-18775
2026-07-30T20:38:03.239238+00:00,2026-07-23T20:03:32+00:00,Kairos Power,2,Mechanical and Manufacturing Engineering Internship - Summer 2027 ,"Alameda, CA, Albuquerque, NM, or Oak Ridge, TN",target,14,greenhouse:kairospower,https://job-boards.greenhouse.io/kairospower/jobs/6123676004
2026-07-30T20:38:03.239238+00:00,2026-07-22T19:11:37+00:00,Kairos Power,2,Chemical and Materials Engineering Internship - Summer 2027,"Alameda, CA, Albuquerque, NM or Oak Ridge, TN ",target,6,greenhouse:kairospower,https://job-boards.greenhouse.io/kairospower/jobs/6122803004
2026-07-30T20:38:03.239238+00:00,2026-07-23T19:46:38+00:00,Kairos Power,2,Electrical Engineering Internship - Summer 2027,"Alameda, CA, Albuquerque, NM or Oak Ridge, TN ",target,6,greenhouse:kairospower,https://job-boards.greenhouse.io/kairospower/jobs/6123657004
2026-07-30T20:38:03.239238+00:00,2026-07-23T22:04:30+00:00,Kairos Power,2,Nuclear Engineering Internship - Summer 2027 ,"Alameda, CA, Albuquerque, NM, Oak Ridge, TN",target,11,greenhouse:kairospower,https://job-boards.greenhouse.io/kairospower/jobs/6123830004
2026-07-30T20:38:03.239238+00:00,2026-06-11T17:51:24+00:00,Anduril,1,2027 Manufacturing Engineer Intern,"Atlanta, Georgia, United States; Boston, Massachusetts, United States; Costa Mesa, California, United States; Irvine, California, United States; Seattle, Washington, United States",target,11,greenhouse:andurilindustries,https://boards.greenhouse.io/andurilindustries/jobs/5153218007?gh_jid=5153218007
2026-07-30T20:38:03.239238+00:00,2026-06-11T17:00:56+00:00,Anduril,1,2027 Electrical Engineer Intern,"Atlanta, Georgia, United States; Boston, Massachusetts, United States; Costa Mesa, California, United States; Irvine, California, United States; Reston, Virginia, United States; Seattle, Washington, United States",target,8,greenhouse:andurilindustries,https://boards.greenhouse.io/andurilindustries/jobs/5148101007?gh_jid=5148101007
2026-07-30T20:38:03.239238+00:00,2026-06-11T17:34:22+00:00,Anduril,1,2027 Mechanical Engineer Intern,"Atlanta, Georgia, United States; Boston, Massachusetts, United States; Costa Mesa, California, United States; Irvine, California, United States; Reston, Virginia, United States; Seattle, Washington, United States",target,13,greenhouse:andurilindustries,https://boards.greenhouse.io/andurilindustries/jobs/5153187007?gh_jid=5153187007
2026-07-30T20:38:03.239238+00:00,2026-06-09T03:18:35+00:00,Rocket Lab,1,Apprentice Aerospace Technician,"Auckland, NZ",unknown,9,greenhouse:rocketlab,https://job-boards.greenhouse.io/rocketlab/jobs/7712642003
2026-07-30T20:38:03.239238+00:00,2026-07-28T18:27:09.057000+00:00,Skydio,1,Product Design Engineer Intern,"San Mateo, California, United States",assumed,9,ashby:skydio,https://jobs.ashbyhq.com/skydio/ce482813-99c2-4eaa-a165-2ed201249182
2026-07-30T20:38:03.239238+00:00,2026-07-28T18:35:36.967000+00:00,Skydio,1,Electrical Engineer Intern,"San Mateo, California, United States",assumed,6,ashby:skydio,https://jobs.ashbyhq.com/skydio/9ac944bc-89da-44bb-bf9c-3b9922e7cbee
2026-07-30T20:38:03.239238+00:00,2026-07-30T00:00:00+00:00,National Laboratory of the Rockies,9,(Associate/Undergraduate) Intern - Carbon Management and Large Energy Systems,United States,assumed,4,jobright-engineering,https://jobright.ai/jobs/info/6a4e7c031544d7246c0d2f56?utm_campaign=1048&utm_source=git
2026-07-30T20:38:03.239238+00:00,2026-07-30T00:00:00+00:00,U.S. AutoForce,9,Mechanical Engineering Intern - U.S. Energy,"Appleton, WI, United States",assumed,4,jobright-engineering,https://jobright.ai/jobs/info/6a6ba4a9acb0a61f9dbc20b9?utm_campaign=1048&utm_source=git
2026-07-30T20:38:03.239238+00:00,,Apple,2,Hardware Undergrad Engineering Internship,,assumed,4,sndsh-2027,https://jobs.apple.com/en-us/details/200663981-3810/hardware-undergrad-engineering-internships
2026-07-30T20:38:03.239238+00:00,,Bosch Group,9,Powertrain Controls Software Engineer...,"Farmington Hills, MI",assumed,4,zapply-2027,https://jobs.smartrecruiters.com/BoschGroup/744000140089589
2026-07-30T20:38:03.239238+00:00,,Carrier Global,9,Thermal Optimization Engineering Inte...,CAG10: ALC,assumed,4,zapply-2027,https://carrier.wd5.myworkdayjobs.com/jobs/job/CAG10-ALC-HQ-1025-Cobb-Place-Boulevard-Kennesaw-GA-30145-USA/Thermal-Optimization-Engineering-Intern---Fall_30204244
2026-07-30T20:38:03.239238+00:00,,BorgWarner,3,Mechanical Engineering Intern – Adv. ...,Michigan,unknown,5,zapply-2027,https://borgwarner.wd5.myworkdayjobs.com/BorgWarner_Careers/job/Auburn-Hills---Michigan---USA/Mechanical-Engineering-Intern---Adv-Engineering---PDS--Year-Round-_R2026-2137
2026-07-30T20:38:03.239238+00:00,,Apple,2,Hardware Undergrad Engineering Intern...,United States,assumed,4,zapply-2027,https://jobs.apple.com/en-us/details/200663981/hardware-undergrad-engineering-internships
2026-07-30T20:38:03.239238+00:00,,Applied Materials,3,2026 Process Engineer Co-op - Adv Deg...,"Gloucester,MA",unknown,3,zapply-2027,https://amat.wd1.myworkdayjobs.com/External/job/GloucesterMA/XMLNAME-2026-Process-Engineer-Co-op---Adv-Degree--Gloucester--MA-_R2623409
2026-07-30T20:38:03.239238+00:00,,Generac,9,Mechanical Design Engineering Intern,"North Billerica, ...",assumed,7,zapply-2027,https://generac.wd5.myworkdayjobs.com/External/job/North-Billerica-MA---USA/Mechanical-Design-Engineering-Intern_JR14679
2026-07-30T20:38:03.239238+00:00,,Bosch Group,9,Mechanical Design Engineering Intern,"Fort Lauderdale, FL",assumed,7,zapply-2027,https://jobs.smartrecruiters.com/BoschGroup/744000131662039
2026-07-30T20:38:03.239238+00:00,2026-07-16T00:00:00+00:00,Unison (GE Aerospace),2,Engineering Intern (Summer 2027),"Jacksonville, FL",target,6,sndsh-2027,https://careers.geaerospace.com/global/en/job/GAOGAYGLOBALR5037097EXTERNALENGLOBAL/Unison-Engineering-Intern-Summer-2027
2026-07-30T20:38:03.239238+00:00,,Baxter International,9,Co-op Mechanical Engineering R&D,"Skaneateles, NY",assumed,4,zapply-2027,https://baxter.wd1.myworkdayjobs.com/baxter/job/Skaneateles-NY/Co-op-Mechanical-Engineering-R-D_JR-204658-1
2026-07-30T20:38:03.239238+00:00,2026-07-30T00:00:00+00:00,Arora Engineers,9,Mechanical Engineering Intern,"Chadds Ford, PA, United States",assumed,4,jobright-engineering,https://jobright.ai/jobs/info/6a590b26856af468ab00178f?utm_campaign=1048&utm_source=git
2026-07-30T20:38:03.239238+00:00,2026-07-30T00:00:00+00:00,MetOx International,9,Mechanical Engineering Intern,"Houston, TX, United States",assumed,4,jobright-engineering,https://jobright.ai/jobs/info/6a566536f7517b519ad555e4?utm_campaign=1048&utm_source=git
2026-07-30T20:38:03.239238+00:00,,Huntsman,9,Mechanical Engineering Intern,Texas,assumed,4,zapply-2027,https://huntsman.wd1.myworkdayjobs.com/Huntsman/job/USA---Texas---Houston---The-Woodlands---Corporate-Office/Mechanical-Engineering-Intern_J-020026
2026-07-30T20:38:03.239238+00:00,,Tencent,9,Mechanical Engineering Intern,Bellevue,assumed,4,zapply-2027,https://tencent.wd1.myworkdayjobs.com/Tencent_Careers/job/US-Washington-Bellevue/Mechanical-Engineering-Intern_R107667-1
2026-07-30T20:38:03.239238+00:00,,KION Group,9,Mechanical Engineering Co-Op,Henrietta NY Unit...,assumed,4,zapply-2027,https://kiongroup.wd3.myworkdayjobs.com/kiongroup/job/Henrietta-NY-United-States/Mechanical-Engineering-Co-Op_JR-0094004-1
2026-07-30T20:38:03.239238+00:00,,Human Computer Lab,9,Intern - Mechanical Engineer,San Francisco,assumed,4,zapply-2027,https://jobs.ashbyhq.com/human-computer-lab/63a06836-54f4-4475-9e03-007ce5afc04c/application
2026-07-30T20:38:03.239238+00:00,,Marmon Holdings,9,Mechanical Engineer Intern,United States of ...,assumed,4,zapply-2027,https://marmon.wd501.myworkdayjobs.com/Marmon_MSIP_Internships/job/Remote---United-States-of-America/Mechanical-Engineer-Intern_JR0000036528-1
2026-07-30T20:38:03.239238+00:00,,Lila Sciences,9,"Co-op, Mechanical Engineer","Cambridge, MA USA",assumed,4,zapply-2027,https://job-boards.greenhouse.io/lilasciences/jobs/4284223009
2026-07-30T20:38:03.239238+00:00,,Thornton Tomasetti,9,Mechanical Engineer Co-op,"New York, NY, USA",assumed,4,zapply-2027,https://tt.wd503.myworkdayjobs.com/thorntontomasetti/job/New-York-NY-USA/Mechanical-Engineer-Co-op_R6868
2026-07-30T20:38:03.239238+00:00,,Moog,3,"Intern, Test Engineering","Buffalo, NY",assumed,3,zapply-2027,https://moog.wd5.myworkdayjobs.com/moog_external_career_site/job/Buffalo-NY/Intern--Test-Engineering_R-26-18775
2026-07-30T21:48:29.665249+00:00,2026-07-23T20:03:32+00:00,Kairos Power,2,Mechanical and Manufacturing Engineering Internship - Summer 2027 ,"Alameda, CA, Albuquerque, NM, or Oak Ridge, TN",target,14,greenhouse:kairospower,https://job-boards.greenhouse.io/kairospower/jobs/6123676004
2026-07-30T21:48:29.665249+00:00,2026-07-22T19:11:37+00:00,Kairos Power,2,Chemical and Materials Engineering Internship - Summer 2027,"Alameda, CA, Albuquerque, NM or Oak Ridge, TN ",target,6,greenhouse:kairospower,https://job-boards.greenhouse.io/kairospower/jobs/6122803004
2026-07-30T21:48:29.665249+00:00,2026-07-23T19:46:38+00:00,Kairos Power,2,Electrical Engineering Internship - Summer 2027,"Alameda, CA, Albuquerque, NM or Oak Ridge, TN ",target,6,greenhouse:kairospower,https://job-boards.greenhouse.io/kairospower/jobs/6123657004
2026-07-30T21:48:29.665249+00:00,2026-07-23T22:04:30+00:00,Kairos Power,2,Nuclear Engineering Internship - Summer 2027 ,"Alameda, CA, Albuquerque, NM, Oak Ridge, TN",target,11,greenhouse:kairospower,https://job-boards.greenhouse.io/kairospower/jobs/6123830004
2026-07-30T21:48:29.665249+00:00,2026-06-11T17:51:24+00:00,Anduril,1,2027 Manufacturing Engineer Intern,"Atlanta, Georgia, United States; Boston, Massachusetts, United States; Costa Mesa, California, United States; Irvine, California, United States; Seattle, Washington, United States",target,11,greenhouse:andurilindustries,https://boards.greenhouse.io/andurilindustries/jobs/5153218007?gh_jid=5153218007
2026-07-30T21:48:29.665249+00:00,2026-06-11T17:00:56+00:00,Anduril,1,2027 Electrical Engineer Intern,"Atlanta, Georgia, United States; Boston, Massachusetts, United States; Costa Mesa, California, United States; Irvine, California, United States; Reston, Virginia, United States; Seattle, Washington, United States",target,8,greenhouse:andurilindustries,https://boards.greenhouse.io/andurilindustries/jobs/5148101007?gh_jid=5148101007
2026-07-30T21:48:29.665249+00:00,2026-06-11T17:34:22+00:00,Anduril,1,2027 Mechanical Engineer Intern,"Atlanta, Georgia, United States; Boston, Massachusetts, United States; Costa Mesa, California, United States; Irvine, California, United States; Reston, Virginia, United States; Seattle, Washington, United States",target,13,greenhouse:andurilindustries,https://boards.greenhouse.io/andurilindustries/jobs/5153187007?gh_jid=5153187007
2026-07-30T21:48:29.665249+00:00,2026-06-09T03:18:35+00:00,Rocket Lab,1,Apprentice Aerospace Technician,"Auckland, NZ",unknown,9,greenhouse:rocketlab,https://job-boards.greenhouse.io/rocketlab/jobs/7712642003
2026-07-30T21:48:29.665249+00:00,2026-07-28T18:27:09.057000+00:00,Skydio,1,Product Design Engineer Intern,"San Mateo, California, United States",assumed,9,ashby:skydio,https://jobs.ashbyhq.com/skydio/ce482813-99c2-4eaa-a165-2ed201249182
2026-07-30T21:48:29.665249+00:00,2026-07-28T18:35:36.967000+00:00,Skydio,1,Electrical Engineer Intern,"San Mateo, California, United States",assumed,6,ashby:skydio,https://jobs.ashbyhq.com/skydio/9ac944bc-89da-44bb-bf9c-3b9922e7cbee
2026-07-30T21:48:29.665249+00:00,2026-07-30T00:00:00+00:00,National Laboratory of the Rockies,9,(Associate/Undergraduate) Intern - Carbon Management and Large Energy Systems,United States,assumed,4,jobright-engineering,https://jobright.ai/jobs/info/6a4e7c031544d7246c0d2f56?utm_campaign=1048&utm_source=git
2026-07-30T21:48:29.665249+00:00,2026-07-30T00:00:00+00:00,U.S. AutoForce,9,Mechanical Engineering Intern - U.S. Energy,"Appleton, WI, United States",assumed,4,jobright-engineering,https://jobright.ai/jobs/info/6a6ba4a9acb0a61f9dbc20b9?utm_campaign=1048&utm_source=git
2026-07-30T21:48:29.665249+00:00,,Apple,2,Hardware Undergrad Engineering Internship,,assumed,4,sndsh-2027,https://jobs.apple.com/en-us/details/200663981-3810/hardware-undergrad-engineering-internships
2026-07-30T21:48:29.665249+00:00,,Bosch Group,9,Powertrain Controls Software Engineer...,"Farmington Hills, MI",assumed,4,zapply-2027,https://jobs.smartrecruiters.com/BoschGroup/744000140089589
2026-07-30T21:48:29.665249+00:00,,BorgWarner,3,Mechanical Engineering Intern – Adv. ...,Michigan,unknown,5,zapply-2027,https://borgwarner.wd5.myworkdayjobs.com/BorgWarner_Careers/job/Auburn-Hills---Michigan---USA/Mechanical-Engineering-Intern---Adv-Engineering---PDS--Year-Round-_R2026-2137
2026-07-30T21:48:29.665249+00:00,,Apple,2,Hardware Undergrad Engineering Intern...,United States,assumed,4,zapply-2027,https://jobs.apple.com/en-us/details/200663981/hardware-undergrad-engineering-internships
2026-07-30T21:48:29.665249+00:00,,Generac,9,Mechanical Design Engineering Intern,"North Billerica, ...",assumed,7,zapply-2027,https://generac.wd5.myworkdayjobs.com/External/job/North-Billerica-MA---USA/Mechanical-Design-Engineering-Intern_JR14679
2026-07-30T21:48:29.665249+00:00,,Bosch Group,9,Mechanical Design Engineering Intern,"Fort Lauderdale, FL",assumed,7,zapply-2027,https://jobs.smartrecruiters.com/BoschGroup/744000131662039
2026-07-30T21:48:29.665249+00:00,2026-07-16T00:00:00+00:00,Unison (GE Aerospace),2,Engineering Intern (Summer 2027),"Jacksonville, FL",target,6,sndsh-2027,https://careers.geaerospace.com/global/en/job/GAOGAYGLOBALR5037097EXTERNALENGLOBAL/Unison-Engineering-Intern-Summer-2027
2026-07-30T21:48:29.665249+00:00,2026-07-30T00:00:00+00:00,Arora Engineers,9,Mechanical Engineering Intern,"Chadds Ford, PA, United States",assumed,4,jobright-engineering,https://jobright.ai/jobs/info/6a590b26856af468ab00178f?utm_campaign=1048&utm_source=git
2026-07-30T21:48:29.665249+00:00,,Huntsman,9,Mechanical Engineering Intern,Texas,assumed,4,zapply-2027,https://huntsman.wd1.myworkdayjobs.com/Huntsman/job/USA---Texas---Houston---The-Woodlands---Corporate-Office/Mechanical-Engineering-Intern_J-020026
2026-07-30T21:48:29.665249+00:00,,Tencent,9,Mechanical Engineering Intern,Bellevue,assumed,4,zapply-2027,https://tencent.wd1.myworkdayjobs.com/Tencent_Careers/job/US-Washington-Bellevue/Mechanical-Engineering-Intern_R107667-1
2026-07-30T21:48:29.665249+00:00,,KION Group,9,Mechanical Engineering Co-Op,Henrietta NY Unit...,assumed,4,zapply-2027,https://kiongroup.wd3.myworkdayjobs.com/kiongroup/job/Henrietta-NY-United-States/Mechanical-Engineering-Co-Op_JR-0094004-1
2026-07-30T21:48:29.665249+00:00,,Human Computer Lab,9,Intern - Mechanical Engineer,San Francisco,assumed,4,zapply-2027,https://jobs.ashbyhq.com/human-computer-lab/63a06836-54f4-4475-9e03-007ce5afc04c/application
2026-07-30T21:48:29.665249+00:00,,Marmon Holdings,9,Mechanical Engineer Intern,United States of ...,assumed,4,zapply-2027,https://marmon.wd501.myworkdayjobs.com/Marmon_MSIP_Internships/job/Remote---United-States-of-America/Mechanical-Engineer-Intern_JR0000036528-1
2026-07-30T21:48:29.665249+00:00,,Lila Sciences,9,"Co-op, Mechanical Engineer","Cambridge, MA USA",assumed,4,zapply-2027,https://job-boards.greenhouse.io/lilasciences/jobs/4284223009
2026-07-30T21:48:29.665249+00:00,,Thornton Tomasetti,9,Mechanical Engineer Co-op,"New York, NY, USA",assumed,4,zapply-2027,https://tt.wd503.myworkdayjobs.com/thorntontomasetti/job/New-York-NY-USA/Mechanical-Engineer-Co-op_R6868
2026-07-30T21:48:29.665249+00:00,,Moog,3,"Intern, Test Engineering","Buffalo, NY",assumed,3,zapply-2027,https://moog.wd5.myworkdayjobs.com/moog_external_career_site/job/Buffalo-NY/Intern--Test-Engineering_R-26-18775
2026-07-30T23:13:25.298454+00:00,2026-07-23T20:03:32+00:00,Kairos Power,2,Mechanical and Manufacturing Engineering Internship - Summer 2027 ,"Alameda, CA, Albuquerque, NM, or Oak Ridge, TN",target,14,greenhouse:kairospower,https://job-boards.greenhouse.io/kairospower/jobs/6123676004
2026-07-30T23:13:25.298454+00:00,2026-07-22T19:11:37+00:00,Kairos Power,2,Chemical and Materials Engineering Internship - Summer 2027,"Alameda, CA, Albuquerque, NM or Oak Ridge, TN ",target,6,greenhouse:kairospower,https://job-boards.greenhouse.io/kairospower/jobs/6122803004
2026-07-30T23:13:25.298454+00:00,2026-07-23T19:46:38+00:00,Kairos Power,2,Electrical Engineering Internship - Summer 2027,"Alameda, CA, Albuquerque, NM or Oak Ridge, TN ",target,6,greenhouse:kairospower,https://job-boards.greenhouse.io/kairospower/jobs/6123657004
2026-07-30T23:13:25.298454+00:00,2026-07-23T22:04:30+00:00,Kairos Power,2,Nuclear Engineering Internship - Summer 2027 ,"Alameda, CA, Albuquerque, NM, Oak Ridge, TN",target,11,greenhouse:kairospower,https://job-boards.greenhouse.io/kairospower/jobs/6123830004
2026-07-30T23:13:25.298454+00:00,2026-06-11T17:51:24+00:00,Anduril,1,2027 Manufacturing Engineer Intern,"Atlanta, Georgia, United States; Boston, Massachusetts, United States; Costa Mesa, California, United States; Irvine, California, United States; Seattle, Washington, United States",target,11,greenhouse:andurilindustries,https://boards.greenhouse.io/andurilindustries/jobs/5153218007?gh_jid=5153218007
2026-07-30T23:13:25.298454+00:00,2026-06-11T17:00:56+00:00,Anduril,1,2027 Electrical Engineer Intern,"Atlanta, Georgia, United States; Boston, Massachusetts, United States; Costa Mesa, California, United States; Irvine, California, United States; Reston, Virginia, United States; Seattle, Washington, United States",target,8,greenhouse:andurilindustries,https://boards.greenhouse.io/andurilindustries/jobs/5148101007?gh_jid=5148101007
2026-07-30T23:13:25.298454+00:00,2026-06-11T17:34:22+00:00,Anduril,1,2027 Mechanical Engineer Intern,"Atlanta, Georgia, United States; Boston, Massachusetts, United States; Costa Mesa, California, United States; Irvine, California, United States; Reston, Virginia, United States; Seattle, Washington, United States",target,13,greenhouse:andurilindustries,https://boards.greenhouse.io/andurilindustries/jobs/5153187007?gh_jid=5153187007
2026-07-30T23:13:25.298454+00:00,2026-06-09T03:18:35+00:00,Rocket Lab,1,Apprentice Aerospace Technician,"Auckland, NZ",unknown,9,greenhouse:rocketlab,https://job-boards.greenhouse.io/rocketlab/jobs/7712642003
2026-07-30T23:13:25.298454+00:00,2026-07-28T18:27:09.057000+00:00,Skydio,1,Product Design Engineer Intern,"San Mateo, California, United States",assumed,9,ashby:skydio,https://jobs.ashbyhq.com/skydio/ce482813-99c2-4eaa-a165-2ed201249182
2026-07-30T23:13:25.298454+00:00,2026-07-28T18:35:36.967000+00:00,Skydio,1,Electrical Engineer Intern,"San Mateo, California, United States",assumed,6,ashby:skydio,https://jobs.ashbyhq.com/skydio/9ac944bc-89da-44bb-bf9c-3b9922e7cbee
2026-07-30T23:13:25.298454+00:00,2026-07-30T00:00:00+00:00,Marotta Controls,9,"Mechanical Engineering Intern, Space Systems (Summer 2027)","Montville, NJ, United States",target,6,jobright-engineering,https://jobright.ai/jobs/info/6a6bba6032f9300c3a3e0994?utm_campaign=1048&utm_source=git
2026-07-30T23:13:25.298454+00:00,2026-07-30T00:00:00+00:00,U.S. AutoForce,9,Mechanical Engineering Intern - U.S. Energy,"Appleton, WI, United States",assumed,4,jobright-engineering,https://jobright.ai/jobs/info/6a6ba4a9acb0a61f9dbc20b9?utm_campaign=1048&utm_source=git
2026-07-30T23:13:25.298454+00:00,,Apple,2,Hardware Undergrad Engineering Internship,,assumed,4,sndsh-2027,https://jobs.apple.com/en-us/details/200663981-3810/hardware-undergrad-engineering-internships
2026-07-30T23:13:25.298454+00:00,,Bosch Group,9,Powertrain Controls Software Engineer...,"Farmington Hills, MI",assumed,4,zapply-2027,https://jobs.smartrecruiters.com/BoschGroup/744000140089589
2026-07-30T23:13:25.298454+00:00,,BorgWarner,3,Mechanical Engineering Intern – Adv. ...,Michigan,unknown,5,zapply-2027,https://borgwarner.wd5.myworkdayjobs.com/BorgWarner_Careers/job/Auburn-Hills---Michigan---USA/Mechanical-Engineering-Intern---Adv-Engineering---PDS--Year-Round-_R2026-2137
2026-07-30T23:13:25.298454+00:00,,Apple,2,Hardware Undergrad Engineering Intern...,United States,assumed,4,zapply-2027,https://jobs.apple.com/en-us/details/200663981/hardware-undergrad-engineering-internships
2026-07-30T23:13:25.298454+00:00,,Generac,9,Mechanical Design Engineering Intern,"North Billerica, ...",assumed,7,zapply-2027,https://generac.wd5.myworkdayjobs.com/External/job/North-Billerica-MA---USA/Mechanical-Design-Engineering-Intern_JR14679
2026-07-30T23:13:25.298454+00:00,,Bosch Group,9,Mechanical Design Engineering Intern,"Fort Lauderdale, FL",assumed,7,zapply-2027,https://jobs.smartrecruiters.com/BoschGroup/744000131662039
2026-07-30T23:13:25.298454+00:00,2026-07-16T00:00:00+00:00,Unison (GE Aerospace),2,Engineering Intern (Summer 2027),"Jacksonville, FL",target,6,sndsh-2027,https://careers.geaerospace.com/global/en/job/GAOGAYGLOBALR5037097EXTERNALENGLOBAL/Unison-Engineering-Intern-Summer-2027
2026-07-30T23:13:25.298454+00:00,,Huntsman,9,Mechanical Engineering Intern,Texas,assumed,4,zapply-2027,https://huntsman.wd1.myworkdayjobs.com/Huntsman/job/USA---Texas---Houston---The-Woodlands---Corporate-Office/Mechanical-Engineering-Intern_J-020026
2026-07-30T23:13:25.298454+00:00,,Tencent,9,Mechanical Engineering Intern,Bellevue,assumed,4,zapply-2027,https://tencent.wd1.myworkdayjobs.com/Tencent_Careers/job/US-Washington-Bellevue/Mechanical-Engineering-Intern_R107667-1
2026-07-30T23:13:25.298454+00:00,,KION Group,9,Mechanical Engineering Co-Op,Henrietta NY Unit...,assumed,4,zapply-2027,https://kiongroup.wd3.myworkdayjobs.com/kiongroup/job/Henrietta-NY-United-States/Mechanical-Engineering-Co-Op_JR-0094004-1
2026-07-30T23:13:25.298454+00:00,,Human Computer Lab,9,Intern - Mechanical Engineer,San Francisco,assumed,4,zapply-2027,https://jobs.ashbyhq.com/human-computer-lab/63a06836-54f4-4475-9e03-007ce5afc04c/application
2026-07-30T23:13:25.298454+00:00,,Marmon Holdings,9,Mechanical Engineer Intern,United States of ...,assumed,4,zapply-2027,https://marmon.wd501.myworkdayjobs.com/Marmon_MSIP_Internships/job/Remote---United-States-of-America/Mechanical-Engineer-Intern_JR0000036528-1
2026-07-30T23:13:25.298454+00:00,,Lila Sciences,9,"Co-op, Mechanical Engineer","Cambridge, MA USA",assumed,4,zapply-2027,https://job-boards.greenhouse.io/lilasciences/jobs/4284223009
2026-07-30T23:13:25.298454+00:00,,Thornton Tomasetti,9,Mechanical Engineer Co-op,"New York, NY, USA",assumed,4,zapply-2027,https://tt.wd503.myworkdayjobs.com/thorntontomasetti/job/New-York-NY-USA/Mechanical-Engineer-Co-op_R6868
2026-07-30T23:13:25.298454+00:00,,Moog,3,"Intern, Test Engineering","Buffalo, NY",assumed,3,zapply-2027,https://moog.wd5.myworkdayjobs.com/moog_external_career_site/job/Buffalo-NY/Intern--Test-Engineering_R-26-18775
2026-07-31T00:59:23.985394+00:00,2026-07-23T20:03:32+00:00,Kairos Power,2,Mechanical and Manufacturing Engineering Internship - Summer 2027 ,"Alameda, CA, Albuquerque, NM, or Oak Ridge, TN",target,14,greenhouse:kairospower,https://job-boards.greenhouse.io/kairospower/jobs/6123676004
2026-07-31T00:59:23.985394+00:00,2026-07-22T19:11:37+00:00,Kairos Power,2,Chemical and Materials Engineering Internship - Summer 2027,"Alameda, CA, Albuquerque, NM or Oak Ridge, TN ",target,6,greenhouse:kairospower,https://job-boards.greenhouse.io/kairospower/jobs/6122803004
2026-07-31T00:59:23.985394+00:00,2026-07-23T19:46:38+00:00,Kairos Power,2,Electrical Engineering Internship - Summer 2027,"Alameda, CA, Albuquerque, NM or Oak Ridge, TN ",target,6,greenhouse:kairospower,https://job-boards.greenhouse.io/kairospower/jobs/6123657004
2026-07-31T00:59:23.985394+00:00,2026-07-23T22:04:30+00:00,Kairos Power,2,Nuclear Engineering Internship - Summer 2027 ,"Alameda, CA, Albuquerque, NM, Oak Ridge, TN",target,11,greenhouse:kairospower,https://job-boards.greenhouse.io/kairospower/jobs/6123830004
2026-07-31T00:59:23.985394+00:00,2026-06-11T17:51:24+00:00,Anduril,1,2027 Manufacturing Engineer Intern,"Atlanta, Georgia, United States; Boston, Massachusetts, United States; Costa Mesa, California, United States; Irvine, California, United States; Seattle, Washington, United States",target,11,greenhouse:andurilindustries,https://boards.greenhouse.io/andurilindustries/jobs/5153218007?gh_jid=5153218007
2026-07-31T00:59:23.985394+00:00,2026-06-11T17:00:56+00:00,Anduril,1,2027 Electrical Engineer Intern,"Atlanta, Georgia, United States; Boston, Massachusetts, United States; Costa Mesa, California, United States; Irvine, California, United States; Reston, Virginia, United States; Seattle, Washington, United States",target,8,greenhouse:andurilindustries,https://boards.greenhouse.io/andurilindustries/jobs/5148101007?gh_jid=5148101007
2026-07-31T00:59:23.985394+00:00,2026-06-11T17:34:22+00:00,Anduril,1,2027 Mechanical Engineer Intern,"Atlanta, Georgia, United States; Boston, Massachusetts, United States; Costa Mesa, California, United States; Irvine, California, United States; Reston, Virginia, United States; Seattle, Washington, United States",target,13,greenhouse:andurilindustries,https://boards.greenhouse.io/andurilindustries/jobs/5153187007?gh_jid=5153187007
2026-07-31T00:59:23.985394+00:00,2026-06-09T03:18:35+00:00,Rocket Lab,1,Apprentice Aerospace Technician,"Auckland, NZ",unknown,9,greenhouse:rocketlab,https://job-boards.greenhouse.io/rocketlab/jobs/7712642003
2026-07-31T00:59:23.985394+00:00,2026-07-28T18:27:09.057000+00:00,Skydio,1,Product Design Engineer Intern,"San Mateo, California, United States",assumed,9,ashby:skydio,https://jobs.ashbyhq.com/skydio/ce482813-99c2-4eaa-a165-2ed201249182
2026-07-31T00:59:23.985394+00:00,2026-07-28T18:35:36.967000+00:00,Skydio,1,Electrical Engineer Intern,"San Mateo, California, United States",assumed,6,ashby:skydio,https://jobs.ashbyhq.com/skydio/9ac944bc-89da-44bb-bf9c-3b9922e7cbee
2026-07-31T00:59:23.985394+00:00,2026-07-30T00:00:00+00:00,Marotta Controls,9,"Mechanical Engineering Intern, Space Systems (Summer 2027)","Montville, NJ, United States",target,6,jobright-engineering,https://jobright.ai/jobs/info/6a6bba6032f9300c3a3e0994?utm_campaign=1048&utm_source=git
2026-07-31T00:59:23.985394+00:00,,Apple,2,Hardware Undergrad Engineering Internship,,assumed,4,sndsh-2027,https://jobs.apple.com/en-us/details/200663981-3810/hardware-undergrad-engineering-internships
2026-07-31T00:59:23.985394+00:00,2026-07-30T00:00:00+00:00,RTX,2,Mechanical Engineer Intern (Summer 2027),"Marlborough, MA, United States",target,11,jobright-engineering,https://jobright.ai/jobs/info/6a6bc21b57120971bf3a8bd9?utm_campaign=1048&utm_source=git
2026-07-31T00:59:23.985394+00:00,,Bosch Group,9,Powertrain Controls Software Engineer...,"Farmington Hills, MI",assumed,4,zapply-2027,https://jobs.smartrecruiters.com/BoschGroup/744000140089589
2026-07-31T00:59:23.985394+00:00,,BorgWarner,3,Mechanical Engineering Intern – Adv. ...,Michigan,unknown,5,zapply-2027,https://borgwarner.wd5.myworkdayjobs.com/BorgWarner_Careers/job/Auburn-Hills---Michigan---USA/Mechanical-Engineering-Intern---Adv-Engineering---PDS--Year-Round-_R2026-2137
2026-07-31T00:59:23.985394+00:00,,Apple,2,Hardware Undergrad Engineering Intern...,United States,assumed,4,zapply-2027,https://jobs.apple.com/en-us/details/200663981/hardware-undergrad-engineering-internships
2026-07-31T00:59:23.985394+00:00,,Generac,9,Mechanical Design Engineering Intern,"North Billerica, ...",assumed,7,zapply-2027,https://generac.wd5.myworkdayjobs.com/External/job/North-Billerica-MA---USA/Mechanical-Design-Engineering-Intern_JR14679
2026-07-31T00:59:23.985394+00:00,,Bosch Group,9,Mechanical Design Engineering Intern,"Fort Lauderdale, FL",assumed,7,zapply-2027,https://jobs.smartrecruiters.com/BoschGroup/744000131662039
2026-07-31T00:59:23.985394+00:00,2026-07-16T00:00:00+00:00,Unison (GE Aerospace),2,Engineering Intern (Summer 2027),"Jacksonville, FL",target,6,sndsh-2027,https://careers.geaerospace.com/global/en/job/GAOGAYGLOBALR5037097EXTERNALENGLOBAL/Unison-Engineering-Intern-Summer-2027
2026-07-31T00:59:23.985394+00:00,,Huntsman,9,Mechanical Engineering Intern,Texas,assumed,4,zapply-2027,https://huntsman.wd1.myworkdayjobs.com/Huntsman/job/USA---Texas---Houston---The-Woodlands---Corporate-Office/Mechanical-Engineering-Intern_J-020026
2026-07-31T00:59:23.985394+00:00,,Tencent,9,Mechanical Engineering Intern,Bellevue,assumed,4,zapply-2027,https://tencent.wd1.myworkdayjobs.com/Tencent_Careers/job/US-Washington-Bellevue/Mechanical-Engineering-Intern_R107667-1
2026-07-31T00:59:23.985394+00:00,,KION Group,9,Mechanical Engineering Co-Op,Henrietta NY Unit...,assumed,4,zapply-2027,https://kiongroup.wd3.myworkdayjobs.com/kiongroup/job/Henrietta-NY-United-States/Mechanical-Engineering-Co-Op_JR-0094004-1
2026-07-31T00:59:23.985394+00:00,,Human Computer Lab,9,Intern - Mechanical Engineer,San Francisco,assumed,4,zapply-2027,https://jobs.ashbyhq.com/human-computer-lab/63a06836-54f4-4475-9e03-007ce5afc04c/application
2026-07-31T00:59:23.985394+00:00,2026-07-30T00:00:00+00:00,"American Cutting Edge, Inc.",9,Mechanical Engineer Intern,"Miamisburg, OH",assumed,4,jobright-engineering,https://jobright.ai/jobs/info/6a37377b649fdf16292fcd97?utm_campaign=1048&utm_source=git
2026-07-31T00:59:23.985394+00:00,,Marmon Holdings,9,Mechanical Engineer Intern,United States of ...,assumed,4,zapply-2027,https://marmon.wd501.myworkdayjobs.com/Marmon_MSIP_Internships/job/Remote---United-States-of-America/Mechanical-Engineer-Intern_JR0000036528-1
2026-07-31T00:59:23.985394+00:00,,Lila Sciences,9,"Co-op, Mechanical Engineer","Cambridge, MA USA",assumed,4,zapply-2027,https://job-boards.greenhouse.io/lilasciences/jobs/4284223009
2026-07-31T00:59:23.985394+00:00,,Thornton Tomasetti,9,Mechanical Engineer Co-op,"New York, NY, USA",assumed,4,zapply-2027,https://tt.wd503.myworkdayjobs.com/thorntontomasetti/job/New-York-NY-USA/Mechanical-Engineer-Co-op_R6868
2026-07-31T00:59:23.985394+00:00,,Moog,3,"Intern, Test Engineering","Buffalo, NY",assumed,3,zapply-2027,https://moog.wd5.myworkdayjobs.com/moog_external_career_site/job/Buffalo-NY/Intern--Test-Engineering_R-26-18775
2026-07-31T03:35:27.976388+00:00,2026-07-23T20:03:32+00:00,Kairos Power,2,Mechanical and Manufacturing Engineering Internship - Summer 2027 ,"Alameda, CA, Albuquerque, NM, or Oak Ridge, TN",target,14,greenhouse:kairospower,https://job-boards.greenhouse.io/kairospower/jobs/6123676004
2026-07-31T03:35:27.976388+00:00,2026-07-22T19:11:37+00:00,Kairos Power,2,Chemical and Materials Engineering Internship - Summer 2027,"Alameda, CA, Albuquerque, NM or Oak Ridge, TN ",target,6,greenhouse:kairospower,https://job-boards.greenhouse.io/kairospower/jobs/6122803004
2026-07-31T03:35:27.976388+00:00,2026-07-23T19:46:38+00:00,Kairos Power,2,Electrical Engineering Internship - Summer 2027,"Alameda, CA, Albuquerque, NM or Oak Ridge, TN ",target,6,greenhouse:kairospower,https://job-boards.greenhouse.io/kairospower/jobs/6123657004
2026-07-31T03:35:27.976388+00:00,2026-07-23T22:04:30+00:00,Kairos Power,2,Nuclear Engineering Internship - Summer 2027 ,"Alameda, CA, Albuquerque, NM, Oak Ridge, TN",target,11,greenhouse:kairospower,https://job-boards.greenhouse.io/kairospower/jobs/6123830004
2026-07-31T03:35:27.976388+00:00,2026-06-11T17:51:24+00:00,Anduril,1,2027 Manufacturing Engineer Intern,"Atlanta, Georgia, United States; Boston, Massachusetts, United States; Costa Mesa, California, United States; Irvine, California, United States; Seattle, Washington, United States",target,11,greenhouse:andurilindustries,https://boards.greenhouse.io/andurilindustries/jobs/5153218007?gh_jid=5153218007
2026-07-31T03:35:27.976388+00:00,2026-06-11T17:00:56+00:00,Anduril,1,2027 Electrical Engineer Intern,"Atlanta, Georgia, United States; Boston, Massachusetts, United States; Costa Mesa, California, United States; Irvine, California, United States; Reston, Virginia, United States; Seattle, Washington, United States",target,8,greenhouse:andurilindustries,https://boards.greenhouse.io/andurilindustries/jobs/5148101007?gh_jid=5148101007
2026-07-31T03:35:27.976388+00:00,2026-06-11T17:34:22+00:00,Anduril,1,2027 Mechanical Engineer Intern,"Atlanta, Georgia, United States; Boston, Massachusetts, United States; Costa Mesa, California, United States; Irvine, California, United States; Reston, Virginia, United States; Seattle, Washington, United States",target,13,greenhouse:andurilindustries,https://boards.greenhouse.io/andurilindustries/jobs/5153187007?gh_jid=5153187007
2026-07-31T03:35:27.976388+00:00,2026-06-09T03:18:35+00:00,Rocket Lab,1,Apprentice Aerospace Technician,"Auckland, NZ",unknown,9,greenhouse:rocketlab,https://job-boards.greenhouse.io/rocketlab/jobs/7712642003
2026-07-31T03:35:27.976388+00:00,2026-07-28T18:27:09.057000+00:00,Skydio,1,Product Design Engineer Intern,"San Mateo, California, United States",assumed,9,ashby:skydio,https://jobs.ashbyhq.com/skydio/ce482813-99c2-4eaa-a165-2ed201249182
2026-07-31T03:35:27.976388+00:00,2026-07-28T18:35:36.967000+00:00,Skydio,1,Electrical Engineer Intern,"San Mateo, California, United States",assumed,6,ashby:skydio,https://jobs.ashbyhq.com/skydio/9ac944bc-89da-44bb-bf9c-3b9922e7cbee
2026-07-31T03:35:27.976388+00:00,2026-07-30T00:00:00+00:00,Marotta Controls,9,"Mechanical Engineering Intern, Space Systems (Summer 2027)","Montville, NJ, United States",target,6,jobright-engineering,https://jobright.ai/jobs/info/6a6bba6032f9300c3a3e0994?utm_campaign=1048&utm_source=git
2026-07-31T03:35:27.976388+00:00,2026-07-30T00:00:00+00:00,U.S. Energy,9,Mechanical Engineering Intern - U.S. Energy,"Appleton, WI, United States",assumed,4,jobright-engineering,https://jobright.ai/jobs/info/6a6be5ddc00ae03109f8684f?utm_campaign=1048&utm_source=git
2026-07-31T03:35:27.976388+00:00,,Apple,2,Hardware Undergrad Engineering Internship,,assumed,4,sndsh-2027,https://jobs.apple.com/en-us/details/200663981-3810/hardware-undergrad-engineering-internships
2026-07-31T03:35:27.976388+00:00,2026-07-30T00:00:00+00:00,RTX,2,Mechanical Engineer Intern (Summer 2027),"Marlborough, MA, United States",target,11,jobright-engineering,https://jobright.ai/jobs/info/6a6bc21b57120971bf3a8bd9?utm_campaign=1048&utm_source=git
2026-07-31T03:35:27.976388+00:00,,Bosch Group,9,Powertrain Controls Software Engineer...,"Farmington Hills, MI",assumed,4,zapply-2027,https://jobs.smartrecruiters.com/BoschGroup/744000140089589
2026-07-31T03:35:27.976388+00:00,,BorgWarner,3,Mechanical Engineering Intern – Adv. ...,Michigan,unknown,5,zapply-2027,https://borgwarner.wd5.myworkdayjobs.com/BorgWarner_Careers/job/Auburn-Hills---Michigan---USA/Mechanical-Engineering-Intern---Adv-Engineering---PDS--Year-Round-_R2026-2137
2026-07-31T03:35:27.976388+00:00,,Apple,2,Hardware Undergrad Engineering Intern...,United States,assumed,4,zapply-2027,https://jobs.apple.com/en-us/details/200663981/hardware-undergrad-engineering-internships
2026-07-31T03:35:27.976388+00:00,,Generac,9,Mechanical Design Engineering Intern,"North Billerica, ...",assumed,7,zapply-2027,https://generac.wd5.myworkdayjobs.com/External/job/North-Billerica-MA---USA/Mechanical-Design-Engineering-Intern_JR14679
2026-07-31T03:35:27.976388+00:00,,Bosch Group,9,Mechanical Design Engineering Intern,"Fort Lauderdale, FL",assumed,7,zapply-2027,https://jobs.smartrecruiters.com/BoschGroup/744000131662039
2026-07-31T03:35:27.976388+00:00,2026-07-16T00:00:00+00:00,Unison (GE Aerospace),2,Engineering Intern (Summer 2027),"Jacksonville, FL",target,6,sndsh-2027,https://careers.geaerospace.com/global/en/job/GAOGAYGLOBALR5037097EXTERNALENGLOBAL/Unison-Engineering-Intern-Summer-2027
2026-07-31T03:35:27.976388+00:00,,Huntsman,9,Mechanical Engineering Intern,Texas,assumed,4,zapply-2027,https://huntsman.wd1.myworkdayjobs.com/Huntsman/job/USA---Texas---Houston---The-Woodlands---Corporate-Office/Mechanical-Engineering-Intern_J-020026
2026-07-31T03:35:27.976388+00:00,,KION Group,9,Mechanical Engineering Co-Op,Henrietta NY Unit...,assumed,4,zapply-2027,https://kiongroup.wd3.myworkdayjobs.com/kiongroup/job/Henrietta-NY-United-States/Mechanical-Engineering-Co-Op_JR-0094004-1
2026-07-31T03:35:27.976388+00:00,,Human Computer Lab,9,Intern - Mechanical Engineer,San Francisco,assumed,4,zapply-2027,https://jobs.ashbyhq.com/human-computer-lab/63a06836-54f4-4475-9e03-007ce5afc04c/application
2026-07-31T03:35:27.976388+00:00,2026-07-30T00:00:00+00:00,"American Cutting Edge, Inc.",9,Mechanical Engineer Intern,"Miamisburg, OH",assumed,4,jobright-engineering,https://jobright.ai/jobs/info/6a37377b649fdf16292fcd97?utm_campaign=1048&utm_source=git
2026-07-31T03:35:27.976388+00:00,,Marmon Holdings,9,Mechanical Engineer Intern,United States of ...,assumed,4,zapply-2027,https://marmon.wd501.myworkdayjobs.com/Marmon_MSIP_Internships/job/Remote---United-States-of-America/Mechanical-Engineer-Intern_JR0000036528-1
2026-07-31T03:35:27.976388+00:00,,Lila Sciences,9,"Co-op, Mechanical Engineer","Cambridge, MA USA",assumed,4,zapply-2027,https://job-boards.greenhouse.io/lilasciences/jobs/4284223009
2026-07-31T03:35:27.976388+00:00,,Thornton Tomasetti,9,Mechanical Engineer Co-op,"New York, NY, USA",assumed,4,zapply-2027,https://tt.wd503.myworkdayjobs.com/thorntontomasetti/job/New-York-NY-USA/Mechanical-Engineer-Co-op_R6868
2026-07-31T03:35:27.976388+00:00,,Moog,3,"Intern, Test Engineering","Buffalo, NY",assumed,3,zapply-2027,https://moog.wd5.myworkdayjobs.com/moog_external_career_site/job/Buffalo-NY/Intern--Test-Engineering_R-26-18775
2026-07-31T06:32:58.702420+00:00,2026-07-23T20:03:32+00:00,Kairos Power,2,Mechanical and Manufacturing Engineering Internship - Summer 2027 ,"Alameda, CA, Albuquerque, NM, or Oak Ridge, TN",target,14,greenhouse:kairospower,https://job-boards.greenhouse.io/kairospower/jobs/6123676004
2026-07-31T06:32:58.702420+00:00,2026-07-22T19:11:37+00:00,Kairos Power,2,Chemical and Materials Engineering Internship - Summer 2027,"Alameda, CA, Albuquerque, NM or Oak Ridge, TN ",target,6,greenhouse:kairospower,https://job-boards.greenhouse.io/kairospower/jobs/6122803004
2026-07-31T06:32:58.702420+00:00,2026-07-23T19:46:38+00:00,Kairos Power,2,Electrical Engineering Internship - Summer 2027,"Alameda, CA, Albuquerque, NM or Oak Ridge, TN ",target,6,greenhouse:kairospower,https://job-boards.greenhouse.io/kairospower/jobs/6123657004
2026-07-31T06:32:58.702420+00:00,2026-07-23T22:04:30+00:00,Kairos Power,2,Nuclear Engineering Internship - Summer 2027 ,"Alameda, CA, Albuquerque, NM, Oak Ridge, TN",target,11,greenhouse:kairospower,https://job-boards.greenhouse.io/kairospower/jobs/6123830004
2026-07-31T06:32:58.702420+00:00,2026-06-11T17:51:24+00:00,Anduril,1,2027 Manufacturing Engineer Intern,"Atlanta, Georgia, United States; Boston, Massachusetts, United States; Costa Mesa, California, United States; Irvine, California, United States; Seattle, Washington, United States",target,11,greenhouse:andurilindustries,https://boards.greenhouse.io/andurilindustries/jobs/5153218007?gh_jid=5153218007
2026-07-31T06:32:58.702420+00:00,2026-06-11T17:00:56+00:00,Anduril,1,2027 Electrical Engineer Intern,"Atlanta, Georgia, United States; Boston, Massachusetts, United States; Costa Mesa, California, United States; Irvine, California, United States; Reston, Virginia, United States; Seattle, Washington, United States",target,8,greenhouse:andurilindustries,https://boards.greenhouse.io/andurilindustries/jobs/5148101007?gh_jid=5148101007
2026-07-31T06:32:58.702420+00:00,2026-06-11T17:34:22+00:00,Anduril,1,2027 Mechanical Engineer Intern,"Atlanta, Georgia, United States; Boston, Massachusetts, United States; Costa Mesa, California, United States; Irvine, California, United States; Reston, Virginia, United States; Seattle, Washington, United States",target,13,greenhouse:andurilindustries,https://boards.greenhouse.io/andurilindustries/jobs/5153187007?gh_jid=5153187007
2026-07-31T06:32:58.702420+00:00,2026-06-09T03:18:35+00:00,Rocket Lab,1,Apprentice Aerospace Technician,"Auckland, NZ",unknown,9,greenhouse:rocketlab,https://job-boards.greenhouse.io/rocketlab/jobs/7712642003
2026-07-31T06:32:58.702420+00:00,2026-07-28T18:27:09.057000+00:00,Skydio,1,Product Design Engineer Intern,"San Mateo, California, United States",assumed,9,ashby:skydio,https://jobs.ashbyhq.com/skydio/ce482813-99c2-4eaa-a165-2ed201249182
2026-07-31T06:32:58.702420+00:00,2026-07-28T18:35:36.967000+00:00,Skydio,1,Electrical Engineer Intern,"San Mateo, California, United States",assumed,6,ashby:skydio,https://jobs.ashbyhq.com/skydio/9ac944bc-89da-44bb-bf9c-3b9922e7cbee
2026-07-31T06:32:58.702420+00:00,2026-07-30T00:00:00+00:00,Karh,9,Power Electronics Engineer (unpaid / co-op summer internship),United States,target,6,jobright-engineering,https://jobright.ai/jobs/info/6a6c09775c54bc4752cec36f?utm_campaign=1048&utm_source=git
2026-07-31T06:32:58.702420+00:00,2026-07-30T00:00:00+00:00,Marotta Controls,9,"Mechanical Engineering Intern, Space Systems (Summer 2027)","Montville, NJ, United States",target,6,jobright-engineering,https://jobright.ai/jobs/info/6a6bba6032f9300c3a3e0994?utm_campaign=1048&utm_source=git
2026-07-31T06:32:58.702420+00:00,2026-07-30T00:00:00+00:00,U.S. Energy,9,Mechanical Engineering Intern - U.S. Energy,"Appleton, WI, United States",assumed,4,jobright-engineering,https://jobright.ai/jobs/info/6a6be5ddc00ae03109f8684f?utm_campaign=1048&utm_source=git
2026-07-31T06:32:58.702420+00:00,,Apple,2,Hardware Undergrad Engineering Internship,,assumed,4,sndsh-2027,https://jobs.apple.com/en-us/details/200663981-3810/hardware-undergrad-engineering-internships
2026-07-31T06:32:58.702420+00:00,,Bosch Group,9,Powertrain Controls Software Engineer...,"Farmington Hills, MI",assumed,4,zapply-2027,https://jobs.smartrecruiters.com/BoschGroup/744000140089589
2026-07-31T06:32:58.702420+00:00,,BorgWarner,3,Mechanical Engineering Intern – Adv. ...,Michigan,unknown,5,zapply-2027,https://borgwarner.wd5.myworkdayjobs.com/BorgWarner_Careers/job/Auburn-Hills---Michigan---USA/Mechanical-Engineering-Intern---Adv-Engineering---PDS--Year-Round-_R2026-2137
2026-07-31T06:32:58.702420+00:00,,Apple,2,Hardware Undergrad Engineering Intern...,United States,assumed,4,zapply-2027,https://jobs.apple.com/en-us/details/200663981/hardware-undergrad-engineering-internships
2026-07-31T06:32:58.702420+00:00,,Applied Materials,3,2026 Process Engineer Co-op - Adv Deg...,"Gloucester,MA",unknown,3,zapply-2027,https://amat.wd1.myworkdayjobs.com/External/job/GloucesterMA/XMLNAME-2026-Process-Engineer-Co-op---Adv-Degree--Gloucester--MA-_R2623409
2026-07-31T06:32:58.702420+00:00,2026-07-30T00:00:00+00:00,GITAI,9,Mechanical Engineering Intern / Co-op,"Torrance, CA, United States",assumed,4,jobright-engineering,https://jobright.ai/jobs/info/6a6c0c5c5c54bc4752cec440?utm_campaign=1048&utm_source=git
2026-07-31T06:32:58.702420+00:00,,Generac,9,Mechanical Design Engineering Intern,"North Billerica, ...",assumed,7,zapply-2027,https://generac.wd5.myworkdayjobs.com/External/job/North-Billerica-MA---USA/Mechanical-Design-Engineering-Intern_JR14679
2026-07-31T06:32:58.702420+00:00,,Bosch Group,9,Mechanical Design Engineering Intern,"Fort Lauderdale, FL",assumed,7,zapply-2027,https://jobs.smartrecruiters.com/BoschGroup/744000131662039
2026-07-31T06:32:58.702420+00:00,2026-07-16T00:00:00+00:00,Unison (GE Aerospace),2,Engineering Intern (Summer 2027),"Jacksonville, FL",target,6,sndsh-2027,https://careers.geaerospace.com/global/en/job/GAOGAYGLOBALR5037097EXTERNALENGLOBAL/Unison-Engineering-Intern-Summer-2027
2026-07-31T06:32:58.702420+00:00,,Huntsman,9,Mechanical Engineering Intern,Texas,assumed,4,zapply-2027,https://huntsman.wd1.myworkdayjobs.com/Huntsman/job/USA---Texas---Houston---The-Woodlands---Corporate-Office/Mechanical-Engineering-Intern_J-020026
2026-07-31T06:32:58.702420+00:00,,KION Group,9,Mechanical Engineering Co-Op,Henrietta NY Unit...,assumed,4,zapply-2027,https://kiongroup.wd3.myworkdayjobs.com/kiongroup/job/Henrietta-NY-United-States/Mechanical-Engineering-Co-Op_JR-0094004-1
2026-07-31T06:32:58.702420+00:00,,Human Computer Lab,9,Intern - Mechanical Engineer,San Francisco,assumed,4,zapply-2027,https://jobs.ashbyhq.com/human-computer-lab/63a06836-54f4-4475-9e03-007ce5afc04c/application
2026-07-31T06:32:58.702420+00:00,2026-07-30T00:00:00+00:00,"American Cutting Edge, Inc.",9,Mechanical Engineer Intern,"Miamisburg, OH",assumed,4,jobright-engineering,https://jobright.ai/jobs/info/6a313f5e2ee3ac1b4beed7bb?utm_campaign=1048&utm_source=git
2026-07-31T06:32:58.702420+00:00,,Marmon Holdings,9,Mechanical Engineer Intern,United States of ...,assumed,4,zapply-2027,https://marmon.wd501.myworkdayjobs.com/Marmon_MSIP_Internships/job/Remote---United-States-of-America/Mechanical-Engineer-Intern_JR0000036528-1
2026-07-31T06:32:58.702420+00:00,,Lila Sciences,9,"Co-op, Mechanical Engineer","Cambridge, MA USA",assumed,4,zapply-2027,https://job-boards.greenhouse.io/lilasciences/jobs/4284223009
2026-07-31T06:32:58.702420+00:00,,Thornton Tomasetti,9,Mechanical Engineer Co-op,"New York, NY, USA",assumed,4,zapply-2027,https://tt.wd503.myworkdayjobs.com/thorntontomasetti/job/New-York-NY-USA/Mechanical-Engineer-Co-op_R6868
2026-07-31T06:32:58.702420+00:00,,Moog,3,"Intern, Test Engineering","Buffalo, NY",assumed,3,zapply-2027,https://moog.wd5.myworkdayjobs.com/moog_external_career_site/job/Buffalo-NY/Intern--Test-Engineering_R-26-18775
2026-07-31T06:40:07.191226+00:00,2026-07-23T20:03:32+00:00,Kairos Power,2,Mechanical and Manufacturing Engineering Internship - Summer 2027 ,"Alameda, CA, Albuquerque, NM, or Oak Ridge, TN",target,14,greenhouse:kairospower,https://job-boards.greenhouse.io/kairospower/jobs/6123676004
2026-07-31T06:40:07.191226+00:00,2026-07-22T19:11:37+00:00,Kairos Power,2,Chemical and Materials Engineering Internship - Summer 2027,"Alameda, CA, Albuquerque, NM or Oak Ridge, TN ",target,6,greenhouse:kairospower,https://job-boards.greenhouse.io/kairospower/jobs/6122803004
2026-07-31T06:40:07.191226+00:00,2026-07-23T19:46:38+00:00,Kairos Power,2,Electrical Engineering Internship - Summer 2027,"Alameda, CA, Albuquerque, NM or Oak Ridge, TN ",target,6,greenhouse:kairospower,https://job-boards.greenhouse.io/kairospower/jobs/6123657004
2026-07-31T06:40:07.191226+00:00,2026-07-23T22:04:30+00:00,Kairos Power,2,Nuclear Engineering Internship - Summer 2027 ,"Alameda, CA, Albuquerque, NM, Oak Ridge, TN",target,11,greenhouse:kairospower,https://job-boards.greenhouse.io/kairospower/jobs/6123830004
2026-07-31T06:40:07.191226+00:00,2026-06-11T17:51:24+00:00,Anduril,1,2027 Manufacturing Engineer Intern,"Atlanta, Georgia, United States; Boston, Massachusetts, United States; Costa Mesa, California, United States; Irvine, California, United States; Seattle, Washington, United States",target,11,greenhouse:andurilindustries,https://boards.greenhouse.io/andurilindustries/jobs/5153218007?gh_jid=5153218007
2026-07-31T06:40:07.191226+00:00,2026-06-11T17:00:56+00:00,Anduril,1,2027 Electrical Engineer Intern,"Atlanta, Georgia, United States; Boston, Massachusetts, United States; Costa Mesa, California, United States; Irvine, California, United States; Reston, Virginia, United States; Seattle, Washington, United States",target,8,greenhouse:andurilindustries,https://boards.greenhouse.io/andurilindustries/jobs/5148101007?gh_jid=5148101007
2026-07-31T06:40:07.191226+00:00,2026-06-11T17:34:22+00:00,Anduril,1,2027 Mechanical Engineer Intern,"Atlanta, Georgia, United States; Boston, Massachusetts, United States; Costa Mesa, California, United States; Irvine, California, United States; Reston, Virginia, United States; Seattle, Washington, United States",target,13,greenhouse:andurilindustries,https://boards.greenhouse.io/andurilindustries/jobs/5153187007?gh_jid=5153187007
2026-07-31T06:40:07.191226+00:00,2026-06-09T03:18:35+00:00,Rocket Lab,1,Apprentice Aerospace Technician,"Auckland, NZ",unknown,9,greenhouse:rocketlab,https://job-boards.greenhouse.io/rocketlab/jobs/7712642003
2026-07-31T06:40:07.191226+00:00,2026-07-28T18:27:09.057000+00:00,Skydio,1,Product Design Engineer Intern,"San Mateo, California, United States",assumed,9,ashby:skydio,https://jobs.ashbyhq.com/skydio/ce482813-99c2-4eaa-a165-2ed201249182
2026-07-31T06:40:07.191226+00:00,2026-07-28T18:35:36.967000+00:00,Skydio,1,Electrical Engineer Intern,"San Mateo, California, United States",assumed,6,ashby:skydio,https://jobs.ashbyhq.com/skydio/9ac944bc-89da-44bb-bf9c-3b9922e7cbee
2026-07-31T06:40:07.191226+00:00,2026-07-30T00:00:00+00:00,Karh,9,Power Electronics Engineer (unpaid / co-op summer internship),United States,target,6,jobright-engineering,https://jobright.ai/jobs/info/6a6c09775c54bc4752cec36f?utm_campaign=1048&utm_source=git
2026-07-31T06:40:07.191226+00:00,2026-07-30T00:00:00+00:00,Marotta Controls,9,"Mechanical Engineering Intern, Space Systems (Summer 2027)","Montville, NJ, United States",target,6,jobright-engineering,https://jobright.ai/jobs/info/6a6bba6032f9300c3a3e0994?utm_campaign=1048&utm_source=git
2026-07-31T06:40:07.191226+00:00,2026-07-30T00:00:00+00:00,U.S. Energy,9,Mechanical Engineering Intern - U.S. Energy,"Appleton, WI, United States",assumed,4,jobright-engineering,https://jobright.ai/jobs/info/6a6be5ddc00ae03109f8684f?utm_campaign=1048&utm_source=git
2026-07-31T06:40:07.191226+00:00,,Apple,2,Hardware Undergrad Engineering Internship,,assumed,4,sndsh-2027,https://jobs.apple.com/en-us/details/200663981-3810/hardware-undergrad-engineering-internships
2026-07-31T06:40:07.191226+00:00,,Bosch Group,9,Powertrain Controls Software Engineer...,"Farmington Hills, MI",assumed,4,zapply-2027,https://jobs.smartrecruiters.com/BoschGroup/744000140089589
2026-07-31T06:40:07.191226+00:00,,BorgWarner,3,Mechanical Engineering Intern – Adv. ...,Michigan,unknown,5,zapply-2027,https://borgwarner.wd5.myworkdayjobs.com/BorgWarner_Careers/job/Auburn-Hills---Michigan---USA/Mechanical-Engineering-Intern---Adv-Engineering---PDS--Year-Round-_R2026-2137
2026-07-31T06:40:07.191226+00:00,,Apple,2,Hardware Undergrad Engineering Intern...,United States,assumed,4,zapply-2027,https://jobs.apple.com/en-us/details/200663981/hardware-undergrad-engineering-internships
2026-07-31T06:40:07.191226+00:00,2026-07-30T00:00:00+00:00,GITAI,9,Mechanical Engineering Intern / Co-op,"Torrance, CA, United States",assumed,4,jobright-engineering,https://jobright.ai/jobs/info/6a6c0c5c5c54bc4752cec440?utm_campaign=1048&utm_source=git
2026-07-31T06:40:07.191226+00:00,,Generac,9,Mechanical Design Engineering Intern,"North Billerica, ...",assumed,7,zapply-2027,https://generac.wd5.myworkdayjobs.com/External/job/North-Billerica-MA---USA/Mechanical-Design-Engineering-Intern_JR14679
2026-07-31T06:40:07.191226+00:00,,Bosch Group,9,Mechanical Design Engineering Intern,"Fort Lauderdale, FL",assumed,7,zapply-2027,https://jobs.smartrecruiters.com/BoschGroup/744000131662039
2026-07-31T06:40:07.191226+00:00,2026-07-16T00:00:00+00:00,Unison (GE Aerospace),2,Engineering Intern (Summer 2027),"Jacksonville, FL",target,6,sndsh-2027,https://careers.geaerospace.com/global/en/job/GAOGAYGLOBALR5037097EXTERNALENGLOBAL/Unison-Engineering-Intern-Summer-2027
2026-07-31T06:40:07.191226+00:00,,Huntsman,9,Mechanical Engineering Intern,Texas,assumed,4,zapply-2027,https://huntsman.wd1.myworkdayjobs.com/Huntsman/job/USA---Texas---Houston---The-Woodlands---Corporate-Office/Mechanical-Engineering-Intern_J-020026
2026-07-31T06:40:07.191226+00:00,,KION Group,9,Mechanical Engineering Co-Op,Henrietta NY Unit...,assumed,4,zapply-2027,https://kiongroup.wd3.myworkdayjobs.com/kiongroup/job/Henrietta-NY-United-States/Mechanical-Engineering-Co-Op_JR-0094004-1
2026-07-31T06:40:07.191226+00:00,,Human Computer Lab,9,Intern - Mechanical Engineer,San Francisco,assumed,4,zapply-2027,https://jobs.ashbyhq.com/human-computer-lab/63a06836-54f4-4475-9e03-007ce5afc04c/application
2026-07-31T06:40:07.191226+00:00,,Marmon Holdings,9,Mechanical Engineer Intern,United States of ...,assumed,4,zapply-2027,https://marmon.wd501.myworkdayjobs.com/Marmon_MSIP_Internships/job/Remote---United-States-of-America/Mechanical-Engineer-Intern_JR0000036528-1
2026-07-31T06:40:07.191226+00:00,,Lila Sciences,9,"Co-op, Mechanical Engineer","Cambridge, MA USA",assumed,4,zapply-2027,https://job-boards.greenhouse.io/lilasciences/jobs/4284223009
2026-07-31T06:40:07.191226+00:00,,Thornton Tomasetti,9,Mechanical Engineer Co-op,"New York, NY, USA",assumed,4,zapply-2027,https://tt.wd503.myworkdayjobs.com/thorntontomasetti/job/New-York-NY-USA/Mechanical-Engineer-Co-op_R6868
2026-07-31T06:40:07.191226+00:00,,Moog,3,"Intern, Test Engineering","Buffalo, NY",assumed,3,zapply-2027,https://moog.wd5.myworkdayjobs.com/moog_external_career_site/job/Buffalo-NY/Intern--Test-Engineering_R-26-18775
2026-07-31T09:40:09.935490+00:00,2026-07-23T20:03:32+00:00,Kairos Power,2,Mechanical and Manufacturing Engineering Internship - Summer 2027 ,"Alameda, CA, Albuquerque, NM, or Oak Ridge, TN",target,14,greenhouse:kairospower,https://job-boards.greenhouse.io/kairospower/jobs/6123676004
2026-07-31T09:40:09.935490+00:00,2026-07-22T19:11:37+00:00,Kairos Power,2,Chemical and Materials Engineering Internship - Summer 2027,"Alameda, CA, Albuquerque, NM or Oak Ridge, TN ",target,6,greenhouse:kairospower,https://job-boards.greenhouse.io/kairospower/jobs/6122803004
2026-07-31T09:40:09.935490+00:00,2026-07-23T19:46:38+00:00,Kairos Power,2,Electrical Engineering Internship - Summer 2027,"Alameda, CA, Albuquerque, NM or Oak Ridge, TN ",target,6,greenhouse:kairospower,https://job-boards.greenhouse.io/kairospower/jobs/6123657004
2026-07-31T09:40:09.935490+00:00,2026-07-23T22:04:30+00:00,Kairos Power,2,Nuclear Engineering Internship - Summer 2027 ,"Alameda, CA, Albuquerque, NM, Oak Ridge, TN",target,11,greenhouse:kairospower,https://job-boards.greenhouse.io/kairospower/jobs/6123830004
2026-07-31T09:40:09.935490+00:00,2026-06-11T17:51:24+00:00,Anduril,1,2027 Manufacturing Engineer Intern,"Atlanta, Georgia, United States; Boston, Massachusetts, United States; Costa Mesa, California, United States; Irvine, California, United States; Seattle, Washington, United States",target,11,greenhouse:andurilindustries,https://boards.greenhouse.io/andurilindustries/jobs/5153218007?gh_jid=5153218007
2026-07-31T09:40:09.935490+00:00,2026-06-11T17:00:56+00:00,Anduril,1,2027 Electrical Engineer Intern,"Atlanta, Georgia, United States; Boston, Massachusetts, United States; Costa Mesa, California, United States; Irvine, California, United States; Reston, Virginia, United States; Seattle, Washington, United States",target,8,greenhouse:andurilindustries,https://boards.greenhouse.io/andurilindustries/jobs/5148101007?gh_jid=5148101007
2026-07-31T09:40:09.935490+00:00,2026-06-11T17:34:22+00:00,Anduril,1,2027 Mechanical Engineer Intern,"Atlanta, Georgia, United States; Boston, Massachusetts, United States; Costa Mesa, California, United States; Irvine, California, United States; Reston, Virginia, United States; Seattle, Washington, United States",target,13,greenhouse:andurilindustries,https://boards.greenhouse.io/andurilindustries/jobs/5153187007?gh_jid=5153187007
2026-07-31T09:40:09.935490+00:00,2026-06-09T03:18:35+00:00,Rocket Lab,1,Apprentice Aerospace Technician,"Auckland, NZ",unknown,9,greenhouse:rocketlab,https://job-boards.greenhouse.io/rocketlab/jobs/7712642003
2026-07-31T09:40:09.935490+00:00,2026-07-28T18:27:09.057000+00:00,Skydio,1,Product Design Engineer Intern,"San Mateo, California, United States",assumed,9,ashby:skydio,https://jobs.ashbyhq.com/skydio/ce482813-99c2-4eaa-a165-2ed201249182
2026-07-31T09:40:09.935490+00:00,2026-07-28T18:35:36.967000+00:00,Skydio,1,Electrical Engineer Intern,"San Mateo, California, United States",assumed,6,ashby:skydio,https://jobs.ashbyhq.com/skydio/9ac944bc-89da-44bb-bf9c-3b9922e7cbee
2026-07-31T09:40:09.935490+00:00,2026-07-30T00:00:00+00:00,Karh,9,Power Electronics Engineer (unpaid / co-op summer internship),United States,target,6,jobright-engineering,https://jobright.ai/jobs/info/6a6c09775c54bc4752cec36f?utm_campaign=1048&utm_source=git
2026-07-31T09:40:09.935490+00:00,2026-07-30T00:00:00+00:00,Marotta Controls,9,"Mechanical Engineering Intern, Space Systems (Summer 2027)","Montville, NJ, United States",target,6,jobright-engineering,https://jobright.ai/jobs/info/6a6bba6032f9300c3a3e0994?utm_campaign=1048&utm_source=git
2026-07-31T09:40:09.935490+00:00,2026-07-30T00:00:00+00:00,U.S. Energy,9,Mechanical Engineering Intern - U.S. Energy,"Appleton, WI, United States",assumed,4,jobright-engineering,https://jobright.ai/jobs/info/6a6be5ddc00ae03109f8684f?utm_campaign=1048&utm_source=git
2026-07-31T09:40:09.935490+00:00,,Apple,2,Hardware Undergrad Engineering Internship,,assumed,4,sndsh-2027,https://jobs.apple.com/en-us/details/200663981-3810/hardware-undergrad-engineering-internships
2026-07-31T09:40:09.935490+00:00,,Bosch Group,9,Powertrain Controls Software Engineer...,"Farmington Hills, MI",assumed,4,zapply-2027,https://jobs.smartrecruiters.com/BoschGroup/744000140089589
2026-07-31T09:40:09.935490+00:00,,BorgWarner,3,Mechanical Engineering Intern – Adv. ...,Michigan,unknown,5,zapply-2027,https://borgwarner.wd5.myworkdayjobs.com/BorgWarner_Careers/job/Auburn-Hills---Michigan---USA/Mechanical-Engineering-Intern---Adv-Engineering---PDS--Year-Round-_R2026-2137
2026-07-31T09:40:09.935490+00:00,,Apple,2,Hardware Undergrad Engineering Intern...,United States,assumed,4,zapply-2027,https://jobs.apple.com/en-us/details/200663981/hardware-undergrad-engineering-internships
2026-07-31T09:40:09.935490+00:00,2026-07-30T00:00:00+00:00,GITAI,9,Mechanical Engineering Intern / Co-op,"Torrance, CA, United States",assumed,4,jobright-engineering,https://jobright.ai/jobs/info/6a6c0c5c5c54bc4752cec440?utm_campaign=1048&utm_source=git
2026-07-31T09:40:09.935490+00:00,,Generac,9,Mechanical Design Engineering Intern,"North Billerica, ...",assumed,7,zapply-2027,https://generac.wd5.myworkdayjobs.com/External/job/North-Billerica-MA---USA/Mechanical-Design-Engineering-Intern_JR14679
2026-07-31T09:40:09.935490+00:00,,Bosch Group,9,Mechanical Design Engineering Intern,"Fort Lauderdale, FL",assumed,7,zapply-2027,https://jobs.smartrecruiters.com/BoschGroup/744000131662039
2026-07-31T09:40:09.935490+00:00,2026-07-16T00:00:00+00:00,Unison (GE Aerospace),2,Engineering Intern (Summer 2027),"Jacksonville, FL",target,6,sndsh-2027,https://careers.geaerospace.com/global/en/job/GAOGAYGLOBALR5037097EXTERNALENGLOBAL/Unison-Engineering-Intern-Summer-2027
2026-07-31T09:40:09.935490+00:00,,Huntsman,9,Mechanical Engineering Intern,Texas,assumed,4,zapply-2027,https://huntsman.wd1.myworkdayjobs.com/Huntsman/job/USA---Texas---Houston---The-Woodlands---Corporate-Office/Mechanical-Engineering-Intern_J-020026
2026-07-31T09:40:09.935490+00:00,,KION Group,9,Mechanical Engineering Co-Op,Henrietta NY Unit...,assumed,4,zapply-2027,https://kiongroup.wd3.myworkdayjobs.com/kiongroup/job/Henrietta-NY-United-States/Mechanical-Engineering-Co-Op_JR-0094004-1
2026-07-31T09:40:09.935490+00:00,,Human Computer Lab,9,Intern - Mechanical Engineer,San Francisco,assumed,4,zapply-2027,https://jobs.ashbyhq.com/human-computer-lab/63a06836-54f4-4475-9e03-007ce5afc04c/application
2026-07-31T09:40:09.935490+00:00,,Marmon Holdings,9,Mechanical Engineer Intern,United States of ...,assumed,4,zapply-2027,https://marmon.wd501.myworkdayjobs.com/Marmon_MSIP_Internships/job/Remote---United-States-of-America/Mechanical-Engineer-Intern_JR0000036528-1
2026-07-31T09:40:09.935490+00:00,,Lila Sciences,9,"Co-op, Mechanical Engineer","Cambridge, MA USA",assumed,4,zapply-2027,https://job-boards.greenhouse.io/lilasciences/jobs/4284223009
2026-07-31T09:40:09.935490+00:00,,Thornton Tomasetti,9,Mechanical Engineer Co-op,"New York, NY, USA",assumed,4,zapply-2027,https://tt.wd503.myworkdayjobs.com/thorntontomasetti/job/New-York-NY-USA/Mechanical-Engineer-Co-op_R6868
2026-07-31T09:40:09.935490+00:00,,Moog,3,"Intern, Test Engineering","Buffalo, NY",assumed,3,zapply-2027,https://moog.wd5.myworkdayjobs.com/moog_external_career_site/job/Buffalo-NY/Intern--Test-Engineering_R-26-18775
2026-07-31T11:55:31.828547+00:00,2026-07-23T20:03:32+00:00,Kairos Power,2,Mechanical and Manufacturing Engineering Internship - Summer 2027 ,"Alameda, CA, Albuquerque, NM, or Oak Ridge, TN",target,14,greenhouse:kairospower,https://job-boards.greenhouse.io/kairospower/jobs/6123676004
2026-07-31T11:55:31.828547+00:00,2026-07-22T19:11:37+00:00,Kairos Power,2,Chemical and Materials Engineering Internship - Summer 2027,"Alameda, CA, Albuquerque, NM or Oak Ridge, TN ",target,6,greenhouse:kairospower,https://job-boards.greenhouse.io/kairospower/jobs/6122803004
2026-07-31T11:55:31.828547+00:00,2026-07-23T19:46:38+00:00,Kairos Power,2,Electrical Engineering Internship - Summer 2027,"Alameda, CA, Albuquerque, NM or Oak Ridge, TN ",target,6,greenhouse:kairospower,https://job-boards.greenhouse.io/kairospower/jobs/6123657004
2026-07-31T11:55:31.828547+00:00,2026-07-23T22:04:30+00:00,Kairos Power,2,Nuclear Engineering Internship - Summer 2027 ,"Alameda, CA, Albuquerque, NM, Oak Ridge, TN",target,11,greenhouse:kairospower,https://job-boards.greenhouse.io/kairospower/jobs/6123830004
2026-07-31T11:55:31.828547+00:00,2026-06-11T17:51:24+00:00,Anduril,1,2027 Manufacturing Engineer Intern,"Atlanta, Georgia, United States; Boston, Massachusetts, United States; Costa Mesa, California, United States; Irvine, California, United States; Seattle, Washington, United States",target,11,greenhouse:andurilindustries,https://boards.greenhouse.io/andurilindustries/jobs/5153218007?gh_jid=5153218007
2026-07-31T11:55:31.828547+00:00,2026-06-11T17:00:56+00:00,Anduril,1,2027 Electrical Engineer Intern,"Atlanta, Georgia, United States; Boston, Massachusetts, United States; Costa Mesa, California, United States; Irvine, California, United States; Reston, Virginia, United States; Seattle, Washington, United States",target,8,greenhouse:andurilindustries,https://boards.greenhouse.io/andurilindustries/jobs/5148101007?gh_jid=5148101007
2026-07-31T11:55:31.828547+00:00,2026-06-11T17:34:22+00:00,Anduril,1,2027 Mechanical Engineer Intern,"Atlanta, Georgia, United States; Boston, Massachusetts, United States; Costa Mesa, California, United States; Irvine, California, United States; Reston, Virginia, United States; Seattle, Washington, United States",target,13,greenhouse:andurilindustries,https://boards.greenhouse.io/andurilindustries/jobs/5153187007?gh_jid=5153187007
2026-07-31T11:55:31.828547+00:00,2026-06-09T03:18:35+00:00,Rocket Lab,1,Apprentice Aerospace Technician,"Auckland, NZ",unknown,9,greenhouse:rocketlab,https://job-boards.greenhouse.io/rocketlab/jobs/7712642003
2026-07-31T11:55:31.828547+00:00,2026-07-28T18:27:09.057000+00:00,Skydio,1,Product Design Engineer Intern,"San Mateo, California, United States",assumed,9,ashby:skydio,https://jobs.ashbyhq.com/skydio/ce482813-99c2-4eaa-a165-2ed201249182
2026-07-31T11:55:31.828547+00:00,2026-07-28T18:35:36.967000+00:00,Skydio,1,Electrical Engineer Intern,"San Mateo, California, United States",assumed,6,ashby:skydio,https://jobs.ashbyhq.com/skydio/9ac944bc-89da-44bb-bf9c-3b9922e7cbee
2026-07-31T11:55:31.828547+00:00,2026-07-31T00:00:00+00:00,BMW Group,9,Manufacturing Engineering / Technical Planning Assembly Chassis & Powertrain Intern,"Spartanburg, SC, United States",assumed,7,jobright-engineering,https://jobright.ai/jobs/info/6a6c5fb7ca1f9338465ff04c?utm_campaign=1048&utm_source=git
2026-07-31T11:55:31.828547+00:00,2026-07-30T00:00:00+00:00,U.S. Energy,9,Mechanical Engineering Intern - U.S. Energy,"Appleton, WI, United States",assumed,4,jobright-engineering,https://jobright.ai/jobs/info/6a6be5ddc00ae03109f8684f?utm_campaign=1048&utm_source=git
2026-07-31T11:55:31.828547+00:00,,Apple,2,Hardware Undergrad Engineering Internship,,assumed,4,sndsh-2027,https://jobs.apple.com/en-us/details/200663981-3810/hardware-undergrad-engineering-internships
2026-07-31T11:55:31.828547+00:00,,Bosch Group,9,Powertrain Controls Software Engineer...,"Farmington Hills, MI",assumed,4,zapply-2027,https://jobs.smartrecruiters.com/BoschGroup/744000140089589
2026-07-31T11:55:31.828547+00:00,,BorgWarner,3,Mechanical Engineering Intern – Adv. ...,Michigan,unknown,5,zapply-2027,https://borgwarner.wd5.myworkdayjobs.com/BorgWarner_Careers/job/Auburn-Hills---Michigan---USA/Mechanical-Engineering-Intern---Adv-Engineering---PDS--Year-Round-_R2026-2137
2026-07-31T11:55:31.828547+00:00,,Apple,2,Hardware Undergrad Engineering Intern...,United States,assumed,4,zapply-2027,https://jobs.apple.com/en-us/details/200663981/hardware-undergrad-engineering-internships
2026-07-31T11:55:31.828547+00:00,,Applied Materials,3,2026 Process Engineer Co-op - Adv Deg...,"Gloucester,MA",unknown,3,zapply-2027,https://amat.wd1.myworkdayjobs.com/External/job/GloucesterMA/XMLNAME-2026-Process-Engineer-Co-op---Adv-Degree--Gloucester--MA-_R2623409
2026-07-31T11:55:31.828547+00:00,2026-07-31T00:00:00+00:00,GITAI,9,Mechanical Engineering Intern / Co-op,"Torrance, CA, United States",assumed,4,jobright-engineering,https://jobright.ai/jobs/info/6a6c0c5c5c54bc4752cec440?utm_campaign=1048&utm_source=git
2026-07-31T11:55:31.828547+00:00,,Generac,9,Mechanical Design Engineering Intern,"North Billerica, ...",assumed,7,zapply-2027,https://generac.wd5.myworkdayjobs.com/External/job/North-Billerica-MA---USA/Mechanical-Design-Engineering-Intern_JR14679
2026-07-31T11:55:31.828547+00:00,,Bosch Group,9,Mechanical Design Engineering Intern,"Fort Lauderdale, FL",assumed,7,zapply-2027,https://jobs.smartrecruiters.com/BoschGroup/744000131662039
2026-07-31T11:55:31.828547+00:00,2026-07-16T00:00:00+00:00,Unison (GE Aerospace),2,Engineering Intern (Summer 2027),"Jacksonville, FL",target,6,sndsh-2027,https://careers.geaerospace.com/global/en/job/GAOGAYGLOBALR5037097EXTERNALENGLOBAL/Unison-Engineering-Intern-Summer-2027
2026-07-31T11:55:31.828547+00:00,,Baxter International,9,Co-op Mechanical Engineering R&D,"Skaneateles, NY",assumed,4,zapply-2027,https://baxter.wd1.myworkdayjobs.com/baxter/job/Skaneateles-NY/Co-op-Mechanical-Engineering-R-D_JR-204658-1
2026-07-31T11:55:31.828547+00:00,,Huntsman,9,Mechanical Engineering Intern,Texas,assumed,4,zapply-2027,https://huntsman.wd1.myworkdayjobs.com/Huntsman/job/USA---Texas---Houston---The-Woodlands---Corporate-Office/Mechanical-Engineering-Intern_J-020026
2026-07-31T11:55:31.828547+00:00,,KION Group,9,Mechanical Engineering Co-Op,Henrietta NY Unit...,assumed,4,zapply-2027,https://kiongroup.wd3.myworkdayjobs.com/kiongroup/job/Henrietta-NY-United-States/Mechanical-Engineering-Co-Op_JR-0094004-1
2026-07-31T11:55:31.828547+00:00,,Human Computer Lab,9,Intern - Mechanical Engineer,San Francisco,assumed,4,zapply-2027,https://jobs.ashbyhq.com/human-computer-lab/63a06836-54f4-4475-9e03-007ce5afc04c/application
2026-07-31T11:55:31.828547+00:00,,Marmon Holdings,9,Mechanical Engineer Intern,United States of ...,assumed,4,zapply-2027,https://marmon.wd501.myworkdayjobs.com/Marmon_MSIP_Internships/job/Remote---United-States-of-America/Mechanical-Engineer-Intern_JR0000036528-1
2026-07-31T11:55:31.828547+00:00,,Lila Sciences,9,"Co-op, Mechanical Engineer","Cambridge, MA USA",assumed,4,zapply-2027,https://job-boards.greenhouse.io/lilasciences/jobs/4284223009
2026-07-31T11:55:31.828547+00:00,,Thornton Tomasetti,9,Mechanical Engineer Co-op,"New York, NY, USA",assumed,4,zapply-2027,https://tt.wd503.myworkdayjobs.com/thorntontomasetti/job/New-York-NY-USA/Mechanical-Engineer-Co-op_R6868
2026-07-31T11:55:31.828547+00:00,,Moog,3,"Intern, Test Engineering","Buffalo, NY",assumed,3,zapply-2027,https://moog.wd5.myworkdayjobs.com/moog_external_career_site/job/Buffalo-NY/Intern--Test-Engineering_R-26-18775
2026-07-31T14:25:50.501413+00:00,2026-07-23T20:03:32+00:00,Kairos Power,2,Mechanical and Manufacturing Engineering Internship - Summer 2027 ,"Alameda, CA, Albuquerque, NM, or Oak Ridge, TN",target,14,greenhouse:kairospower,https://job-boards.greenhouse.io/kairospower/jobs/6123676004
2026-07-31T14:25:50.501413+00:00,2026-07-22T19:11:37+00:00,Kairos Power,2,Chemical and Materials Engineering Internship - Summer 2027,"Alameda, CA, Albuquerque, NM or Oak Ridge, TN ",target,6,greenhouse:kairospower,https://job-boards.greenhouse.io/kairospower/jobs/6122803004
2026-07-31T14:25:50.501413+00:00,2026-07-23T19:46:38+00:00,Kairos Power,2,Electrical Engineering Internship - Summer 2027,"Alameda, CA, Albuquerque, NM or Oak Ridge, TN ",target,6,greenhouse:kairospower,https://job-boards.greenhouse.io/kairospower/jobs/6123657004
2026-07-31T14:25:50.501413+00:00,2026-07-23T22:04:30+00:00,Kairos Power,2,Nuclear Engineering Internship - Summer 2027 ,"Alameda, CA, Albuquerque, NM, Oak Ridge, TN",target,11,greenhouse:kairospower,https://job-boards.greenhouse.io/kairospower/jobs/6123830004
2026-07-31T14:25:50.501413+00:00,2026-06-11T17:51:24+00:00,Anduril,1,2027 Manufacturing Engineer Intern,"Atlanta, Georgia, United States; Boston, Massachusetts, United States; Costa Mesa, California, United States; Irvine, California, United States; Seattle, Washington, United States",target,11,greenhouse:andurilindustries,https://boards.greenhouse.io/andurilindustries/jobs/5153218007?gh_jid=5153218007
2026-07-31T14:25:50.501413+00:00,2026-06-11T17:00:56+00:00,Anduril,1,2027 Electrical Engineer Intern,"Atlanta, Georgia, United States; Boston, Massachusetts, United States; Costa Mesa, California, United States; Irvine, California, United States; Reston, Virginia, United States; Seattle, Washington, United States",target,8,greenhouse:andurilindustries,https://boards.greenhouse.io/andurilindustries/jobs/5148101007?gh_jid=5148101007
2026-07-31T14:25:50.501413+00:00,2026-06-11T17:34:22+00:00,Anduril,1,2027 Mechanical Engineer Intern,"Atlanta, Georgia, United States; Boston, Massachusetts, United States; Costa Mesa, California, United States; Irvine, California, United States; Reston, Virginia, United States; Seattle, Washington, United States",target,13,greenhouse:andurilindustries,https://boards.greenhouse.io/andurilindustries/jobs/5153187007?gh_jid=5153187007
2026-07-31T14:25:50.501413+00:00,2026-06-09T03:18:35+00:00,Rocket Lab,1,Apprentice Aerospace Technician,"Auckland, NZ",unknown,9,greenhouse:rocketlab,https://job-boards.greenhouse.io/rocketlab/jobs/7712642003
2026-07-31T14:25:50.501413+00:00,2026-07-28T18:27:09.057000+00:00,Skydio,1,Product Design Engineer Intern,"San Mateo, California, United States",assumed,9,ashby:skydio,https://jobs.ashbyhq.com/skydio/ce482813-99c2-4eaa-a165-2ed201249182
2026-07-31T14:25:50.501413+00:00,2026-07-28T18:35:36.967000+00:00,Skydio,1,Electrical Engineer Intern,"San Mateo, California, United States",assumed,6,ashby:skydio,https://jobs.ashbyhq.com/skydio/9ac944bc-89da-44bb-bf9c-3b9922e7cbee
2026-07-31T14:25:50.501413+00:00,2026-07-31T00:00:00+00:00,BMW Group,9,Manufacturing Engineering / Technical Planning Assembly Chassis & Powertrain Intern,"Spartanburg, SC, United States",assumed,7,jobright-engineering,https://jobright.ai/jobs/info/6a6c5fb7ca1f9338465ff04c?utm_campaign=1048&utm_source=git
2026-07-31T14:25:50.501413+00:00,2026-07-30T00:00:00+00:00,U.S. Energy,9,Mechanical Engineering Intern - U.S. Energy,"Appleton, WI, United States",assumed,4,jobright-engineering,https://jobright.ai/jobs/info/6a6be5ddc00ae03109f8684f?utm_campaign=1048&utm_source=git
2026-07-31T14:25:50.501413+00:00,,Apple,2,Hardware Undergrad Engineering Internship,,assumed,4,sndsh-2027,https://jobs.apple.com/en-us/details/200663981-3810/hardware-undergrad-engineering-internships
2026-07-31T14:25:50.501413+00:00,,Bosch Group,9,Powertrain Controls Software Engineer...,"Farmington Hills, MI",assumed,4,zapply-2027,https://jobs.smartrecruiters.com/BoschGroup/744000140089589
2026-07-31T14:25:50.501413+00:00,,Carrier Global,9,Thermal Optimization Engineering Inte...,CAG10: ALC,assumed,4,zapply-2027,https://carrier.wd5.myworkdayjobs.com/jobs/job/CAG10-ALC-HQ-1025-Cobb-Place-Boulevard-Kennesaw-GA-30145-USA/Thermal-Optimization-Engineering-Intern---Fall_30204244
2026-07-31T14:25:50.501413+00:00,,BorgWarner,3,Mechanical Engineering Intern – Adv. ...,Michigan,unknown,5,zapply-2027,https://borgwarner.wd5.myworkdayjobs.com/BorgWarner_Careers/job/Auburn-Hills---Michigan---USA/Mechanical-Engineering-Intern---Adv-Engineering---PDS--Year-Round-_R2026-2137
2026-07-31T14:25:50.501413+00:00,,Apple,2,Hardware Undergrad Engineering Intern...,United States,assumed,4,zapply-2027,https://jobs.apple.com/en-us/details/200663981/hardware-undergrad-engineering-internships
2026-07-31T14:25:50.501413+00:00,2026-07-31T00:00:00+00:00,GITAI,9,Mechanical Engineering Intern / Co-op,"Torrance, CA, United States",assumed,4,jobright-engineering,https://jobright.ai/jobs/info/6a6c0c5c5c54bc4752cec440?utm_campaign=1048&utm_source=git
2026-07-31T14:25:50.501413+00:00,,Generac,9,Mechanical Design Engineering Intern,"North Billerica, ...",assumed,7,zapply-2027,https://generac.wd5.myworkdayjobs.com/External/job/North-Billerica-MA---USA/Mechanical-Design-Engineering-Intern_JR14679
2026-07-31T14:25:50.501413+00:00,,Bosch Group,9,Mechanical Design Engineering Intern,"Fort Lauderdale, FL",assumed,7,zapply-2027,https://jobs.smartrecruiters.com/BoschGroup/744000131662039
2026-07-31T14:25:50.501413+00:00,,Penn State University,9,Opto-Mechanical Engineering Intern,Optics,assumed,4,zapply-2027,https://psu.wd1.myworkdayjobs.com/Student/job/Electro-Optics-Center-in-Freeport-PA/Opto-Mechanical-Engineering-Intern_REQ_0000050425
2026-07-31T14:25:50.501413+00:00,2026-07-16T00:00:00+00:00,Unison (GE Aerospace),2,Engineering Intern (Summer 2027),"Jacksonville, FL",target,6,sndsh-2027,https://careers.geaerospace.com/global/en/job/GAOGAYGLOBALR5037097EXTERNALENGLOBAL/Unison-Engineering-Intern-Summer-2027
2026-07-31T14:25:50.501413+00:00,,Huntsman,9,Mechanical Engineering Intern,Texas,assumed,4,zapply-2027,https://huntsman.wd1.myworkdayjobs.com/Huntsman/job/USA---Texas---Houston---The-Woodlands---Corporate-Office/Mechanical-Engineering-Intern_J-020026
2026-07-31T14:25:50.501413+00:00,,KION Group,9,Mechanical Engineering Co-Op,Henrietta NY Unit...,assumed,4,zapply-2027,https://kiongroup.wd3.myworkdayjobs.com/kiongroup/job/Henrietta-NY-United-States/Mechanical-Engineering-Co-Op_JR-0094004-1
2026-07-31T14:25:50.501413+00:00,,Human Computer Lab,9,Intern - Mechanical Engineer,San Francisco,assumed,4,zapply-2027,https://jobs.ashbyhq.com/human-computer-lab/63a06836-54f4-4475-9e03-007ce5afc04c/application
2026-07-31T14:25:50.501413+00:00,,Marmon Holdings,9,Mechanical Engineer Intern,United States of ...,assumed,4,zapply-2027,https://marmon.wd501.myworkdayjobs.com/Marmon_MSIP_Internships/job/Remote---United-States-of-America/Mechanical-Engineer-Intern_JR0000036528-1
2026-07-31T14:25:50.501413+00:00,,Lila Sciences,9,"Co-op, Mechanical Engineer","Cambridge, MA USA",assumed,4,zapply-2027,https://job-boards.greenhouse.io/lilasciences/jobs/4284223009
2026-07-31T14:25:50.501413+00:00,,Thornton Tomasetti,9,Mechanical Engineer Co-op,"New York, NY, USA",assumed,4,zapply-2027,https://tt.wd503.myworkdayjobs.com/thorntontomasetti/job/New-York-NY-USA/Mechanical-Engineer-Co-op_R6868
2026-07-31T14:25:50.501413+00:00,,Moog,3,"Intern, Test Engineering","Buffalo, NY",assumed,3,zapply-2027,https://moog.wd5.myworkdayjobs.com/moog_external_career_site/job/Buffalo-NY/Intern--Test-Engineering_R-26-18775
2026-07-31T16:22:51.365846+00:00,2026-07-23T20:03:32+00:00,Kairos Power,2,Mechanical and Manufacturing Engineering Internship - Summer 2027 ,"Alameda, CA, Albuquerque, NM, or Oak Ridge, TN",target,14,greenhouse:kairospower,https://job-boards.greenhouse.io/kairospower/jobs/6123676004
2026-07-31T16:22:51.365846+00:00,2026-07-22T19:11:37+00:00,Kairos Power,2,Chemical and Materials Engineering Internship - Summer 2027,"Alameda, CA, Albuquerque, NM or Oak Ridge, TN ",target,6,greenhouse:kairospower,https://job-boards.greenhouse.io/kairospower/jobs/6122803004
2026-07-31T16:22:51.365846+00:00,2026-07-23T19:46:38+00:00,Kairos Power,2,Electrical Engineering Internship - Summer 2027,"Alameda, CA, Albuquerque, NM or Oak Ridge, TN ",target,6,greenhouse:kairospower,https://job-boards.greenhouse.io/kairospower/jobs/6123657004
2026-07-31T16:22:51.365846+00:00,2026-07-23T22:04:30+00:00,Kairos Power,2,Nuclear Engineering Internship - Summer 2027 ,"Alameda, CA, Albuquerque, NM, Oak Ridge, TN",target,11,greenhouse:kairospower,https://job-boards.greenhouse.io/kairospower/jobs/6123830004
2026-07-31T16:22:51.365846+00:00,2026-06-11T17:51:24+00:00,Anduril,1,2027 Manufacturing Engineer Intern,"Atlanta, Georgia, United States; Boston, Massachusetts, United States; Costa Mesa, California, United States; Irvine, California, United States; Seattle, Washington, United States",target,11,greenhouse:andurilindustries,https://boards.greenhouse.io/andurilindustries/jobs/5153218007?gh_jid=5153218007
2026-07-31T16:22:51.365846+00:00,2026-06-11T17:00:56+00:00,Anduril,1,2027 Electrical Engineer Intern,"Atlanta, Georgia, United States; Boston, Massachusetts, United States; Costa Mesa, California, United States; Irvine, California, United States; Reston, Virginia, United States; Seattle, Washington, United States",target,8,greenhouse:andurilindustries,https://boards.greenhouse.io/andurilindustries/jobs/5148101007?gh_jid=5148101007
2026-07-31T16:22:51.365846+00:00,2026-06-11T17:34:22+00:00,Anduril,1,2027 Mechanical Engineer Intern,"Atlanta, Georgia, United States; Boston, Massachusetts, United States; Costa Mesa, California, United States; Irvine, California, United States; Reston, Virginia, United States; Seattle, Washington, United States",target,13,greenhouse:andurilindustries,https://boards.greenhouse.io/andurilindustries/jobs/5153187007?gh_jid=5153187007
2026-07-31T16:22:51.365846+00:00,2026-06-09T03:18:35+00:00,Rocket Lab,1,Apprentice Aerospace Technician,"Auckland, NZ",unknown,9,greenhouse:rocketlab,https://job-boards.greenhouse.io/rocketlab/jobs/7712642003
2026-07-31T16:22:51.365846+00:00,2026-07-28T18:27:09.057000+00:00,Skydio,1,Product Design Engineer Intern,"San Mateo, California, United States",assumed,9,ashby:skydio,https://jobs.ashbyhq.com/skydio/ce482813-99c2-4eaa-a165-2ed201249182
2026-07-31T16:22:51.365846+00:00,2026-07-28T18:35:36.967000+00:00,Skydio,1,Electrical Engineer Intern,"San Mateo, California, United States",assumed,6,ashby:skydio,https://jobs.ashbyhq.com/skydio/9ac944bc-89da-44bb-bf9c-3b9922e7cbee
2026-07-31T16:22:51.365846+00:00,2026-07-31T00:00:00+00:00,BMW Group,9,Manufacturing Engineering / Technical Planning Assembly Chassis & Powertrain Intern,"Spartanburg, SC, United States",assumed,7,jobright-engineering,https://jobright.ai/jobs/info/6a6c5fb7ca1f9338465ff04c?utm_campaign=1048&utm_source=git
2026-07-31T16:22:51.365846+00:00,2026-07-30T00:00:00+00:00,U.S. Energy,9,Mechanical Engineering Intern - U.S. Energy,"Appleton, WI, United States",assumed,4,jobright-engineering,https://jobright.ai/jobs/info/6a6be5ddc00ae03109f8684f?utm_campaign=1048&utm_source=git
2026-07-31T16:22:51.365846+00:00,,Apple,2,Hardware Undergrad Engineering Internship,,assumed,4,sndsh-2027,https://jobs.apple.com/en-us/details/200663981-3810/hardware-undergrad-engineering-internships
2026-07-31T16:22:51.365846+00:00,,Bosch Group,9,Powertrain Controls Software Engineer...,"Farmington Hills, MI",assumed,4,zapply-2027,https://jobs.smartrecruiters.com/BoschGroup/744000140089589
2026-07-31T16:22:51.365846+00:00,,Carrier Global,9,Thermal Optimization Engineering Inte...,CAG10: ALC,assumed,4,zapply-2027,https://carrier.wd5.myworkdayjobs.com/jobs/job/CAG10-ALC-HQ-1025-Cobb-Place-Boulevard-Kennesaw-GA-30145-USA/Thermal-Optimization-Engineering-Intern---Fall_30204244
2026-07-31T16:22:51.365846+00:00,,BorgWarner,3,Mechanical Engineering Intern – Adv. ...,Michigan,unknown,5,zapply-2027,https://borgwarner.wd5.myworkdayjobs.com/BorgWarner_Careers/job/Auburn-Hills---Michigan---USA/Mechanical-Engineering-Intern---Adv-Engineering---PDS--Year-Round-_R2026-2137
2026-07-31T16:22:51.365846+00:00,,Apple,2,Hardware Undergrad Engineering Intern...,United States,assumed,4,zapply-2027,https://jobs.apple.com/en-us/details/200663981/hardware-undergrad-engineering-internships
2026-07-31T16:22:51.365846+00:00,2026-07-31T00:00:00+00:00,GITAI,9,Mechanical Engineering Intern / Co-op,"Torrance, CA, United States",assumed,4,jobright-engineering,https://jobright.ai/jobs/info/6a6c0c5c5c54bc4752cec440?utm_campaign=1048&utm_source=git
2026-07-31T16:22:51.365846+00:00,,Generac,9,Mechanical Design Engineering Intern,"North Billerica, ...",assumed,7,zapply-2027,https://generac.wd5.myworkdayjobs.com/External/job/North-Billerica-MA---USA/Mechanical-Design-Engineering-Intern_JR14679
2026-07-31T16:22:51.365846+00:00,,Bosch Group,9,Mechanical Design Engineering Intern,"Fort Lauderdale, FL",assumed,7,zapply-2027,https://jobs.smartrecruiters.com/BoschGroup/744000131662039
2026-07-31T16:22:51.365846+00:00,2026-07-16T00:00:00+00:00,Unison (GE Aerospace),2,Engineering Intern (Summer 2027),"Jacksonville, FL",target,6,sndsh-2027,https://careers.geaerospace.com/global/en/job/GAOGAYGLOBALR5037097EXTERNALENGLOBAL/Unison-Engineering-Intern-Summer-2027
2026-07-31T16:22:51.365846+00:00,,Huntsman,9,Mechanical Engineering Intern,Texas,assumed,4,zapply-2027,https://huntsman.wd1.myworkdayjobs.com/Huntsman/job/USA---Texas---Houston---The-Woodlands---Corporate-Office/Mechanical-Engineering-Intern_J-020026
2026-07-31T16:22:51.365846+00:00,,KION Group,9,Mechanical Engineering Co-Op,Henrietta NY Unit...,assumed,4,zapply-2027,https://kiongroup.wd3.myworkdayjobs.com/kiongroup/job/Henrietta-NY-United-States/Mechanical-Engineering-Co-Op_JR-0094004-1
2026-07-31T16:22:51.365846+00:00,,Human Computer Lab,9,Intern - Mechanical Engineer,San Francisco,assumed,4,zapply-2027,https://jobs.ashbyhq.com/human-computer-lab/63a06836-54f4-4475-9e03-007ce5afc04c/application
2026-07-31T16:22:51.365846+00:00,,Marmon Holdings,9,Mechanical Engineer Intern,United States of ...,assumed,4,zapply-2027,https://marmon.wd501.myworkdayjobs.com/Marmon_MSIP_Internships/job/Remote---United-States-of-America/Mechanical-Engineer-Intern_JR0000036528-1
2026-07-31T16:22:51.365846+00:00,,Lila Sciences,9,"Co-op, Mechanical Engineer","Cambridge, MA USA",assumed,4,zapply-2027,https://job-boards.greenhouse.io/lilasciences/jobs/4284223009
2026-07-31T16:22:51.365846+00:00,,Thornton Tomasetti,9,Mechanical Engineer Co-op,"New York, NY, USA",assumed,4,zapply-2027,https://tt.wd503.myworkdayjobs.com/thorntontomasetti/job/New-York-NY-USA/Mechanical-Engineer-Co-op_R6868
2026-07-31T16:22:51.365846+00:00,,Moog,3,"Intern, Test Engineering","Buffalo, NY",assumed,3,zapply-2027,https://moog.wd5.myworkdayjobs.com/moog_external_career_site/job/Buffalo-NY/Intern--Test-Engineering_R-26-18775
2026-07-31T18:09:00.659629+00:00,2026-07-23T20:03:32+00:00,Kairos Power,2,Mechanical and Manufacturing Engineering Internship - Summer 2027 ,"Alameda, CA, Albuquerque, NM, or Oak Ridge, TN",target,14,greenhouse:kairospower,https://job-boards.greenhouse.io/kairospower/jobs/6123676004
2026-07-31T18:09:00.659629+00:00,2026-07-22T19:11:37+00:00,Kairos Power,2,Chemical and Materials Engineering Internship - Summer 2027,"Alameda, CA, Albuquerque, NM or Oak Ridge, TN ",target,6,greenhouse:kairospower,https://job-boards.greenhouse.io/kairospower/jobs/6122803004
2026-07-31T18:09:00.659629+00:00,2026-07-23T19:46:38+00:00,Kairos Power,2,Electrical Engineering Internship - Summer 2027,"Alameda, CA, Albuquerque, NM or Oak Ridge, TN ",target,6,greenhouse:kairospower,https://job-boards.greenhouse.io/kairospower/jobs/6123657004
2026-07-31T18:09:00.659629+00:00,2026-07-23T22:04:30+00:00,Kairos Power,2,Nuclear Engineering Internship - Summer 2027 ,"Alameda, CA, Albuquerque, NM, Oak Ridge, TN",target,11,greenhouse:kairospower,https://job-boards.greenhouse.io/kairospower/jobs/6123830004
2026-07-31T18:09:00.659629+00:00,2026-06-11T17:51:24+00:00,Anduril,1,2027 Manufacturing Engineer Intern,"Atlanta, Georgia, United States; Boston, Massachusetts, United States; Costa Mesa, California, United States; Irvine, California, United States; Seattle, Washington, United States",target,11,greenhouse:andurilindustries,https://boards.greenhouse.io/andurilindustries/jobs/5153218007?gh_jid=5153218007
2026-07-31T18:09:00.659629+00:00,2026-06-11T17:00:56+00:00,Anduril,1,2027 Electrical Engineer Intern,"Atlanta, Georgia, United States; Boston, Massachusetts, United States; Costa Mesa, California, United States; Irvine, California, United States; Reston, Virginia, United States; Seattle, Washington, United States",target,8,greenhouse:andurilindustries,https://boards.greenhouse.io/andurilindustries/jobs/5148101007?gh_jid=5148101007
2026-07-31T18:09:00.659629+00:00,2026-06-11T17:34:22+00:00,Anduril,1,2027 Mechanical Engineer Intern,"Atlanta, Georgia, United States; Boston, Massachusetts, United States; Costa Mesa, California, United States; Irvine, California, United States; Reston, Virginia, United States; Seattle, Washington, United States",target,13,greenhouse:andurilindustries,https://boards.greenhouse.io/andurilindustries/jobs/5153187007?gh_jid=5153187007
2026-07-31T18:09:00.659629+00:00,2026-06-09T03:18:35+00:00,Rocket Lab,1,Apprentice Aerospace Technician,"Auckland, NZ",unknown,9,greenhouse:rocketlab,https://job-boards.greenhouse.io/rocketlab/jobs/7712642003
2026-07-31T18:09:00.659629+00:00,2026-07-28T18:27:09.057000+00:00,Skydio,1,Product Design Engineer Intern,"San Mateo, California, United States",assumed,9,ashby:skydio,https://jobs.ashbyhq.com/skydio/ce482813-99c2-4eaa-a165-2ed201249182
2026-07-31T18:09:00.659629+00:00,2026-07-28T18:35:36.967000+00:00,Skydio,1,Electrical Engineer Intern,"San Mateo, California, United States",assumed,6,ashby:skydio,https://jobs.ashbyhq.com/skydio/9ac944bc-89da-44bb-bf9c-3b9922e7cbee
2026-07-31T18:09:00.659629+00:00,2026-07-31T00:00:00+00:00,Danfoss,9,"Mechanical Engineering Internship, Product Development, Summer 2027","Loves Park, IL, United States",target,6,jobright-engineering,https://jobright.ai/jobs/info/6a6cc7fc32f9300c3a3e50aa?utm_campaign=1048&utm_source=git
2026-07-31T18:09:00.659629+00:00,,Apple,2,Hardware Undergrad Engineering Internship,,assumed,4,sndsh-2027,https://jobs.apple.com/en-us/details/200663981-3810/hardware-undergrad-engineering-internships
2026-07-31T18:09:00.659629+00:00,,Bosch Group,9,Powertrain Controls Software Engineer...,"Farmington Hills, MI",assumed,4,zapply-2027,https://jobs.smartrecruiters.com/BoschGroup/744000140089589
2026-07-31T18:09:00.659629+00:00,,BorgWarner,3,Mechanical Engineering Intern – Adv. ...,Michigan,unknown,5,zapply-2027,https://borgwarner.wd5.myworkdayjobs.com/BorgWarner_Careers/job/Auburn-Hills---Michigan---USA/Mechanical-Engineering-Intern---Adv-Engineering---PDS--Year-Round-_R2026-2137
2026-07-31T18:09:00.659629+00:00,,Apple,2,Hardware Undergrad Engineering Intern...,United States,assumed,4,zapply-2027,https://jobs.apple.com/en-us/details/200663981/hardware-undergrad-engineering-internships
2026-07-31T18:09:00.659629+00:00,,Generac,9,Mechanical Design Engineering Intern,"North Billerica, ...",assumed,7,zapply-2027,https://generac.wd5.myworkdayjobs.com/External/job/North-Billerica-MA---USA/Mechanical-Design-Engineering-Intern_JR14679
2026-07-31T18:09:00.659629+00:00,,Bosch Group,9,Mechanical Design Engineering Intern,"Fort Lauderdale, FL",assumed,7,zapply-2027,https://jobs.smartrecruiters.com/BoschGroup/744000131662039
2026-07-31T18:09:00.659629+00:00,,Penn State University,9,Opto-Mechanical Engineering Intern,Optics,assumed,4,zapply-2027,https://psu.wd1.myworkdayjobs.com/Student/job/Electro-Optics-Center-in-Freeport-PA/Opto-Mechanical-Engineering-Intern_REQ_0000050425
2026-07-31T18:09:00.659629+00:00,2026-07-16T00:00:00+00:00,Unison (GE Aerospace),2,Engineering Intern (Summer 2027),"Jacksonville, FL",target,6,sndsh-2027,https://careers.geaerospace.com/global/en/job/GAOGAYGLOBALR5037097EXTERNALENGLOBAL/Unison-Engineering-Intern-Summer-2027
2026-07-31T18:09:00.659629+00:00,,Baxter International,9,Co-op Mechanical Engineering R&D,"Skaneateles, NY",assumed,4,zapply-2027,https://baxter.wd1.myworkdayjobs.com/baxter/job/Skaneateles-NY/Co-op-Mechanical-Engineering-R-D_JR-204658-1
2026-07-31T18:09:00.659629+00:00,,Huntsman,9,Mechanical Engineering Intern,Texas,assumed,4,zapply-2027,https://huntsman.wd1.myworkdayjobs.com/Huntsman/job/USA---Texas---Houston---The-Woodlands---Corporate-Office/Mechanical-Engineering-Intern_J-020026
2026-07-31T18:09:00.659629+00:00,,KION Group,9,Mechanical Engineering Co-Op,Henrietta NY Unit...,assumed,4,zapply-2027,https://kiongroup.wd3.myworkdayjobs.com/kiongroup/job/Henrietta-NY-United-States/Mechanical-Engineering-Co-Op_JR-0094004-1
2026-07-31T18:09:00.659629+00:00,,Human Computer Lab,9,Intern - Mechanical Engineer,San Francisco,assumed,4,zapply-2027,https://jobs.ashbyhq.com/human-computer-lab/63a06836-54f4-4475-9e03-007ce5afc04c/application
2026-07-31T18:09:00.659629+00:00,2026-07-31T00:00:00+00:00,Joby Aviation,1,Quality Engineering Intern,"Marina, CA, United States",assumed,6,jobright-engineering,https://jobright.ai/jobs/info/6a4ff384fc327f422fef72f9?utm_campaign=1048&utm_source=git
2026-07-31T18:09:00.659629+00:00,2026-07-31T00:00:00+00:00,Piping Rock Health Products,9,Mechanical Engineer Intern,"Sunrise, FL, United States",assumed,4,jobright-engineering,https://jobright.ai/jobs/info/6a6cb936acb0a61f9dbc6a50?utm_campaign=1048&utm_source=git
2026-07-31T18:09:00.659629+00:00,,Marmon Holdings,9,Mechanical Engineer Intern,United States of ...,assumed,4,zapply-2027,https://marmon.wd501.myworkdayjobs.com/Marmon_MSIP_Internships/job/Remote---United-States-of-America/Mechanical-Engineer-Intern_JR0000036528-1
2026-07-31T18:09:00.659629+00:00,,Lila Sciences,9,"Co-op, Mechanical Engineer","Cambridge, MA USA",assumed,4,zapply-2027,https://job-boards.greenhouse.io/lilasciences/jobs/4284223009
2026-07-31T18:09:00.659629+00:00,,Thornton Tomasetti,9,Mechanical Engineer Co-op,"New York, NY, USA",assumed,4,zapply-2027,https://tt.wd503.myworkdayjobs.com/thorntontomasetti/job/New-York-NY-USA/Mechanical-Engineer-Co-op_R6868
2026-07-31T18:09:00.659629+00:00,,Moog,3,"Intern, Test Engineering","Buffalo, NY",assumed,3,zapply-2027,https://moog.wd5.myworkdayjobs.com/moog_external_career_site/job/Buffalo-NY/Intern--Test-Engineering_R-26-18775
2026-07-31T19:58:00.654948+00:00,2026-07-23T20:03:32+00:00,Kairos Power,2,Mechanical and Manufacturing Engineering Internship - Summer 2027 ,"Alameda, CA, Albuquerque, NM, or Oak Ridge, TN",target,14,greenhouse:kairospower,https://job-boards.greenhouse.io/kairospower/jobs/6123676004
2026-07-31T19:58:00.654948+00:00,2026-07-22T19:11:37+00:00,Kairos Power,2,Chemical and Materials Engineering Internship - Summer 2027,"Alameda, CA, Albuquerque, NM or Oak Ridge, TN ",target,6,greenhouse:kairospower,https://job-boards.greenhouse.io/kairospower/jobs/6122803004
2026-07-31T19:58:00.654948+00:00,2026-07-23T19:46:38+00:00,Kairos Power,2,Electrical Engineering Internship - Summer 2027,"Alameda, CA, Albuquerque, NM or Oak Ridge, TN ",target,6,greenhouse:kairospower,https://job-boards.greenhouse.io/kairospower/jobs/6123657004
2026-07-31T19:58:00.654948+00:00,2026-07-23T22:04:30+00:00,Kairos Power,2,Nuclear Engineering Internship - Summer 2027 ,"Alameda, CA, Albuquerque, NM, Oak Ridge, TN",target,11,greenhouse:kairospower,https://job-boards.greenhouse.io/kairospower/jobs/6123830004
2026-07-31T19:58:00.654948+00:00,2026-06-11T17:51:24+00:00,Anduril,1,2027 Manufacturing Engineer Intern,"Atlanta, Georgia, United States; Boston, Massachusetts, United States; Costa Mesa, California, United States; Irvine, California, United States; Seattle, Washington, United States",target,11,greenhouse:andurilindustries,https://boards.greenhouse.io/andurilindustries/jobs/5153218007?gh_jid=5153218007
2026-07-31T19:58:00.654948+00:00,2026-06-11T17:00:56+00:00,Anduril,1,2027 Electrical Engineer Intern,"Atlanta, Georgia, United States; Boston, Massachusetts, United States; Costa Mesa, California, United States; Irvine, California, United States; Reston, Virginia, United States; Seattle, Washington, United States",target,8,greenhouse:andurilindustries,https://boards.greenhouse.io/andurilindustries/jobs/5148101007?gh_jid=5148101007
2026-07-31T19:58:00.654948+00:00,2026-06-11T17:34:22+00:00,Anduril,1,2027 Mechanical Engineer Intern,"Atlanta, Georgia, United States; Boston, Massachusetts, United States; Costa Mesa, California, United States; Irvine, California, United States; Reston, Virginia, United States; Seattle, Washington, United States",target,13,greenhouse:andurilindustries,https://boards.greenhouse.io/andurilindustries/jobs/5153187007?gh_jid=5153187007
2026-07-31T19:58:00.654948+00:00,2026-06-09T03:18:35+00:00,Rocket Lab,1,Apprentice Aerospace Technician,"Auckland, NZ",unknown,9,greenhouse:rocketlab,https://job-boards.greenhouse.io/rocketlab/jobs/7712642003
2026-07-31T19:58:00.654948+00:00,2026-07-28T18:27:09.057000+00:00,Skydio,1,Product Design Engineer Intern,"San Mateo, California, United States",assumed,9,ashby:skydio,https://jobs.ashbyhq.com/skydio/ce482813-99c2-4eaa-a165-2ed201249182
2026-07-31T19:58:00.654948+00:00,2026-07-28T18:35:36.967000+00:00,Skydio,1,Electrical Engineer Intern,"San Mateo, California, United States",assumed,6,ashby:skydio,https://jobs.ashbyhq.com/skydio/9ac944bc-89da-44bb-bf9c-3b9922e7cbee
2026-07-31T19:58:00.654948+00:00,2026-07-31T00:00:00+00:00,Danfoss,9,"Mechanical Engineering Internship, Product Development, Summer 2027","Loves Park, IL, United States",target,6,jobright-engineering,https://jobright.ai/jobs/info/6a6cc7fc32f9300c3a3e50aa?utm_campaign=1048&utm_source=git
2026-07-31T19:58:00.654948+00:00,,Apple,2,Hardware Undergrad Engineering Internship,,assumed,4,sndsh-2027,https://jobs.apple.com/en-us/details/200663981-3810/hardware-undergrad-engineering-internships
2026-07-31T19:58:00.654948+00:00,,Bosch Group,9,Powertrain Controls Software Engineer...,"Farmington Hills, MI",assumed,4,zapply-2027,https://jobs.smartrecruiters.com/BoschGroup/744000140089589
2026-07-31T19:58:00.654948+00:00,,Carrier Global,9,Thermal Optimization Engineering Inte...,CAG10: ALC,assumed,4,zapply-2027,https://carrier.wd5.myworkdayjobs.com/jobs/job/CAG10-ALC-HQ-1025-Cobb-Place-Boulevard-Kennesaw-GA-30145-USA/Thermal-Optimization-Engineering-Intern---Fall_30204244
2026-07-31T19:58:00.654948+00:00,,BorgWarner,3,Mechanical Engineering Intern – Adv. ...,Michigan,unknown,5,zapply-2027,https://borgwarner.wd5.myworkdayjobs.com/BorgWarner_Careers/job/Auburn-Hills---Michigan---USA/Mechanical-Engineering-Intern---Adv-Engineering---PDS--Year-Round-_R2026-2137
2026-07-31T19:58:00.654948+00:00,,Apple,2,Hardware Undergrad Engineering Intern...,United States,assumed,4,zapply-2027,https://jobs.apple.com/en-us/details/200663981/hardware-undergrad-engineering-internships
2026-07-31T19:58:00.654948+00:00,,Generac,9,Mechanical Design Engineering Intern,"North Billerica, ...",assumed,7,zapply-2027,https://generac.wd5.myworkdayjobs.com/External/job/North-Billerica-MA---USA/Mechanical-Design-Engineering-Intern_JR14679
2026-07-31T19:58:00.654948+00:00,,Bosch Group,9,Mechanical Design Engineering Intern,"Fort Lauderdale, FL",assumed,7,zapply-2027,https://jobs.smartrecruiters.com/BoschGroup/744000131662039
2026-07-31T19:58:00.654948+00:00,2026-07-16T00:00:00+00:00,Unison (GE Aerospace),2,Engineering Intern (Summer 2027),"Jacksonville, FL",target,6,sndsh-2027,https://careers.geaerospace.com/global/en/job/GAOGAYGLOBALR5037097EXTERNALENGLOBAL/Unison-Engineering-Intern-Summer-2027
2026-07-31T19:58:00.654948+00:00,,Huntsman,9,Mechanical Engineering Intern,Texas,assumed,4,zapply-2027,https://huntsman.wd1.myworkdayjobs.com/Huntsman/job/USA---Texas---Houston---The-Woodlands---Corporate-Office/Mechanical-Engineering-Intern_J-020026
2026-07-31T19:58:00.654948+00:00,,KION Group,9,Mechanical Engineering Co-Op,Henrietta NY Unit...,assumed,4,zapply-2027,https://kiongroup.wd3.myworkdayjobs.com/kiongroup/job/Henrietta-NY-United-States/Mechanical-Engineering-Co-Op_JR-0094004-1
2026-07-31T19:58:00.654948+00:00,,Human Computer Lab,9,Intern - Mechanical Engineer,San Francisco,assumed,4,zapply-2027,https://jobs.ashbyhq.com/human-computer-lab/63a06836-54f4-4475-9e03-007ce5afc04c/application
2026-07-31T19:58:00.654948+00:00,2026-07-31T00:00:00+00:00,Joby Aviation,1,Quality Engineering Intern,"Marina, CA, United States",assumed,6,jobright-engineering,https://jobright.ai/jobs/info/6a4ff384fc327f422fef72f9?utm_campaign=1048&utm_source=git
2026-07-31T19:58:00.654948+00:00,2026-07-31T00:00:00+00:00,Piping Rock Health Products,9,Mechanical Engineer Intern,"Sunrise, FL, United States",assumed,4,jobright-engineering,https://jobright.ai/jobs/info/6a6cb936acb0a61f9dbc6a50?utm_campaign=1048&utm_source=git
2026-07-31T19:58:00.654948+00:00,,Marmon Holdings,9,Mechanical Engineer Intern,United States of ...,assumed,4,zapply-2027,https://marmon.wd501.myworkdayjobs.com/Marmon_MSIP_Internships/job/Remote---United-States-of-America/Mechanical-Engineer-Intern_JR0000036528-1
2026-07-31T19:58:00.654948+00:00,,Lila Sciences,9,"Co-op, Mechanical Engineer","Cambridge, MA USA",assumed,4,zapply-2027,https://job-boards.greenhouse.io/lilasciences/jobs/4284223009
2026-07-31T19:58:00.654948+00:00,,Thornton Tomasetti,9,Mechanical Engineer Co-op,"New York, NY, USA",assumed,4,zapply-2027,https://tt.wd503.myworkdayjobs.com/thorntontomasetti/job/New-York-NY-USA/Mechanical-Engineer-Co-op_R6868
2026-07-31T19:58:00.654948+00:00,,Moog,3,"Intern, Test Engineering","Buffalo, NY",assumed,3,zapply-2027,https://moog.wd5.myworkdayjobs.com/moog_external_career_site/job/Buffalo-NY/Intern--Test-Engineering_R-26-18775
2026-07-31T21:16:27.547609+00:00,2026-07-23T20:03:32+00:00,Kairos Power,2,Mechanical and Manufacturing Engineering Internship - Summer 2027 ,"Alameda, CA, Albuquerque, NM, or Oak Ridge, TN",target,14,greenhouse:kairospower,https://job-boards.greenhouse.io/kairospower/jobs/6123676004
2026-07-31T21:16:27.547609+00:00,2026-07-22T19:11:37+00:00,Kairos Power,2,Chemical and Materials Engineering Internship - Summer 2027,"Alameda, CA, Albuquerque, NM or Oak Ridge, TN ",target,6,greenhouse:kairospower,https://job-boards.greenhouse.io/kairospower/jobs/6122803004
2026-07-31T21:16:27.547609+00:00,2026-07-23T19:46:38+00:00,Kairos Power,2,Electrical Engineering Internship - Summer 2027,"Alameda, CA, Albuquerque, NM or Oak Ridge, TN ",target,6,greenhouse:kairospower,https://job-boards.greenhouse.io/kairospower/jobs/6123657004
2026-07-31T21:16:27.547609+00:00,2026-07-23T22:04:30+00:00,Kairos Power,2,Nuclear Engineering Internship - Summer 2027 ,"Alameda, CA, Albuquerque, NM, Oak Ridge, TN",target,11,greenhouse:kairospower,https://job-boards.greenhouse.io/kairospower/jobs/6123830004
2026-07-31T21:16:27.547609+00:00,2026-06-11T17:51:24+00:00,Anduril,1,2027 Manufacturing Engineer Intern,"Atlanta, Georgia, United States; Boston, Massachusetts, United States; Costa Mesa, California, United States; Irvine, California, United States; Seattle, Washington, United States",target,11,greenhouse:andurilindustries,https://boards.greenhouse.io/andurilindustries/jobs/5153218007?gh_jid=5153218007
2026-07-31T21:16:27.547609+00:00,2026-06-11T17:00:56+00:00,Anduril,1,2027 Electrical Engineer Intern,"Atlanta, Georgia, United States; Boston, Massachusetts, United States; Costa Mesa, California, United States; Irvine, California, United States; Reston, Virginia, United States; Seattle, Washington, United States",target,8,greenhouse:andurilindustries,https://boards.greenhouse.io/andurilindustries/jobs/5148101007?gh_jid=5148101007
2026-07-31T21:16:27.547609+00:00,2026-06-11T17:34:22+00:00,Anduril,1,2027 Mechanical Engineer Intern,"Atlanta, Georgia, United States; Boston, Massachusetts, United States; Costa Mesa, California, United States; Irvine, California, United States; Reston, Virginia, United States; Seattle, Washington, United States",target,13,greenhouse:andurilindustries,https://boards.greenhouse.io/andurilindustries/jobs/5153187007?gh_jid=5153187007
2026-07-31T21:16:27.547609+00:00,2026-06-09T03:18:35+00:00,Rocket Lab,1,Apprentice Aerospace Technician,"Auckland, NZ",unknown,9,greenhouse:rocketlab,https://job-boards.greenhouse.io/rocketlab/jobs/7712642003
2026-07-31T21:16:27.547609+00:00,2026-07-28T18:27:09.057000+00:00,Skydio,1,Product Design Engineer Intern,"San Mateo, California, United States",assumed,9,ashby:skydio,https://jobs.ashbyhq.com/skydio/ce482813-99c2-4eaa-a165-2ed201249182
2026-07-31T21:16:27.547609+00:00,2026-07-28T18:35:36.967000+00:00,Skydio,1,Electrical Engineer Intern,"San Mateo, California, United States",assumed,6,ashby:skydio,https://jobs.ashbyhq.com/skydio/9ac944bc-89da-44bb-bf9c-3b9922e7cbee
2026-07-31T21:16:27.547609+00:00,2026-07-31T00:00:00+00:00,Qnity,9,"2027 Summer Intern & Co-Op: Chemical, Mechanical and Electrical Engineering Opportunities - Qnity Electronics","Wilmington, DE, United States",target,6,jobright-engineering,https://jobright.ai/jobs/info/6a6cf01facb0a61f9dbc8058?utm_campaign=1048&utm_source=git
2026-07-31T21:16:27.547609+00:00,2026-07-31T00:00:00+00:00,Danfoss,9,"Mechanical Engineering Internship, Product Development, Summer 2027","Loves Park, IL, United States",target,6,jobright-engineering,https://jobright.ai/jobs/info/6a6cc7fc32f9300c3a3e50aa?utm_campaign=1048&utm_source=git
2026-07-31T21:16:27.547609+00:00,,Apple,2,Hardware Undergrad Engineering Internship,,assumed,4,sndsh-2027,https://jobs.apple.com/en-us/details/200663981-3810/hardware-undergrad-engineering-internships
2026-07-31T21:16:27.547609+00:00,,Bosch Group,9,Powertrain Controls Software Engineer...,"Farmington Hills, MI",assumed,4,zapply-2027,https://jobs.smartrecruiters.com/BoschGroup/744000140089589
2026-07-31T21:16:27.547609+00:00,,Carrier Global,9,Thermal Optimization Engineering Inte...,CAG10: ALC,assumed,4,zapply-2027,https://carrier.wd5.myworkdayjobs.com/jobs/job/CAG10-ALC-HQ-1025-Cobb-Place-Boulevard-Kennesaw-GA-30145-USA/Thermal-Optimization-Engineering-Intern---Fall_30204244
2026-07-31T21:16:27.547609+00:00,,BorgWarner,3,Mechanical Engineering Intern – Adv. ...,Michigan,unknown,5,zapply-2027,https://borgwarner.wd5.myworkdayjobs.com/BorgWarner_Careers/job/Auburn-Hills---Michigan---USA/Mechanical-Engineering-Intern---Adv-Engineering---PDS--Year-Round-_R2026-2137
2026-07-31T21:16:27.547609+00:00,,Apple,2,Hardware Undergrad Engineering Intern...,United States,assumed,4,zapply-2027,https://jobs.apple.com/en-us/details/200663981/hardware-undergrad-engineering-internships
2026-07-31T21:16:27.547609+00:00,,Generac,9,Mechanical Design Engineering Intern,"North Billerica, ...",assumed,7,zapply-2027,https://generac.wd5.myworkdayjobs.com/External/job/North-Billerica-MA---USA/Mechanical-Design-Engineering-Intern_JR14679
2026-07-31T21:16:27.547609+00:00,,Bosch Group,9,Mechanical Design Engineering Intern,"Fort Lauderdale, FL",assumed,7,zapply-2027,https://jobs.smartrecruiters.com/BoschGroup/744000131662039
2026-07-31T21:16:27.547609+00:00,,Penn State University,9,Opto-Mechanical Engineering Intern,Optics,assumed,4,zapply-2027,https://psu.wd1.myworkdayjobs.com/Student/job/Electro-Optics-Center-in-Freeport-PA/Opto-Mechanical-Engineering-Intern_REQ_0000050425
2026-07-31T21:16:27.547609+00:00,2026-07-16T00:00:00+00:00,Unison (GE Aerospace),2,Engineering Intern (Summer 2027),"Jacksonville, FL",target,6,sndsh-2027,https://careers.geaerospace.com/global/en/job/GAOGAYGLOBALR5037097EXTERNALENGLOBAL/Unison-Engineering-Intern-Summer-2027
2026-07-31T21:16:27.547609+00:00,,Huntsman,9,Mechanical Engineering Intern,Texas,assumed,4,zapply-2027,https://huntsman.wd1.myworkdayjobs.com/Huntsman/job/USA---Texas---Houston---The-Woodlands---Corporate-Office/Mechanical-Engineering-Intern_J-020026
2026-07-31T21:16:27.547609+00:00,,KION Group,9,Mechanical Engineering Co-Op,Henrietta NY Unit...,assumed,4,zapply-2027,https://kiongroup.wd3.myworkdayjobs.com/kiongroup/job/Henrietta-NY-United-States/Mechanical-Engineering-Co-Op_JR-0094004-1
2026-07-31T21:16:27.547609+00:00,,Human Computer Lab,9,Intern - Mechanical Engineer,San Francisco,assumed,4,zapply-2027,https://jobs.ashbyhq.com/human-computer-lab/63a06836-54f4-4475-9e03-007ce5afc04c/application
2026-07-31T21:16:27.547609+00:00,2026-07-31T00:00:00+00:00,Joby Aviation,1,Quality Engineering Intern,"Marina, CA, United States",assumed,6,jobright-engineering,https://jobright.ai/jobs/info/6a4ff384fc327f422fef72f9?utm_campaign=1048&utm_source=git
2026-07-31T21:16:27.547609+00:00,,Marmon Holdings,9,Mechanical Engineer Intern,United States of ...,assumed,4,zapply-2027,https://marmon.wd501.myworkdayjobs.com/Marmon_MSIP_Internships/job/Remote---United-States-of-America/Mechanical-Engineer-Intern_JR0000036528-1
2026-07-31T21:16:27.547609+00:00,,Lila Sciences,9,"Co-op, Mechanical Engineer","Cambridge, MA USA",assumed,4,zapply-2027,https://job-boards.greenhouse.io/lilasciences/jobs/4284223009
2026-07-31T21:16:27.547609+00:00,,Thornton Tomasetti,9,Mechanical Engineer Co-op,"New York, NY, USA",assumed,4,zapply-2027,https://tt.wd503.myworkdayjobs.com/thorntontomasetti/job/New-York-NY-USA/Mechanical-Engineer-Co-op_R6868
2026-07-31T21:16:27.547609+00:00,,Moog,3,"Intern, Test Engineering","Buffalo, NY",assumed,3,zapply-2027,https://moog.wd5.myworkdayjobs.com/moog_external_career_site/job/Buffalo-NY/Intern--Test-Engineering_R-26-18775
2026-07-31T22:28:39.144707+00:00,2026-07-23T20:03:32+00:00,Kairos Power,2,Mechanical and Manufacturing Engineering Internship - Summer 2027 ,"Alameda, CA, Albuquerque, NM, or Oak Ridge, TN",target,14,greenhouse:kairospower,https://job-boards.greenhouse.io/kairospower/jobs/6123676004
2026-07-31T22:28:39.144707+00:00,2026-07-22T19:11:37+00:00,Kairos Power,2,Chemical and Materials Engineering Internship - Summer 2027,"Alameda, CA, Albuquerque, NM or Oak Ridge, TN ",target,6,greenhouse:kairospower,https://job-boards.greenhouse.io/kairospower/jobs/6122803004
2026-07-31T22:28:39.144707+00:00,2026-07-23T19:46:38+00:00,Kairos Power,2,Electrical Engineering Internship - Summer 2027,"Alameda, CA, Albuquerque, NM or Oak Ridge, TN ",target,6,greenhouse:kairospower,https://job-boards.greenhouse.io/kairospower/jobs/6123657004
2026-07-31T22:28:39.144707+00:00,2026-07-23T22:04:30+00:00,Kairos Power,2,Nuclear Engineering Internship - Summer 2027 ,"Alameda, CA, Albuquerque, NM, Oak Ridge, TN",target,11,greenhouse:kairospower,https://job-boards.greenhouse.io/kairospower/jobs/6123830004
2026-07-31T22:28:39.144707+00:00,2026-06-11T17:51:24+00:00,Anduril,1,2027 Manufacturing Engineer Intern,"Atlanta, Georgia, United States; Boston, Massachusetts, United States; Costa Mesa, California, United States; Irvine, California, United States; Seattle, Washington, United States",target,11,greenhouse:andurilindustries,https://boards.greenhouse.io/andurilindustries/jobs/5153218007?gh_jid=5153218007
2026-07-31T22:28:39.144707+00:00,2026-06-11T17:00:56+00:00,Anduril,1,2027 Electrical Engineer Intern,"Atlanta, Georgia, United States; Boston, Massachusetts, United States; Costa Mesa, California, United States; Irvine, California, United States; Reston, Virginia, United States; Seattle, Washington, United States",target,8,greenhouse:andurilindustries,https://boards.greenhouse.io/andurilindustries/jobs/5148101007?gh_jid=5148101007
2026-07-31T22:28:39.144707+00:00,2026-06-11T17:34:22+00:00,Anduril,1,2027 Mechanical Engineer Intern,"Atlanta, Georgia, United States; Boston, Massachusetts, United States; Costa Mesa, California, United States; Irvine, California, United States; Reston, Virginia, United States; Seattle, Washington, United States",target,13,greenhouse:andurilindustries,https://boards.greenhouse.io/andurilindustries/jobs/5153187007?gh_jid=5153187007
2026-07-31T22:28:39.144707+00:00,2026-06-09T03:18:35+00:00,Rocket Lab,1,Apprentice Aerospace Technician,"Auckland, NZ",unknown,9,greenhouse:rocketlab,https://job-boards.greenhouse.io/rocketlab/jobs/7712642003
2026-07-31T22:28:39.144707+00:00,2026-07-28T18:27:09.057000+00:00,Skydio,1,Product Design Engineer Intern,"San Mateo, California, United States",assumed,9,ashby:skydio,https://jobs.ashbyhq.com/skydio/ce482813-99c2-4eaa-a165-2ed201249182
2026-07-31T22:28:39.144707+00:00,2026-07-28T18:35:36.967000+00:00,Skydio,1,Electrical Engineer Intern,"San Mateo, California, United States",assumed,6,ashby:skydio,https://jobs.ashbyhq.com/skydio/9ac944bc-89da-44bb-bf9c-3b9922e7cbee
2026-07-31T22:28:39.144707+00:00,2026-07-31T00:00:00+00:00,Qnity,9,"2027 Summer Intern & Co-Op: Chemical, Mechanical and Electrical Engineering Opportunities - Qnity Electronics","Wilmington, DE, United States",target,6,jobright-engineering,https://jobright.ai/jobs/info/6a6cf01facb0a61f9dbc8058?utm_campaign=1048&utm_source=git
2026-07-31T22:28:39.144707+00:00,,Apple,2,Hardware Undergrad Engineering Internship,,assumed,4,sndsh-2027,https://jobs.apple.com/en-us/details/200663981-3810/hardware-undergrad-engineering-internships
2026-07-31T22:28:39.144707+00:00,,Bosch Group,9,Powertrain Controls Software Engineer...,"Farmington Hills, MI",assumed,4,zapply-2027,https://jobs.smartrecruiters.com/BoschGroup/744000140089589
2026-07-31T22:28:39.144707+00:00,,Carrier Global,9,Thermal Optimization Engineering Inte...,CAG10: ALC,assumed,4,zapply-2027,https://carrier.wd5.myworkdayjobs.com/jobs/job/CAG10-ALC-HQ-1025-Cobb-Place-Boulevard-Kennesaw-GA-30145-USA/Thermal-Optimization-Engineering-Intern---Fall_30204244
2026-07-31T22:28:39.144707+00:00,,BorgWarner,3,Mechanical Engineering Intern – Adv. ...,Michigan,unknown,5,zapply-2027,https://borgwarner.wd5.myworkdayjobs.com/BorgWarner_Careers/job/Auburn-Hills---Michigan---USA/Mechanical-Engineering-Intern---Adv-Engineering---PDS--Year-Round-_R2026-2137
2026-07-31T22:28:39.144707+00:00,,Apple,2,Hardware Undergrad Engineering Intern...,United States,assumed,4,zapply-2027,https://jobs.apple.com/en-us/details/200663981/hardware-undergrad-engineering-internships
2026-07-31T22:28:39.144707+00:00,2026-07-31T00:00:00+00:00,"VECARIUS, Inc.",9,Mechanical Engineer (Intern with CAM),"Somerville, MA, United States",assumed,4,jobright-engineering,https://jobright.ai/jobs/info/6a6cfd9c32f9300c3a3e6666?utm_campaign=1048&utm_source=git
2026-07-31T22:28:39.144707+00:00,,Generac,9,Mechanical Design Engineering Intern,"North Billerica, ...",assumed,7,zapply-2027,https://generac.wd5.myworkdayjobs.com/External/job/North-Billerica-MA---USA/Mechanical-Design-Engineering-Intern_JR14679
2026-07-31T22:28:39.144707+00:00,,Bosch Group,9,Mechanical Design Engineering Intern,"Fort Lauderdale, FL",assumed,7,zapply-2027,https://jobs.smartrecruiters.com/BoschGroup/744000131662039
2026-07-31T22:28:39.144707+00:00,,Penn State University,9,Opto-Mechanical Engineering Intern,Optics,assumed,4,zapply-2027,https://psu.wd1.myworkdayjobs.com/Student/job/Electro-Optics-Center-in-Freeport-PA/Opto-Mechanical-Engineering-Intern_REQ_0000050425
2026-07-31T22:28:39.144707+00:00,2026-07-16T00:00:00+00:00,Unison (GE Aerospace),2,Engineering Intern (Summer 2027),"Jacksonville, FL",target,6,sndsh-2027,https://careers.geaerospace.com/global/en/job/GAOGAYGLOBALR5037097EXTERNALENGLOBAL/Unison-Engineering-Intern-Summer-2027
2026-07-31T22:28:39.144707+00:00,,Baxter International,9,Co-op Mechanical Engineering R&D,"Skaneateles, NY",assumed,4,zapply-2027,https://baxter.wd1.myworkdayjobs.com/baxter/job/Skaneateles-NY/Co-op-Mechanical-Engineering-R-D_JR-204658-1
2026-07-31T22:28:39.144707+00:00,2026-07-31T00:00:00+00:00,"Spectrum Brands, Inc",9,Mechanical Engineering Intern,"Blacksburg, VA, United States",assumed,4,jobright-engineering,https://jobright.ai/jobs/info/6a6d06865c54bc4752cf0ab4?utm_campaign=1048&utm_source=git
2026-07-31T22:28:39.144707+00:00,2026-07-31T00:00:00+00:00,Cooler Heads Care,9,Mechanical Engineering Intern,"San Diego, CA, United States",assumed,4,jobright-engineering,https://jobright.ai/jobs/info/6a6cfbe4acb0a61f9dbc8416?utm_campaign=1048&utm_source=git
2026-07-31T22:28:39.144707+00:00,,Huntsman,9,Mechanical Engineering Intern,Texas,assumed,4,zapply-2027,https://huntsman.wd1.myworkdayjobs.com/Huntsman/job/USA---Texas---Houston---The-Woodlands---Corporate-Office/Mechanical-Engineering-Intern_J-020026
2026-07-31T22:28:39.144707+00:00,,KION Group,9,Mechanical Engineering Co-Op,Henrietta NY Unit...,assumed,4,zapply-2027,https://kiongroup.wd3.myworkdayjobs.com/kiongroup/job/Henrietta-NY-United-States/Mechanical-Engineering-Co-Op_JR-0094004-1
2026-07-31T22:28:39.144707+00:00,,Human Computer Lab,9,Intern - Mechanical Engineer,San Francisco,assumed,4,zapply-2027,https://jobs.ashbyhq.com/human-computer-lab/63a06836-54f4-4475-9e03-007ce5afc04c/application
2026-07-31T22:28:39.144707+00:00,,Marmon Holdings,9,Mechanical Engineer Intern,United States of ...,assumed,4,zapply-2027,https://marmon.wd501.myworkdayjobs.com/Marmon_MSIP_Internships/job/Remote---United-States-of-America/Mechanical-Engineer-Intern_JR0000036528-1
2026-07-31T22:28:39.144707+00:00,,Lila Sciences,9,"Co-op, Mechanical Engineer","Cambridge, MA USA",assumed,4,zapply-2027,https://job-boards.greenhouse.io/lilasciences/jobs/4284223009
2026-07-31T22:28:39.144707+00:00,,Thornton Tomasetti,9,Mechanical Engineer Co-op,"New York, NY, USA",assumed,4,zapply-2027,https://tt.wd503.myworkdayjobs.com/thorntontomasetti/job/New-York-NY-USA/Mechanical-Engineer-Co-op_R6868
2026-07-31T22:28:39.144707+00:00,,Moog,3,"Intern, Test Engineering","Buffalo, NY",assumed,3,zapply-2027,https://moog.wd5.myworkdayjobs.com/moog_external_career_site/job/Buffalo-NY/Intern--Test-Engineering_R-26-18775
2026-07-31T23:40:37.429769+00:00,2026-07-23T20:03:32+00:00,Kairos Power,2,Mechanical and Manufacturing Engineering Internship - Summer 2027 ,"Alameda, CA, Albuquerque, NM, or Oak Ridge, TN",target,14,greenhouse:kairospower,https://job-boards.greenhouse.io/kairospower/jobs/6123676004
2026-07-31T23:40:37.429769+00:00,2026-07-22T19:11:37+00:00,Kairos Power,2,Chemical and Materials Engineering Internship - Summer 2027,"Alameda, CA, Albuquerque, NM or Oak Ridge, TN ",target,6,greenhouse:kairospower,https://job-boards.greenhouse.io/kairospower/jobs/6122803004
2026-07-31T23:40:37.429769+00:00,2026-07-23T19:46:38+00:00,Kairos Power,2,Electrical Engineering Internship - Summer 2027,"Alameda, CA, Albuquerque, NM or Oak Ridge, TN ",target,6,greenhouse:kairospower,https://job-boards.greenhouse.io/kairospower/jobs/6123657004
2026-07-31T23:40:37.429769+00:00,2026-07-23T22:04:30+00:00,Kairos Power,2,Nuclear Engineering Internship - Summer 2027 ,"Alameda, CA, Albuquerque, NM, Oak Ridge, TN",target,11,greenhouse:kairospower,https://job-boards.greenhouse.io/kairospower/jobs/6123830004
2026-07-31T23:40:37.429769+00:00,2026-06-11T17:51:24+00:00,Anduril,1,2027 Manufacturing Engineer Intern,"Atlanta, Georgia, United States; Boston, Massachusetts, United States; Costa Mesa, California, United States; Irvine, California, United States; Seattle, Washington, United States",target,11,greenhouse:andurilindustries,https://boards.greenhouse.io/andurilindustries/jobs/5153218007?gh_jid=5153218007
2026-07-31T23:40:37.429769+00:00,2026-06-11T17:00:56+00:00,Anduril,1,2027 Electrical Engineer Intern,"Atlanta, Georgia, United States; Boston, Massachusetts, United States; Costa Mesa, California, United States; Irvine, California, United States; Reston, Virginia, United States; Seattle, Washington, United States",target,8,greenhouse:andurilindustries,https://boards.greenhouse.io/andurilindustries/jobs/5148101007?gh_jid=5148101007
2026-07-31T23:40:37.429769+00:00,2026-06-11T17:34:22+00:00,Anduril,1,2027 Mechanical Engineer Intern,"Atlanta, Georgia, United States; Boston, Massachusetts, United States; Costa Mesa, California, United States; Irvine, California, United States; Reston, Virginia, United States; Seattle, Washington, United States",target,13,greenhouse:andurilindustries,https://boards.greenhouse.io/andurilindustries/jobs/5153187007?gh_jid=5153187007
2026-07-31T23:40:37.429769+00:00,2026-06-09T03:18:35+00:00,Rocket Lab,1,Apprentice Aerospace Technician,"Auckland, NZ",unknown,9,greenhouse:rocketlab,https://job-boards.greenhouse.io/rocketlab/jobs/7712642003
2026-07-31T23:40:37.429769+00:00,2026-07-28T18:27:09.057000+00:00,Skydio,1,Product Design Engineer Intern,"San Mateo, California, United States",assumed,9,ashby:skydio,https://jobs.ashbyhq.com/skydio/ce482813-99c2-4eaa-a165-2ed201249182
2026-07-31T23:40:37.429769+00:00,2026-07-28T18:35:36.967000+00:00,Skydio,1,Electrical Engineer Intern,"San Mateo, California, United States",assumed,6,ashby:skydio,https://jobs.ashbyhq.com/skydio/9ac944bc-89da-44bb-bf9c-3b9922e7cbee
2026-07-31T23:40:37.429769+00:00,2026-07-31T00:00:00+00:00,Qnity,9,"2027 Summer Intern & Co-Op: Chemical, Mechanical and Electrical Engineering Opportunities - Qnity Electronics","Wilmington, DE, United States",target,6,jobright-engineering,https://jobright.ai/jobs/info/6a6cf01facb0a61f9dbc8058?utm_campaign=1048&utm_source=git
2026-07-31T23:40:37.429769+00:00,,Apple,2,Hardware Undergrad Engineering Internship,,assumed,4,sndsh-2027,https://jobs.apple.com/en-us/details/200663981-3810/hardware-undergrad-engineering-internships
2026-07-31T23:40:37.429769+00:00,,Bosch Group,9,Powertrain Controls Software Engineer...,"Farmington Hills, MI",assumed,4,zapply-2027,https://jobs.smartrecruiters.com/BoschGroup/744000140089589
2026-07-31T23:40:37.429769+00:00,,Carrier Global,9,Thermal Optimization Engineering Inte...,CAG10: ALC,assumed,4,zapply-2027,https://carrier.wd5.myworkdayjobs.com/jobs/job/CAG10-ALC-HQ-1025-Cobb-Place-Boulevard-Kennesaw-GA-30145-USA/Thermal-Optimization-Engineering-Intern---Fall_30204244
2026-07-31T23:40:37.429769+00:00,,BorgWarner,3,Mechanical Engineering Intern – Adv. ...,Michigan,unknown,5,zapply-2027,https://borgwarner.wd5.myworkdayjobs.com/BorgWarner_Careers/job/Auburn-Hills---Michigan---USA/Mechanical-Engineering-Intern---Adv-Engineering---PDS--Year-Round-_R2026-2137
2026-07-31T23:40:37.429769+00:00,,Apple,2,Hardware Undergrad Engineering Intern...,United States,assumed,4,zapply-2027,https://jobs.apple.com/en-us/details/200663981/hardware-undergrad-engineering-internships
2026-07-31T23:40:37.429769+00:00,2026-07-31T00:00:00+00:00,"VECARIUS, Inc.",9,Mechanical Engineer (Intern with CAM),"Somerville, MA, United States",assumed,4,jobright-engineering,https://jobright.ai/jobs/info/6a6cfd9c32f9300c3a3e6666?utm_campaign=1048&utm_source=git
2026-07-31T23:40:37.429769+00:00,,Generac,9,Mechanical Design Engineering Intern,"North Billerica, ...",assumed,7,zapply-2027,https://generac.wd5.myworkdayjobs.com/External/job/North-Billerica-MA---USA/Mechanical-Design-Engineering-Intern_JR14679
2026-07-31T23:40:37.429769+00:00,,Bosch Group,9,Mechanical Design Engineering Intern,"Fort Lauderdale, FL",assumed,7,zapply-2027,https://jobs.smartrecruiters.com/BoschGroup/744000131662039
2026-07-31T23:40:37.429769+00:00,,Penn State University,9,Opto-Mechanical Engineering Intern,Optics,assumed,4,zapply-2027,https://psu.wd1.myworkdayjobs.com/Student/job/Electro-Optics-Center-in-Freeport-PA/Opto-Mechanical-Engineering-Intern_REQ_0000050425
2026-07-31T23:40:37.429769+00:00,2026-07-16T00:00:00+00:00,Unison (GE Aerospace),2,Engineering Intern (Summer 2027),"Jacksonville, FL",target,6,sndsh-2027,https://careers.geaerospace.com/global/en/job/GAOGAYGLOBALR5037097EXTERNALENGLOBAL/Unison-Engineering-Intern-Summer-2027
2026-07-31T23:40:37.429769+00:00,,Baxter International,9,Co-op Mechanical Engineering R&D,"Skaneateles, NY",assumed,4,zapply-2027,https://baxter.wd1.myworkdayjobs.com/baxter/job/Skaneateles-NY/Co-op-Mechanical-Engineering-R-D_JR-204658-1
2026-07-31T23:40:37.429769+00:00,2026-07-31T00:00:00+00:00,"Spectrum Brands, Inc",9,Mechanical Engineering Intern,"Blacksburg, VA, United States",assumed,4,jobright-engineering,https://jobright.ai/jobs/info/6a6d06865c54bc4752cf0ab4?utm_campaign=1048&utm_source=git
2026-07-31T23:40:37.429769+00:00,,Huntsman,9,Mechanical Engineering Intern,Texas,assumed,4,zapply-2027,https://huntsman.wd1.myworkdayjobs.com/Huntsman/job/USA---Texas---Houston---The-Woodlands---Corporate-Office/Mechanical-Engineering-Intern_J-020026
2026-07-31T23:40:37.429769+00:00,,KION Group,9,Mechanical Engineering Co-Op,Henrietta NY Unit...,assumed,4,zapply-2027,https://kiongroup.wd3.myworkdayjobs.com/kiongroup/job/Henrietta-NY-United-States/Mechanical-Engineering-Co-Op_JR-0094004-1
2026-07-31T23:40:37.429769+00:00,,Human Computer Lab,9,Intern - Mechanical Engineer,San Francisco,assumed,4,zapply-2027,https://jobs.ashbyhq.com/human-computer-lab/63a06836-54f4-4475-9e03-007ce5afc04c/application
2026-07-31T23:40:37.429769+00:00,,Marmon Holdings,9,Mechanical Engineer Intern,United States of ...,assumed,4,zapply-2027,https://marmon.wd501.myworkdayjobs.com/Marmon_MSIP_Internships/job/Remote---United-States-of-America/Mechanical-Engineer-Intern_JR0000036528-1
2026-07-31T23:40:37.429769+00:00,,Lila Sciences,9,"Co-op, Mechanical Engineer","Cambridge, MA USA",assumed,4,zapply-2027,https://job-boards.greenhouse.io/lilasciences/jobs/4284223009
2026-07-31T23:40:37.429769+00:00,,Thornton Tomasetti,9,Mechanical Engineer Co-op,"New York, NY, USA",assumed,4,zapply-2027,https://tt.wd503.myworkdayjobs.com/thorntontomasetti/job/New-York-NY-USA/Mechanical-Engineer-Co-op_R6868
2026-07-31T23:40:37.429769+00:00,,Moog,3,"Intern, Test Engineering","Buffalo, NY",assumed,3,zapply-2027,https://moog.wd5.myworkdayjobs.com/moog_external_career_site/job/Buffalo-NY/Intern--Test-Engineering_R-26-18775
2026-08-01T03:35:00.880979+00:00,2026-07-23T20:03:32+00:00,Kairos Power,2,Mechanical and Manufacturing Engineering Internship - Summer 2027 ,"Alameda, CA, Albuquerque, NM, or Oak Ridge, TN",target,14,greenhouse:kairospower,https://job-boards.greenhouse.io/kairospower/jobs/6123676004
2026-08-01T03:35:00.880979+00:00,2026-07-22T19:11:37+00:00,Kairos Power,2,Chemical and Materials Engineering Internship - Summer 2027,"Alameda, CA, Albuquerque, NM or Oak Ridge, TN ",target,6,greenhouse:kairospower,https://job-boards.greenhouse.io/kairospower/jobs/6122803004
2026-08-01T03:35:00.880979+00:00,2026-07-23T19:46:38+00:00,Kairos Power,2,Electrical Engineering Internship - Summer 2027,"Alameda, CA, Albuquerque, NM or Oak Ridge, TN ",target,6,greenhouse:kairospower,https://job-boards.greenhouse.io/kairospower/jobs/6123657004
2026-08-01T03:35:00.880979+00:00,2026-07-23T22:04:30+00:00,Kairos Power,2,Nuclear Engineering Internship - Summer 2027 ,"Alameda, CA, Albuquerque, NM, Oak Ridge, TN",target,11,greenhouse:kairospower,https://job-boards.greenhouse.io/kairospower/jobs/6123830004
2026-08-01T03:35:00.880979+00:00,2026-06-11T17:51:24+00:00,Anduril,1,2027 Manufacturing Engineer Intern,"Atlanta, Georgia, United States; Boston, Massachusetts, United States; Costa Mesa, California, United States; Irvine, California, United States; Seattle, Washington, United States",target,11,greenhouse:andurilindustries,https://boards.greenhouse.io/andurilindustries/jobs/5153218007?gh_jid=5153218007
2026-08-01T03:35:00.880979+00:00,2026-06-11T17:00:56+00:00,Anduril,1,2027 Electrical Engineer Intern,"Atlanta, Georgia, United States; Boston, Massachusetts, United States; Costa Mesa, California, United States; Irvine, California, United States; Reston, Virginia, United States; Seattle, Washington, United States",target,8,greenhouse:andurilindustries,https://boards.greenhouse.io/andurilindustries/jobs/5148101007?gh_jid=5148101007
2026-08-01T03:35:00.880979+00:00,2026-06-11T17:34:22+00:00,Anduril,1,2027 Mechanical Engineer Intern,"Atlanta, Georgia, United States; Boston, Massachusetts, United States; Costa Mesa, California, United States; Irvine, California, United States; Reston, Virginia, United States; Seattle, Washington, United States",target,13,greenhouse:andurilindustries,https://boards.greenhouse.io/andurilindustries/jobs/5153187007?gh_jid=5153187007
2026-08-01T03:35:00.880979+00:00,2026-06-09T03:18:35+00:00,Rocket Lab,1,Apprentice Aerospace Technician,"Auckland, NZ",unknown,9,greenhouse:rocketlab,https://job-boards.greenhouse.io/rocketlab/jobs/7712642003
2026-08-01T03:35:00.880979+00:00,2026-07-28T18:27:09.057000+00:00,Skydio,1,Product Design Engineer Intern,"San Mateo, California, United States",assumed,9,ashby:skydio,https://jobs.ashbyhq.com/skydio/ce482813-99c2-4eaa-a165-2ed201249182
2026-08-01T03:35:00.880979+00:00,2026-07-28T18:35:36.967000+00:00,Skydio,1,Electrical Engineer Intern,"San Mateo, California, United States",assumed,6,ashby:skydio,https://jobs.ashbyhq.com/skydio/9ac944bc-89da-44bb-bf9c-3b9922e7cbee
2026-08-01T03:35:00.880979+00:00,2026-07-31T00:00:00+00:00,Qnity,9,"2027 Summer Intern & Co-Op: Chemical, Mechanical and Electrical Engineering Opportunities - Qnity Electronics","Wilmington, DE, United States",target,6,jobright-engineering,https://jobright.ai/jobs/info/6a6cf01facb0a61f9dbc8058?utm_campaign=1048&utm_source=git
2026-08-01T03:35:00.880979+00:00,,Apple,2,Hardware Undergrad Engineering Internship,,assumed,4,sndsh-2027,https://jobs.apple.com/en-us/details/200663981-3810/hardware-undergrad-engineering-internships
2026-08-01T03:35:00.880979+00:00,2026-07-28T03:35:00.880979+00:00,Bosch Group,9,Powertrain Controls Software Engineer...,"Farmington Hills, MI",unknown,4,zapply-2027,
2026-08-01T03:35:00.880979+00:00,2026-06-02T03:35:00.880979+00:00,Hermeus,1,Subsystem Test Engineering Intern - F...,"Atlanta, GA",unknown,9,zapply-2027,
2026-08-01T03:35:00.880979+00:00,2026-07-25T03:35:00.880979+00:00,Carrier Global,9,Thermal Optimization Engineering Inte...,CAG10: ALC,unknown,4,zapply-2027,
2026-08-01T03:35:00.880979+00:00,2026-07-02T03:35:00.880979+00:00,BorgWarner,3,Mechanical Engineering Intern – Adv. ...,Michigan,unknown,5,zapply-2027,
2026-08-01T03:35:00.880979+00:00,2026-07-02T03:35:00.880979+00:00,Intuitive,2,Computer Vision Engineering Intern - ...,"Sunnyvale, CA",unknown,4,zapply-2027,
2026-08-01T03:35:00.880979+00:00,2026-07-02T03:35:00.880979+00:00,Rivian and Volkswagen Group Technologies,2,Electromechanical Design Engineering ...,"Irvine, California",unknown,10,zapply-2027,
2026-08-01T03:35:00.880979+00:00,2026-06-02T03:35:00.880979+00:00,Apple,2,Hardware Undergrad Engineering Intern...,United States,unknown,4,zapply-2027,
2026-08-01T03:35:00.880979+00:00,2026-05-03T03:35:00.880979+00:00,Astranis,1,Mechanical Engineer - Associate Progr...,San Francisco,unknown,9,zapply-2027,
2026-08-01T03:35:00.880979+00:00,2026-04-03T03:35:00.880979+00:00,Varda Space,1,Mechanical Engineering Internship - F...,"El Segundo, Calif...",unknown,11,zapply-2027,
2026-08-01T03:35:00.880979+00:00,2026-07-31T00:00:00+00:00,Garver,9,Buildings Mechanical Engineering Intern,"Dallas, TX, United States",assumed,4,jobright-engineering,https://jobright.ai/jobs/info/6a5a953c686b4755d1e1613a?utm_campaign=1048&utm_source=git
2026-08-01T03:35:00.880979+00:00,2026-07-31T00:00:00+00:00,"VECARIUS, Inc.",9,Mechanical Engineer (Intern with CAM),"Somerville, MA, United States",assumed,4,jobright-engineering,https://jobright.ai/jobs/info/6a6cfd9c32f9300c3a3e6666?utm_campaign=1048&utm_source=git
2026-08-01T03:35:00.880979+00:00,2026-07-02T03:35:00.880979+00:00,Generac,9,Mechanical Design Engineering Intern,"North Billerica, ...",unknown,7,zapply-2027,
2026-08-01T03:35:00.880979+00:00,2026-07-02T03:35:00.880979+00:00,Bosch Group,9,Mechanical Design Engineering Intern,"Fort Lauderdale, FL",unknown,7,zapply-2027,
2026-08-01T03:35:00.880979+00:00,2026-07-16T00:00:00+00:00,Unison (GE Aerospace),2,Engineering Intern (Summer 2027),"Jacksonville, FL",target,6,sndsh-2027,https://careers.geaerospace.com/global/en/job/GAOGAYGLOBALR5037097EXTERNALENGLOBAL/Unison-Engineering-Intern-Summer-2027
2026-08-01T03:35:00.880979+00:00,2026-07-31T00:00:00+00:00,"Spectrum Brands, Inc",9,Mechanical Engineering Intern,"Blacksburg, VA, United States",assumed,4,jobright-engineering,https://jobright.ai/jobs/info/6a6d06865c54bc4752cf0ab4?utm_campaign=1048&utm_source=git
2026-08-01T03:35:00.880979+00:00,2026-07-18T03:35:00.880979+00:00,Huntsman,9,Mechanical Engineering Intern,Texas,assumed,4,zapply-2027,
2026-08-01T03:35:00.880979+00:00,2026-06-02T03:35:00.880979+00:00,Human Computer Lab,9,Intern - Mechanical Engineer,San Francisco,unknown,4,zapply-2027,
2026-08-01T03:35:00.880979+00:00,2026-07-02T03:35:00.880979+00:00,Marmon Holdings,9,Mechanical Engineer Intern,United States of ...,unknown,4,zapply-2027,
2026-08-01T03:35:00.880979+00:00,2026-07-02T03:35:00.880979+00:00,Lila Sciences,9,"Co-op, Mechanical Engineer","Cambridge, MA USA",unknown,4,zapply-2027,
2026-08-01T03:35:00.880979+00:00,2026-07-02T03:35:00.880979+00:00,Thornton Tomasetti,9,Mechanical Engineer Co-op,"New York, NY, USA",unknown,4,zapply-2027,
2026-08-01T03:35:00.880979+00:00,2026-07-25T03:35:00.880979+00:00,Moog,3,"Intern, Test Engineering","Buffalo, NY",assumed,3,zapply-2027,
2026-08-01T06:16:34.810552+00:00,2026-07-23T20:03:32+00:00,Kairos Power,2,Mechanical and Manufacturing Engineering Internship - Summer 2027 ,"Alameda, CA, Albuquerque, NM, or Oak Ridge, TN",target,14,greenhouse:kairospower,https://job-boards.greenhouse.io/kairospower/jobs/6123676004
2026-08-01T06:16:34.810552+00:00,2026-07-22T19:11:37+00:00,Kairos Power,2,Chemical and Materials Engineering Internship - Summer 2027,"Alameda, CA, Albuquerque, NM or Oak Ridge, TN ",target,6,greenhouse:kairospower,https://job-boards.greenhouse.io/kairospower/jobs/6122803004
2026-08-01T06:16:34.810552+00:00,2026-07-23T19:46:38+00:00,Kairos Power,2,Electrical Engineering Internship - Summer 2027,"Alameda, CA, Albuquerque, NM or Oak Ridge, TN ",target,6,greenhouse:kairospower,https://job-boards.greenhouse.io/kairospower/jobs/6123657004
2026-08-01T06:16:34.810552+00:00,2026-07-23T22:04:30+00:00,Kairos Power,2,Nuclear Engineering Internship - Summer 2027 ,"Alameda, CA, Albuquerque, NM, Oak Ridge, TN",target,11,greenhouse:kairospower,https://job-boards.greenhouse.io/kairospower/jobs/6123830004
2026-08-01T06:16:34.810552+00:00,2026-06-11T17:51:24+00:00,Anduril,1,2027 Manufacturing Engineer Intern,"Atlanta, Georgia, United States; Boston, Massachusetts, United States; Costa Mesa, California, United States; Irvine, California, United States; Seattle, Washington, United States",target,11,greenhouse:andurilindustries,https://boards.greenhouse.io/andurilindustries/jobs/5153218007?gh_jid=5153218007
2026-08-01T06:16:34.810552+00:00,2026-06-11T17:00:56+00:00,Anduril,1,2027 Electrical Engineer Intern,"Atlanta, Georgia, United States; Boston, Massachusetts, United States; Costa Mesa, California, United States; Irvine, California, United States; Reston, Virginia, United States; Seattle, Washington, United States",target,8,greenhouse:andurilindustries,https://boards.greenhouse.io/andurilindustries/jobs/5148101007?gh_jid=5148101007
2026-08-01T06:16:34.810552+00:00,2026-06-11T17:34:22+00:00,Anduril,1,2027 Mechanical Engineer Intern,"Atlanta, Georgia, United States; Boston, Massachusetts, United States; Costa Mesa, California, United States; Irvine, California, United States; Reston, Virginia, United States; Seattle, Washington, United States",target,13,greenhouse:andurilindustries,https://boards.greenhouse.io/andurilindustries/jobs/5153187007?gh_jid=5153187007
2026-08-01T06:16:34.810552+00:00,2026-06-09T03:18:35+00:00,Rocket Lab,1,Apprentice Aerospace Technician,"Auckland, NZ",unknown,9,greenhouse:rocketlab,https://job-boards.greenhouse.io/rocketlab/jobs/7712642003
2026-08-01T06:16:34.810552+00:00,2026-07-28T18:27:09.057000+00:00,Skydio,1,Product Design Engineer Intern,"San Mateo, California, United States",assumed,9,ashby:skydio,https://jobs.ashbyhq.com/skydio/ce482813-99c2-4eaa-a165-2ed201249182
2026-08-01T06:16:34.810552+00:00,2026-07-28T18:35:36.967000+00:00,Skydio,1,Electrical Engineer Intern,"San Mateo, California, United States",assumed,6,ashby:skydio,https://jobs.ashbyhq.com/skydio/9ac944bc-89da-44bb-bf9c-3b9922e7cbee
2026-08-01T06:16:34.810552+00:00,2026-07-31T00:00:00+00:00,Qnity,9,"2027 Summer Intern & Co-Op: Chemical, Mechanical and Electrical Engineering Opportunities - Qnity Electronics","Wilmington, DE, United States",target,6,jobright-engineering,https://jobright.ai/jobs/info/6a6cf01facb0a61f9dbc8058?utm_campaign=1048&utm_source=git
2026-08-01T06:16:34.810552+00:00,,Apple,2,Hardware Undergrad Engineering Internship,,assumed,4,sndsh-2027,https://jobs.apple.com/en-us/details/200663981-3810/hardware-undergrad-engineering-internships
2026-08-01T06:16:34.810552+00:00,2026-07-28T06:16:34.810552+00:00,Bosch Group,9,Powertrain Controls Software Engineer...,"Farmington Hills, MI",unknown,4,zapply-2027,
2026-08-01T06:16:34.810552+00:00,2026-06-02T06:16:34.810552+00:00,Hermeus,1,Subsystem Test Engineering Intern - F...,"Atlanta, GA",unknown,9,zapply-2027,
2026-08-01T06:16:34.810552+00:00,2026-07-25T06:16:34.810552+00:00,Carrier Global,9,Thermal Optimization Engineering Inte...,CAG10: ALC,unknown,4,zapply-2027,
2026-08-01T06:16:34.810552+00:00,2026-07-02T06:16:34.810552+00:00,BorgWarner,3,Mechanical Engineering Intern – Adv. ...,Michigan,unknown,5,zapply-2027,
2026-08-01T06:16:34.810552+00:00,2026-07-02T06:16:34.810552+00:00,Intuitive,2,Computer Vision Engineering Intern - ...,"Sunnyvale, CA",unknown,4,zapply-2027,
2026-08-01T06:16:34.810552+00:00,2026-07-02T06:16:34.810552+00:00,Rivian and Volkswagen Group Technologies,2,Electromechanical Design Engineering ...,"Irvine, California",unknown,10,zapply-2027,
2026-08-01T06:16:34.810552+00:00,2026-06-02T06:16:34.810552+00:00,Apple,2,Hardware Undergrad Engineering Intern...,United States,unknown,4,zapply-2027,
2026-08-01T06:16:34.810552+00:00,2026-05-03T06:16:34.810552+00:00,Astranis,1,Mechanical Engineer - Associate Progr...,San Francisco,unknown,9,zapply-2027,
2026-08-01T06:16:34.810552+00:00,2026-04-03T06:16:34.810552+00:00,Varda Space,1,Mechanical Engineering Internship - F...,"El Segundo, Calif...",unknown,11,zapply-2027,
2026-08-01T06:16:34.810552+00:00,2026-07-31T00:00:00+00:00,Garver,9,Buildings Mechanical Engineering Intern,"Dallas, TX, United States",assumed,4,jobright-engineering,https://jobright.ai/jobs/info/6a5a953c686b4755d1e1613a?utm_campaign=1048&utm_source=git
2026-08-01T06:16:34.810552+00:00,2026-07-31T00:00:00+00:00,"VECARIUS, Inc.",9,Mechanical Engineer (Intern with CAM),"Somerville, MA, United States",assumed,4,jobright-engineering,https://jobright.ai/jobs/info/6a6cfd9c32f9300c3a3e6666?utm_campaign=1048&utm_source=git
2026-08-01T06:16:34.810552+00:00,2026-07-02T06:16:34.810552+00:00,Generac,9,Mechanical Design Engineering Intern,"North Billerica, ...",unknown,7,zapply-2027,
2026-08-01T06:16:34.810552+00:00,2026-07-02T06:16:34.810552+00:00,Bosch Group,9,Mechanical Design Engineering Intern,"Fort Lauderdale, FL",unknown,7,zapply-2027,
2026-08-01T06:16:34.810552+00:00,2026-07-16T00:00:00+00:00,Unison (GE Aerospace),2,Engineering Intern (Summer 2027),"Jacksonville, FL",target,6,sndsh-2027,https://careers.geaerospace.com/global/en/job/GAOGAYGLOBALR5037097EXTERNALENGLOBAL/Unison-Engineering-Intern-Summer-2027
2026-08-01T06:16:34.810552+00:00,2026-07-28T06:16:34.810552+00:00,Baxter International,9,Co-op Mechanical Engineering R&D,"Skaneateles, NY",assumed,4,zapply-2027,
2026-08-01T06:16:34.810552+00:00,2026-07-31T00:00:00+00:00,"Spectrum Brands, Inc",9,Mechanical Engineering Intern,"Blacksburg, VA, United States",assumed,4,jobright-engineering,https://jobright.ai/jobs/info/6a6d06865c54bc4752cf0ab4?utm_campaign=1048&utm_source=git
2026-08-01T06:16:34.810552+00:00,2026-07-18T06:16:34.810552+00:00,Huntsman,9,Mechanical Engineering Intern,Texas,assumed,4,zapply-2027,
2026-08-01T06:16:34.810552+00:00,2026-07-31T06:16:34.810552+00:00,KION Group,9,Mechanical Engineering Co-Op,Henrietta NY Unit...,assumed,4,zapply-2027,
2026-08-01T06:16:34.810552+00:00,2026-06-02T06:16:34.810552+00:00,Human Computer Lab,9,Intern - Mechanical Engineer,San Francisco,unknown,4,zapply-2027,
2026-08-01T06:16:34.810552+00:00,2026-07-02T06:16:34.810552+00:00,Marmon Holdings,9,Mechanical Engineer Intern,United States of ...,unknown,4,zapply-2027,
2026-08-01T06:16:34.810552+00:00,2026-07-02T06:16:34.810552+00:00,Lila Sciences,9,"Co-op, Mechanical Engineer","Cambridge, MA USA",unknown,4,zapply-2027,
2026-08-01T06:16:34.810552+00:00,2026-07-02T06:16:34.810552+00:00,Thornton Tomasetti,9,Mechanical Engineer Co-op,"New York, NY, USA",unknown,4,zapply-2027,
2026-08-01T06:16:34.810552+00:00,2026-07-25T06:16:34.810552+00:00,Moog,3,"Intern, Test Engineering","Buffalo, NY",assumed,3,zapply-2027,
2026-08-01T06:24:27.089018+00:00,2026-07-23T20:03:32+00:00,Kairos Power,2,Mechanical and Manufacturing Engineering Internship - Summer 2027 ,"Alameda, CA, Albuquerque, NM, or Oak Ridge, TN",target,14,greenhouse:kairospower,https://job-boards.greenhouse.io/kairospower/jobs/6123676004
2026-08-01T06:24:27.089018+00:00,2026-07-22T19:11:37+00:00,Kairos Power,2,Chemical and Materials Engineering Internship - Summer 2027,"Alameda, CA, Albuquerque, NM or Oak Ridge, TN ",target,6,greenhouse:kairospower,https://job-boards.greenhouse.io/kairospower/jobs/6122803004
2026-08-01T06:24:27.089018+00:00,2026-07-23T19:46:38+00:00,Kairos Power,2,Electrical Engineering Internship - Summer 2027,"Alameda, CA, Albuquerque, NM or Oak Ridge, TN ",target,6,greenhouse:kairospower,https://job-boards.greenhouse.io/kairospower/jobs/6123657004
2026-08-01T06:24:27.089018+00:00,2026-07-23T22:04:30+00:00,Kairos Power,2,Nuclear Engineering Internship - Summer 2027 ,"Alameda, CA, Albuquerque, NM, Oak Ridge, TN",target,11,greenhouse:kairospower,https://job-boards.greenhouse.io/kairospower/jobs/6123830004
2026-08-01T06:24:27.089018+00:00,2026-06-11T17:51:24+00:00,Anduril,1,2027 Manufacturing Engineer Intern,"Atlanta, Georgia, United States; Boston, Massachusetts, United States; Costa Mesa, California, United States; Irvine, California, United States; Seattle, Washington, United States",target,11,greenhouse:andurilindustries,https://boards.greenhouse.io/andurilindustries/jobs/5153218007?gh_jid=5153218007
2026-08-01T06:24:27.089018+00:00,2026-06-11T17:00:56+00:00,Anduril,1,2027 Electrical Engineer Intern,"Atlanta, Georgia, United States; Boston, Massachusetts, United States; Costa Mesa, California, United States; Irvine, California, United States; Reston, Virginia, United States; Seattle, Washington, United States",target,8,greenhouse:andurilindustries,https://boards.greenhouse.io/andurilindustries/jobs/5148101007?gh_jid=5148101007
2026-08-01T06:24:27.089018+00:00,2026-06-11T17:34:22+00:00,Anduril,1,2027 Mechanical Engineer Intern,"Atlanta, Georgia, United States; Boston, Massachusetts, United States; Costa Mesa, California, United States; Irvine, California, United States; Reston, Virginia, United States; Seattle, Washington, United States",target,13,greenhouse:andurilindustries,https://boards.greenhouse.io/andurilindustries/jobs/5153187007?gh_jid=5153187007
2026-08-01T06:24:27.089018+00:00,2026-06-09T03:18:35+00:00,Rocket Lab,1,Apprentice Aerospace Technician,"Auckland, NZ",unknown,9,greenhouse:rocketlab,https://job-boards.greenhouse.io/rocketlab/jobs/7712642003
2026-08-01T06:24:27.089018+00:00,2026-07-28T18:27:09.057000+00:00,Skydio,1,Product Design Engineer Intern,"San Mateo, California, United States",assumed,9,ashby:skydio,https://jobs.ashbyhq.com/skydio/ce482813-99c2-4eaa-a165-2ed201249182
2026-08-01T06:24:27.089018+00:00,2026-07-28T18:35:36.967000+00:00,Skydio,1,Electrical Engineer Intern,"San Mateo, California, United States",assumed,6,ashby:skydio,https://jobs.ashbyhq.com/skydio/9ac944bc-89da-44bb-bf9c-3b9922e7cbee
2026-08-01T06:24:27.089018+00:00,2026-07-31T00:00:00+00:00,Qnity,9,"2027 Summer Intern & Co-Op: Chemical, Mechanical and Electrical Engineering Opportunities - Qnity Electronics","Wilmington, DE, United States",target,6,jobright-engineering,https://jobright.ai/jobs/info/6a6cf01facb0a61f9dbc8058?utm_campaign=1048&utm_source=git
2026-08-01T06:24:27.089018+00:00,,Apple,2,Hardware Undergrad Engineering Internship,,assumed,4,sndsh-2027,https://jobs.apple.com/en-us/details/200663981-3810/hardware-undergrad-engineering-internships
2026-08-01T06:24:27.089018+00:00,2026-07-28T06:24:27.089018+00:00,Bosch Group,9,Powertrain Controls Software Engineer...,"Farmington Hills, MI",unknown,4,zapply-2027,
2026-08-01T06:24:27.089018+00:00,2026-06-02T06:24:27.089018+00:00,Hermeus,1,Subsystem Test Engineering Intern - F...,"Atlanta, GA",unknown,9,zapply-2027,
2026-08-01T06:24:27.089018+00:00,2026-07-25T06:24:27.089018+00:00,Carrier Global,9,Thermal Optimization Engineering Inte...,CAG10: ALC,unknown,4,zapply-2027,
2026-08-01T06:24:27.089018+00:00,2026-07-02T06:24:27.089018+00:00,BorgWarner,3,Mechanical Engineering Intern – Adv. ...,Michigan,unknown,5,zapply-2027,
2026-08-01T06:24:27.089018+00:00,2026-07-02T06:24:27.089018+00:00,Intuitive,2,Computer Vision Engineering Intern - ...,"Sunnyvale, CA",unknown,4,zapply-2027,
2026-08-01T06:24:27.089018+00:00,2026-07-02T06:24:27.089018+00:00,Rivian and Volkswagen Group Technologies,2,Electromechanical Design Engineering ...,"Irvine, California",unknown,10,zapply-2027,
2026-08-01T06:24:27.089018+00:00,2026-06-02T06:24:27.089018+00:00,Apple,2,Hardware Undergrad Engineering Intern...,United States,unknown,4,zapply-2027,
2026-08-01T06:24:27.089018+00:00,2026-05-03T06:24:27.089018+00:00,Astranis,1,Mechanical Engineer - Associate Progr...,San Francisco,unknown,9,zapply-2027,
2026-08-01T06:24:27.089018+00:00,2026-04-03T06:24:27.089018+00:00,Varda Space,1,Mechanical Engineering Internship - F...,"El Segundo, Calif...",unknown,11,zapply-2027,
2026-08-01T06:24:27.089018+00:00,2026-07-31T00:00:00+00:00,Garver,9,Buildings Mechanical Engineering Intern,"Dallas, TX, United States",assumed,4,jobright-engineering,https://jobright.ai/jobs/info/6a5a953c686b4755d1e1613a?utm_campaign=1048&utm_source=git
2026-08-01T06:24:27.089018+00:00,2026-07-31T00:00:00+00:00,"VECARIUS, Inc.",9,Mechanical Engineer (Intern with CAM),"Somerville, MA, United States",assumed,4,jobright-engineering,https://jobright.ai/jobs/info/6a6cfd9c32f9300c3a3e6666?utm_campaign=1048&utm_source=git
2026-08-01T06:24:27.089018+00:00,2026-07-02T06:24:27.089018+00:00,Generac,9,Mechanical Design Engineering Intern,"North Billerica, ...",unknown,7,zapply-2027,
2026-08-01T06:24:27.089018+00:00,2026-07-02T06:24:27.089018+00:00,Bosch Group,9,Mechanical Design Engineering Intern,"Fort Lauderdale, FL",unknown,7,zapply-2027,
2026-08-01T06:24:27.089018+00:00,2026-07-16T00:00:00+00:00,Unison (GE Aerospace),2,Engineering Intern (Summer 2027),"Jacksonville, FL",target,6,sndsh-2027,https://careers.geaerospace.com/global/en/job/GAOGAYGLOBALR5037097EXTERNALENGLOBAL/Unison-Engineering-Intern-Summer-2027
2026-08-01T06:24:27.089018+00:00,2026-07-28T06:24:27.089018+00:00,Baxter International,9,Co-op Mechanical Engineering R&D,"Skaneateles, NY",assumed,4,zapply-2027,
2026-08-01T06:24:27.089018+00:00,2026-07-31T00:00:00+00:00,"Spectrum Brands, Inc",9,Mechanical Engineering Intern,"Blacksburg, VA, United States",assumed,4,jobright-engineering,https://jobright.ai/jobs/info/6a6d06865c54bc4752cf0ab4?utm_campaign=1048&utm_source=git
2026-08-01T06:24:27.089018+00:00,2026-07-18T06:24:27.089018+00:00,Huntsman,9,Mechanical Engineering Intern,Texas,assumed,4,zapply-2027,
2026-08-01T06:24:27.089018+00:00,2026-06-02T06:24:27.089018+00:00,Human Computer Lab,9,Intern - Mechanical Engineer,San Francisco,unknown,4,zapply-2027,
2026-08-01T06:24:27.089018+00:00,2026-07-02T06:24:27.089018+00:00,Marmon Holdings,9,Mechanical Engineer Intern,United States of ...,unknown,4,zapply-2027,
2026-08-01T06:24:27.089018+00:00,2026-07-02T06:24:27.089018+00:00,Lila Sciences,9,"Co-op, Mechanical Engineer","Cambridge, MA USA",unknown,4,zapply-2027,
2026-08-01T06:24:27.089018+00:00,2026-07-02T06:24:27.089018+00:00,Thornton Tomasetti,9,Mechanical Engineer Co-op,"New York, NY, USA",unknown,4,zapply-2027,
2026-08-01T06:24:27.089018+00:00,2026-07-25T06:24:27.089018+00:00,Moog,3,"Intern, Test Engineering","Buffalo, NY",assumed,3,zapply-2027,
2026-08-01T09:02:15.271948+00:00,2026-07-23T20:03:32+00:00,Kairos Power,2,Mechanical and Manufacturing Engineering Internship - Summer 2027 ,"Alameda, CA, Albuquerque, NM, or Oak Ridge, TN",target,14,greenhouse:kairospower,https://job-boards.greenhouse.io/kairospower/jobs/6123676004
2026-08-01T09:02:15.271948+00:00,2026-07-22T19:11:37+00:00,Kairos Power,2,Chemical and Materials Engineering Internship - Summer 2027,"Alameda, CA, Albuquerque, NM or Oak Ridge, TN ",target,6,greenhouse:kairospower,https://job-boards.greenhouse.io/kairospower/jobs/6122803004
2026-08-01T09:02:15.271948+00:00,2026-07-23T19:46:38+00:00,Kairos Power,2,Electrical Engineering Internship - Summer 2027,"Alameda, CA, Albuquerque, NM or Oak Ridge, TN ",target,6,greenhouse:kairospower,https://job-boards.greenhouse.io/kairospower/jobs/6123657004
2026-08-01T09:02:15.271948+00:00,2026-07-23T22:04:30+00:00,Kairos Power,2,Nuclear Engineering Internship - Summer 2027 ,"Alameda, CA, Albuquerque, NM, Oak Ridge, TN",target,11,greenhouse:kairospower,https://job-boards.greenhouse.io/kairospower/jobs/6123830004
2026-08-01T09:02:15.271948+00:00,2026-06-11T17:51:24+00:00,Anduril,1,2027 Manufacturing Engineer Intern,"Atlanta, Georgia, United States; Boston, Massachusetts, United States; Costa Mesa, California, United States; Irvine, California, United States; Seattle, Washington, United States",target,11,greenhouse:andurilindustries,https://boards.greenhouse.io/andurilindustries/jobs/5153218007?gh_jid=5153218007
2026-08-01T09:02:15.271948+00:00,2026-06-11T17:00:56+00:00,Anduril,1,2027 Electrical Engineer Intern,"Atlanta, Georgia, United States; Boston, Massachusetts, United States; Costa Mesa, California, United States; Irvine, California, United States; Reston, Virginia, United States; Seattle, Washington, United States",target,8,greenhouse:andurilindustries,https://boards.greenhouse.io/andurilindustries/jobs/5148101007?gh_jid=5148101007
2026-08-01T09:02:15.271948+00:00,2026-06-11T17:34:22+00:00,Anduril,1,2027 Mechanical Engineer Intern,"Atlanta, Georgia, United States; Boston, Massachusetts, United States; Costa Mesa, California, United States; Irvine, California, United States; Reston, Virginia, United States; Seattle, Washington, United States",target,13,greenhouse:andurilindustries,https://boards.greenhouse.io/andurilindustries/jobs/5153187007?gh_jid=5153187007
2026-08-01T09:02:15.271948+00:00,2026-06-09T03:18:35+00:00,Rocket Lab,1,Apprentice Aerospace Technician,"Auckland, NZ",unknown,9,greenhouse:rocketlab,https://job-boards.greenhouse.io/rocketlab/jobs/7712642003
2026-08-01T09:02:15.271948+00:00,2026-07-28T18:27:09.057000+00:00,Skydio,1,Product Design Engineer Intern,"San Mateo, California, United States",assumed,9,ashby:skydio,https://jobs.ashbyhq.com/skydio/ce482813-99c2-4eaa-a165-2ed201249182
2026-08-01T09:02:15.271948+00:00,2026-07-28T18:35:36.967000+00:00,Skydio,1,Electrical Engineer Intern,"San Mateo, California, United States",assumed,6,ashby:skydio,https://jobs.ashbyhq.com/skydio/9ac944bc-89da-44bb-bf9c-3b9922e7cbee
2026-08-01T09:02:15.271948+00:00,,Apple,2,Hardware Undergrad Engineering Internship,,assumed,4,sndsh-2027,https://jobs.apple.com/en-us/details/200663981-3810/hardware-undergrad-engineering-internships
2026-08-01T09:02:15.271948+00:00,2026-07-28T09:02:15.271948+00:00,Bosch Group,9,Powertrain Controls Software Engineer...,"Farmington Hills, MI",unknown,4,zapply-2027,
2026-08-01T09:02:15.271948+00:00,2026-06-02T09:02:15.271948+00:00,Hermeus,1,Subsystem Test Engineering Intern - F...,"Atlanta, GA",unknown,9,zapply-2027,
2026-08-01T09:02:15.271948+00:00,2026-07-02T09:02:15.271948+00:00,BorgWarner,3,Mechanical Engineering Intern – Adv. ...,Michigan,unknown,5,zapply-2027,
2026-08-01T09:02:15.271948+00:00,2026-07-02T09:02:15.271948+00:00,Intuitive,2,Computer Vision Engineering Intern - ...,"Sunnyvale, CA",unknown,4,zapply-2027,
2026-08-01T09:02:15.271948+00:00,2026-07-02T09:02:15.271948+00:00,Rivian and Volkswagen Group Technologies,2,Electromechanical Design Engineering ...,"Irvine, California",unknown,10,zapply-2027,
2026-08-01T09:02:15.271948+00:00,2026-06-02T09:02:15.271948+00:00,Apple,2,Hardware Undergrad Engineering Intern...,United States,unknown,4,zapply-2027,
2026-08-01T09:02:15.271948+00:00,2026-05-03T09:02:15.271948+00:00,Astranis,1,Mechanical Engineer - Associate Progr...,San Francisco,unknown,9,zapply-2027,
2026-08-01T09:02:15.271948+00:00,2026-04-03T09:02:15.271948+00:00,Varda Space,1,Mechanical Engineering Internship - F...,"El Segundo, Calif...",unknown,11,zapply-2027,
2026-08-01T09:02:15.271948+00:00,2026-07-31T00:00:00+00:00,Garver,9,Buildings Mechanical Engineering Intern,"Dallas, TX, United States",assumed,4,jobright-engineering,https://jobright.ai/jobs/info/6a5a953c686b4755d1e1613a?utm_campaign=1048&utm_source=git
2026-08-01T09:02:15.271948+00:00,2026-07-02T09:02:15.271948+00:00,Generac,9,Mechanical Design Engineering Intern,"North Billerica, ...",unknown,7,zapply-2027,
2026-08-01T09:02:15.271948+00:00,2026-07-02T09:02:15.271948+00:00,Bosch Group,9,Mechanical Design Engineering Intern,"Fort Lauderdale, FL",unknown,7,zapply-2027,
2026-08-01T09:02:15.271948+00:00,2026-07-16T00:00:00+00:00,Unison (GE Aerospace),2,Engineering Intern (Summer 2027),"Jacksonville, FL",target,6,sndsh-2027,https://careers.geaerospace.com/global/en/job/GAOGAYGLOBALR5037097EXTERNALENGLOBAL/Unison-Engineering-Intern-Summer-2027
2026-08-01T09:02:15.271948+00:00,2026-07-27T09:02:15.271948+00:00,Baxter International,9,Co-op Mechanical Engineering R&D,"Skaneateles, NY",assumed,4,zapply-2027,
2026-08-01T09:02:15.271948+00:00,2026-07-31T00:00:00+00:00,"Spectrum Brands, Inc",9,Mechanical Engineering Intern,"Blacksburg, VA, United States",assumed,4,jobright-engineering,https://jobright.ai/jobs/info/6a6d06865c54bc4752cf0ab4?utm_campaign=1048&utm_source=git
2026-08-01T09:02:15.271948+00:00,2026-07-18T09:02:15.271948+00:00,Huntsman,9,Mechanical Engineering Intern,Texas,assumed,4,zapply-2027,
2026-08-01T09:02:15.271948+00:00,2026-07-30T09:02:15.271948+00:00,KION Group,9,Mechanical Engineering Co-Op,Henrietta NY Unit...,assumed,4,zapply-2027,
2026-08-01T09:02:15.271948+00:00,2026-06-02T09:02:15.271948+00:00,Human Computer Lab,9,Intern - Mechanical Engineer,San Francisco,unknown,4,zapply-2027,
2026-08-01T09:02:15.271948+00:00,2026-07-02T09:02:15.271948+00:00,Marmon Holdings,9,Mechanical Engineer Intern,United States of ...,unknown,4,zapply-2027,
2026-08-01T09:02:15.271948+00:00,2026-07-02T09:02:15.271948+00:00,Lila Sciences,9,"Co-op, Mechanical Engineer","Cambridge, MA USA",unknown,4,zapply-2027,
2026-08-01T09:02:15.271948+00:00,2026-07-02T09:02:15.271948+00:00,Thornton Tomasetti,9,Mechanical Engineer Co-op,"New York, NY, USA",unknown,4,zapply-2027,
2026-08-01T09:02:15.271948+00:00,2026-07-25T09:02:15.271948+00:00,Moog,3,"Intern, Test Engineering","Buffalo, NY",assumed,3,zapply-2027,
2026-08-01T11:13:07.962948+00:00,2026-07-23T20:03:32+00:00,Kairos Power,2,Mechanical and Manufacturing Engineering Internship - Summer 2027 ,"Alameda, CA, Albuquerque, NM, or Oak Ridge, TN",target,14,greenhouse:kairospower,https://job-boards.greenhouse.io/kairospower/jobs/6123676004
2026-08-01T11:13:07.962948+00:00,2026-07-22T19:11:37+00:00,Kairos Power,2,Chemical and Materials Engineering Internship - Summer 2027,"Alameda, CA, Albuquerque, NM or Oak Ridge, TN ",target,6,greenhouse:kairospower,https://job-boards.greenhouse.io/kairospower/jobs/6122803004
2026-08-01T11:13:07.962948+00:00,2026-07-23T19:46:38+00:00,Kairos Power,2,Electrical Engineering Internship - Summer 2027,"Alameda, CA, Albuquerque, NM or Oak Ridge, TN ",target,6,greenhouse:kairospower,https://job-boards.greenhouse.io/kairospower/jobs/6123657004
2026-08-01T11:13:07.962948+00:00,2026-07-23T22:04:30+00:00,Kairos Power,2,Nuclear Engineering Internship - Summer 2027 ,"Alameda, CA, Albuquerque, NM, Oak Ridge, TN",target,11,greenhouse:kairospower,https://job-boards.greenhouse.io/kairospower/jobs/6123830004
2026-08-01T11:13:07.962948+00:00,2026-06-11T17:51:24+00:00,Anduril,1,2027 Manufacturing Engineer Intern,"Atlanta, Georgia, United States; Boston, Massachusetts, United States; Costa Mesa, California, United States; Irvine, California, United States; Seattle, Washington, United States",target,11,greenhouse:andurilindustries,https://boards.greenhouse.io/andurilindustries/jobs/5153218007?gh_jid=5153218007
2026-08-01T11:13:07.962948+00:00,2026-06-11T17:00:56+00:00,Anduril,1,2027 Electrical Engineer Intern,"Atlanta, Georgia, United States; Boston, Massachusetts, United States; Costa Mesa, California, United States; Irvine, California, United States; Reston, Virginia, United States; Seattle, Washington, United States",target,8,greenhouse:andurilindustries,https://boards.greenhouse.io/andurilindustries/jobs/5148101007?gh_jid=5148101007
2026-08-01T11:13:07.962948+00:00,2026-06-11T17:34:22+00:00,Anduril,1,2027 Mechanical Engineer Intern,"Atlanta, Georgia, United States; Boston, Massachusetts, United States; Costa Mesa, California, United States; Irvine, California, United States; Reston, Virginia, United States; Seattle, Washington, United States",target,13,greenhouse:andurilindustries,https://boards.greenhouse.io/andurilindustries/jobs/5153187007?gh_jid=5153187007
2026-08-01T11:13:07.962948+00:00,2026-06-09T03:18:35+00:00,Rocket Lab,1,Apprentice Aerospace Technician,"Auckland, NZ",unknown,9,greenhouse:rocketlab,https://job-boards.greenhouse.io/rocketlab/jobs/7712642003
2026-08-01T11:13:07.962948+00:00,2026-07-28T18:27:09.057000+00:00,Skydio,1,Product Design Engineer Intern,"San Mateo, California, United States",assumed,9,ashby:skydio,https://jobs.ashbyhq.com/skydio/ce482813-99c2-4eaa-a165-2ed201249182
2026-08-01T11:13:07.962948+00:00,2026-07-28T18:35:36.967000+00:00,Skydio,1,Electrical Engineer Intern,"San Mateo, California, United States",assumed,6,ashby:skydio,https://jobs.ashbyhq.com/skydio/9ac944bc-89da-44bb-bf9c-3b9922e7cbee
2026-08-01T11:13:07.962948+00:00,,Apple,2,Hardware Undergrad Engineering Internship,,assumed,4,sndsh-2027,https://jobs.apple.com/en-us/details/200663981-3810/hardware-undergrad-engineering-internships
2026-08-01T11:13:07.962948+00:00,2026-07-28T11:13:07.962948+00:00,Bosch Group,9,Powertrain Controls Software Engineer...,"Farmington Hills, MI",unknown,4,zapply-2027,
2026-08-01T11:13:07.962948+00:00,2026-06-02T11:13:07.962948+00:00,Hermeus,1,Subsystem Test Engineering Intern - F...,"Atlanta, GA",unknown,9,zapply-2027,
2026-08-01T11:13:07.962948+00:00,2026-07-02T11:13:07.962948+00:00,BorgWarner,3,Mechanical Engineering Intern – Adv. ...,Michigan,unknown,5,zapply-2027,
2026-08-01T11:13:07.962948+00:00,2026-07-02T11:13:07.962948+00:00,Intuitive,2,Computer Vision Engineering Intern - ...,"Sunnyvale, CA",unknown,4,zapply-2027,
2026-08-01T11:13:07.962948+00:00,2026-07-02T11:13:07.962948+00:00,Rivian and Volkswagen Group Technologies,2,Electromechanical Design Engineering ...,"Irvine, California",unknown,10,zapply-2027,
2026-08-01T11:13:07.962948+00:00,2026-06-02T11:13:07.962948+00:00,Apple,2,Hardware Undergrad Engineering Intern...,United States,unknown,4,zapply-2027,
2026-08-01T11:13:07.962948+00:00,2026-05-03T11:13:07.962948+00:00,Astranis,1,Mechanical Engineer - Associate Progr...,San Francisco,unknown,9,zapply-2027,
2026-08-01T11:13:07.962948+00:00,2026-04-03T11:13:07.962948+00:00,Varda Space,1,Mechanical Engineering Internship - F...,"El Segundo, Calif...",unknown,11,zapply-2027,
2026-08-01T11:13:07.962948+00:00,2026-07-31T00:00:00+00:00,Garver,9,Buildings Mechanical Engineering Intern,"Dallas, TX, United States",assumed,4,jobright-engineering,https://jobright.ai/jobs/info/6a5a953c686b4755d1e1613a?utm_campaign=1048&utm_source=git
2026-08-01T11:13:07.962948+00:00,2026-07-02T11:13:07.962948+00:00,Generac,9,Mechanical Design Engineering Intern,"North Billerica, ...",unknown,7,zapply-2027,
2026-08-01T11:13:07.962948+00:00,2026-07-02T11:13:07.962948+00:00,Bosch Group,9,Mechanical Design Engineering Intern,"Fort Lauderdale, FL",unknown,7,zapply-2027,
2026-08-01T11:13:07.962948+00:00,2026-07-16T00:00:00+00:00,Unison (GE Aerospace),2,Engineering Intern (Summer 2027),"Jacksonville, FL",target,6,sndsh-2027,https://careers.geaerospace.com/global/en/job/GAOGAYGLOBALR5037097EXTERNALENGLOBAL/Unison-Engineering-Intern-Summer-2027
2026-08-01T11:13:07.962948+00:00,2026-07-31T00:00:00+00:00,"Spectrum Brands, Inc",9,Mechanical Engineering Intern,"Blacksburg, VA, United States",assumed,4,jobright-engineering,https://jobright.ai/jobs/info/6a6d06865c54bc4752cf0ab4?utm_campaign=1048&utm_source=git
2026-08-01T11:13:07.962948+00:00,2026-07-18T11:13:07.962948+00:00,Huntsman,9,Mechanical Engineering Intern,Texas,assumed,4,zapply-2027,
2026-08-01T11:13:07.962948+00:00,2026-07-30T11:13:07.962948+00:00,KION Group,9,Mechanical Engineering Co-Op,Henrietta NY Unit...,assumed,4,zapply-2027,
2026-08-01T11:13:07.962948+00:00,2026-06-02T11:13:07.962948+00:00,Human Computer Lab,9,Intern - Mechanical Engineer,San Francisco,unknown,4,zapply-2027,
2026-08-01T11:13:07.962948+00:00,2026-07-02T11:13:07.962948+00:00,Marmon Holdings,9,Mechanical Engineer Intern,United States of ...,unknown,4,zapply-2027,
2026-08-01T11:13:07.962948+00:00,2026-07-02T11:13:07.962948+00:00,Lila Sciences,9,"Co-op, Mechanical Engineer","Cambridge, MA USA",unknown,4,zapply-2027,
2026-08-01T11:13:07.962948+00:00,2026-07-02T11:13:07.962948+00:00,Thornton Tomasetti,9,Mechanical Engineer Co-op,"New York, NY, USA",unknown,4,zapply-2027,
2026-08-01T11:13:07.962948+00:00,2026-07-25T11:13:07.962948+00:00,Moog,3,"Intern, Test Engineering","Buffalo, NY",assumed,3,zapply-2027,
2026-08-01T13:44:03.834593+00:00,2026-07-23T20:03:32+00:00,Kairos Power,2,Mechanical and Manufacturing Engineering Internship - Summer 2027 ,"Alameda, CA, Albuquerque, NM, or Oak Ridge, TN",target,14,greenhouse:kairospower,https://job-boards.greenhouse.io/kairospower/jobs/6123676004
2026-08-01T13:44:03.834593+00:00,2026-07-22T19:11:37+00:00,Kairos Power,2,Chemical and Materials Engineering Internship - Summer 2027,"Alameda, CA, Albuquerque, NM or Oak Ridge, TN ",target,6,greenhouse:kairospower,https://job-boards.greenhouse.io/kairospower/jobs/6122803004
2026-08-01T13:44:03.834593+00:00,2026-07-23T19:46:38+00:00,Kairos Power,2,Electrical Engineering Internship - Summer 2027,"Alameda, CA, Albuquerque, NM or Oak Ridge, TN ",target,6,greenhouse:kairospower,https://job-boards.greenhouse.io/kairospower/jobs/6123657004
2026-08-01T13:44:03.834593+00:00,2026-07-23T22:04:30+00:00,Kairos Power,2,Nuclear Engineering Internship - Summer 2027 ,"Alameda, CA, Albuquerque, NM, Oak Ridge, TN",target,11,greenhouse:kairospower,https://job-boards.greenhouse.io/kairospower/jobs/6123830004
2026-08-01T13:44:03.834593+00:00,2026-06-11T17:51:24+00:00,Anduril,1,2027 Manufacturing Engineer Intern,"Atlanta, Georgia, United States; Boston, Massachusetts, United States; Costa Mesa, California, United States; Irvine, California, United States; Seattle, Washington, United States",target,11,greenhouse:andurilindustries,https://boards.greenhouse.io/andurilindustries/jobs/5153218007?gh_jid=5153218007
2026-08-01T13:44:03.834593+00:00,2026-06-11T17:00:56+00:00,Anduril,1,2027 Electrical Engineer Intern,"Atlanta, Georgia, United States; Boston, Massachusetts, United States; Costa Mesa, California, United States; Irvine, California, United States; Reston, Virginia, United States; Seattle, Washington, United States",target,8,greenhouse:andurilindustries,https://boards.greenhouse.io/andurilindustries/jobs/5148101007?gh_jid=5148101007
2026-08-01T13:44:03.834593+00:00,2026-06-11T17:34:22+00:00,Anduril,1,2027 Mechanical Engineer Intern,"Atlanta, Georgia, United States; Boston, Massachusetts, United States; Costa Mesa, California, United States; Irvine, California, United States; Reston, Virginia, United States; Seattle, Washington, United States",target,13,greenhouse:andurilindustries,https://boards.greenhouse.io/andurilindustries/jobs/5153187007?gh_jid=5153187007
2026-08-01T13:44:03.834593+00:00,2026-06-09T03:18:35+00:00,Rocket Lab,1,Apprentice Aerospace Technician,"Auckland, NZ",unknown,9,greenhouse:rocketlab,https://job-boards.greenhouse.io/rocketlab/jobs/7712642003
2026-08-01T13:44:03.834593+00:00,2026-07-28T18:27:09.057000+00:00,Skydio,1,Product Design Engineer Intern,"San Mateo, California, United States",assumed,9,ashby:skydio,https://jobs.ashbyhq.com/skydio/ce482813-99c2-4eaa-a165-2ed201249182
2026-08-01T13:44:03.834593+00:00,2026-07-28T18:35:36.967000+00:00,Skydio,1,Electrical Engineer Intern,"San Mateo, California, United States",assumed,6,ashby:skydio,https://jobs.ashbyhq.com/skydio/9ac944bc-89da-44bb-bf9c-3b9922e7cbee
2026-08-01T13:44:03.834593+00:00,,Apple,2,Hardware Undergrad Engineering Internship,,assumed,4,sndsh-2027,https://jobs.apple.com/en-us/details/200663981-3810/hardware-undergrad-engineering-internships
2026-08-01T13:44:03.834593+00:00,2026-07-28T13:44:03.834593+00:00,Bosch Group,9,Powertrain Controls Software Engineer...,"Farmington Hills, MI",unknown,4,zapply-2027,
2026-08-01T13:44:03.834593+00:00,2026-06-02T13:44:03.834593+00:00,Hermeus,1,Subsystem Test Engineering Intern - F...,"Atlanta, GA",unknown,9,zapply-2027,
2026-08-01T13:44:03.834593+00:00,2026-07-25T13:44:03.834593+00:00,Carrier Global,9,Thermal Optimization Engineering Inte...,CAG10: ALC,unknown,4,zapply-2027,
2026-08-01T13:44:03.834593+00:00,2026-07-02T13:44:03.834593+00:00,BorgWarner,3,Mechanical Engineering Intern – Adv. ...,Michigan,unknown,5,zapply-2027,
2026-08-01T13:44:03.834593+00:00,2026-07-02T13:44:03.834593+00:00,Intuitive,2,Computer Vision Engineering Intern - ...,"Sunnyvale, CA",unknown,4,zapply-2027,
2026-08-01T13:44:03.834593+00:00,2026-07-02T13:44:03.834593+00:00,Rivian and Volkswagen Group Technologies,2,Electromechanical Design Engineering ...,"Irvine, California",unknown,10,zapply-2027,
2026-08-01T13:44:03.834593+00:00,2026-06-02T13:44:03.834593+00:00,Apple,2,Hardware Undergrad Engineering Intern...,United States,unknown,4,zapply-2027,
2026-08-01T13:44:03.834593+00:00,2026-05-03T13:44:03.834593+00:00,Astranis,1,Mechanical Engineer - Associate Progr...,San Francisco,unknown,9,zapply-2027,
2026-08-01T13:44:03.834593+00:00,2026-04-03T13:44:03.834593+00:00,Varda Space,1,Mechanical Engineering Internship - F...,"El Segundo, Calif...",unknown,11,zapply-2027,
2026-08-01T13:44:03.834593+00:00,2026-07-31T00:00:00+00:00,Garver,9,Buildings Mechanical Engineering Intern,"Dallas, TX, United States",assumed,4,jobright-engineering,https://jobright.ai/jobs/info/6a5a953c686b4755d1e1613a?utm_campaign=1048&utm_source=git
2026-08-01T13:44:03.834593+00:00,2026-07-02T13:44:03.834593+00:00,Generac,9,Mechanical Design Engineering Intern,"North Billerica, ...",unknown,7,zapply-2027,
2026-08-01T13:44:03.834593+00:00,2026-07-02T13:44:03.834593+00:00,Bosch Group,9,Mechanical Design Engineering Intern,"Fort Lauderdale, FL",unknown,7,zapply-2027,
2026-08-01T13:44:03.834593+00:00,2026-07-16T00:00:00+00:00,Unison (GE Aerospace),2,Engineering Intern (Summer 2027),"Jacksonville, FL",target,6,sndsh-2027,https://careers.geaerospace.com/global/en/job/GAOGAYGLOBALR5037097EXTERNALENGLOBAL/Unison-Engineering-Intern-Summer-2027
2026-08-01T13:44:03.834593+00:00,2026-07-18T13:44:03.834593+00:00,Huntsman,9,Mechanical Engineering Intern,Texas,assumed,4,zapply-2027,
2026-08-01T13:44:03.834593+00:00,2026-07-30T13:44:03.834593+00:00,KION Group,9,Mechanical Engineering Co-Op,Henrietta NY Unit...,assumed,4,zapply-2027,
2026-08-01T13:44:03.834593+00:00,2026-06-02T13:44:03.834593+00:00,Human Computer Lab,9,Intern - Mechanical Engineer,San Francisco,unknown,4,zapply-2027,
2026-08-01T13:44:03.834593+00:00,2026-07-02T13:44:03.834593+00:00,Marmon Holdings,9,Mechanical Engineer Intern,United States of ...,unknown,4,zapply-2027,
2026-08-01T13:44:03.834593+00:00,2026-07-02T13:44:03.834593+00:00,Lila Sciences,9,"Co-op, Mechanical Engineer","Cambridge, MA USA",unknown,4,zapply-2027,
2026-08-01T13:44:03.834593+00:00,2026-07-02T13:44:03.834593+00:00,Thornton Tomasetti,9,Mechanical Engineer Co-op,"New York, NY, USA",unknown,4,zapply-2027,
2026-08-01T13:44:03.834593+00:00,2026-07-25T13:44:03.834593+00:00,Moog,3,"Intern, Test Engineering","Buffalo, NY",assumed,3,zapply-2027,
2026-08-01T15:07:02.775680+00:00,2026-07-23T20:03:32+00:00,Kairos Power,2,Mechanical and Manufacturing Engineering Internship - Summer 2027 ,"Alameda, CA, Albuquerque, NM, or Oak Ridge, TN",target,14,greenhouse:kairospower,https://job-boards.greenhouse.io/kairospower/jobs/6123676004
2026-08-01T15:07:02.775680+00:00,2026-07-22T19:11:37+00:00,Kairos Power,2,Chemical and Materials Engineering Internship - Summer 2027,"Alameda, CA, Albuquerque, NM or Oak Ridge, TN ",target,6,greenhouse:kairospower,https://job-boards.greenhouse.io/kairospower/jobs/6122803004
2026-08-01T15:07:02.775680+00:00,2026-07-23T19:46:38+00:00,Kairos Power,2,Electrical Engineering Internship - Summer 2027,"Alameda, CA, Albuquerque, NM or Oak Ridge, TN ",target,6,greenhouse:kairospower,https://job-boards.greenhouse.io/kairospower/jobs/6123657004
2026-08-01T15:07:02.775680+00:00,2026-07-23T22:04:30+00:00,Kairos Power,2,Nuclear Engineering Internship - Summer 2027 ,"Alameda, CA, Albuquerque, NM, Oak Ridge, TN",target,11,greenhouse:kairospower,https://job-boards.greenhouse.io/kairospower/jobs/6123830004
2026-08-01T15:07:02.775680+00:00,2026-06-11T17:51:24+00:00,Anduril,1,2027 Manufacturing Engineer Intern,"Atlanta, Georgia, United States; Boston, Massachusetts, United States; Costa Mesa, California, United States; Irvine, California, United States; Seattle, Washington, United States",target,11,greenhouse:andurilindustries,https://boards.greenhouse.io/andurilindustries/jobs/5153218007?gh_jid=5153218007
2026-08-01T15:07:02.775680+00:00,2026-06-11T17:00:56+00:00,Anduril,1,2027 Electrical Engineer Intern,"Atlanta, Georgia, United States; Boston, Massachusetts, United States; Costa Mesa, California, United States; Irvine, California, United States; Reston, Virginia, United States; Seattle, Washington, United States",target,8,greenhouse:andurilindustries,https://boards.greenhouse.io/andurilindustries/jobs/5148101007?gh_jid=5148101007
2026-08-01T15:07:02.775680+00:00,2026-06-11T17:34:22+00:00,Anduril,1,2027 Mechanical Engineer Intern,"Atlanta, Georgia, United States; Boston, Massachusetts, United States; Costa Mesa, California, United States; Irvine, California, United States; Reston, Virginia, United States; Seattle, Washington, United States",target,13,greenhouse:andurilindustries,https://boards.greenhouse.io/andurilindustries/jobs/5153187007?gh_jid=5153187007
2026-08-01T15:07:02.775680+00:00,2026-06-09T03:18:35+00:00,Rocket Lab,1,Apprentice Aerospace Technician,"Auckland, NZ",unknown,9,greenhouse:rocketlab,https://job-boards.greenhouse.io/rocketlab/jobs/7712642003
2026-08-01T15:07:02.775680+00:00,2026-07-28T18:27:09.057000+00:00,Skydio,1,Product Design Engineer Intern,"San Mateo, California, United States",assumed,9,ashby:skydio,https://jobs.ashbyhq.com/skydio/ce482813-99c2-4eaa-a165-2ed201249182
2026-08-01T15:07:02.775680+00:00,2026-07-28T18:35:36.967000+00:00,Skydio,1,Electrical Engineer Intern,"San Mateo, California, United States",assumed,6,ashby:skydio,https://jobs.ashbyhq.com/skydio/9ac944bc-89da-44bb-bf9c-3b9922e7cbee
2026-08-01T15:07:02.775680+00:00,,Apple,2,Hardware Undergrad Engineering Internship,,assumed,4,sndsh-2027,https://jobs.apple.com/en-us/details/200663981-3810/hardware-undergrad-engineering-internships
2026-08-01T15:07:02.775680+00:00,2026-07-28T15:07:02.775680+00:00,Bosch Group,9,Powertrain Controls Software Engineer...,"Farmington Hills, MI",unknown,4,zapply-2027,
2026-08-01T15:07:02.775680+00:00,2026-06-02T15:07:02.775680+00:00,Hermeus,1,Subsystem Test Engineering Intern - F...,"Atlanta, GA",unknown,9,zapply-2027,
2026-08-01T15:07:02.775680+00:00,2026-07-02T15:07:02.775680+00:00,BorgWarner,3,Mechanical Engineering Intern – Adv. ...,Michigan,unknown,5,zapply-2027,
2026-08-01T15:07:02.775680+00:00,2026-07-02T15:07:02.775680+00:00,Intuitive,2,Computer Vision Engineering Intern - ...,"Sunnyvale, CA",unknown,4,zapply-2027,
2026-08-01T15:07:02.775680+00:00,2026-07-02T15:07:02.775680+00:00,Rivian and Volkswagen Group Technologies,2,Electromechanical Design Engineering ...,"Irvine, California",unknown,10,zapply-2027,
2026-08-01T15:07:02.775680+00:00,2026-06-02T15:07:02.775680+00:00,Apple,2,Hardware Undergrad Engineering Intern...,United States,unknown,4,zapply-2027,
2026-08-01T15:07:02.775680+00:00,2026-05-03T15:07:02.775680+00:00,Astranis,1,Mechanical Engineer - Associate Progr...,San Francisco,unknown,9,zapply-2027,
2026-08-01T15:07:02.775680+00:00,2026-04-03T15:07:02.775680+00:00,Varda Space,1,Mechanical Engineering Internship - F...,"El Segundo, Calif...",unknown,11,zapply-2027,
2026-08-01T15:07:02.775680+00:00,2026-07-31T00:00:00+00:00,Garver,9,Buildings Mechanical Engineering Intern,"Dallas, TX, United States",assumed,4,jobright-engineering,https://jobright.ai/jobs/info/6a5a953c686b4755d1e1613a?utm_campaign=1048&utm_source=git
2026-08-01T15:07:02.775680+00:00,2026-07-02T15:07:02.775680+00:00,Generac,9,Mechanical Design Engineering Intern,"North Billerica, ...",unknown,7,zapply-2027,
2026-08-01T15:07:02.775680+00:00,2026-07-02T15:07:02.775680+00:00,Bosch Group,9,Mechanical Design Engineering Intern,"Fort Lauderdale, FL",unknown,7,zapply-2027,
2026-08-01T15:07:02.775680+00:00,2026-07-16T00:00:00+00:00,Unison (GE Aerospace),2,Engineering Intern (Summer 2027),"Jacksonville, FL",target,6,sndsh-2027,https://careers.geaerospace.com/global/en/job/GAOGAYGLOBALR5037097EXTERNALENGLOBAL/Unison-Engineering-Intern-Summer-2027
2026-08-01T15:07:02.775680+00:00,2026-07-18T15:07:02.775680+00:00,Huntsman,9,Mechanical Engineering Intern,Texas,assumed,4,zapply-2027,
2026-08-01T15:07:02.775680+00:00,2026-07-30T15:07:02.775680+00:00,KION Group,9,Mechanical Engineering Co-Op,Henrietta NY Unit...,assumed,4,zapply-2027,
2026-08-01T15:07:02.775680+00:00,2026-06-02T15:07:02.775680+00:00,Human Computer Lab,9,Intern - Mechanical Engineer,San Francisco,unknown,4,zapply-2027,
2026-08-01T15:07:02.775680+00:00,2026-07-02T15:07:02.775680+00:00,Marmon Holdings,9,Mechanical Engineer Intern,United States of ...,unknown,4,zapply-2027,
2026-08-01T15:07:02.775680+00:00,2026-07-02T15:07:02.775680+00:00,Lila Sciences,9,"Co-op, Mechanical Engineer","Cambridge, MA USA",unknown,4,zapply-2027,
2026-08-01T15:07:02.775680+00:00,2026-07-02T15:07:02.775680+00:00,Thornton Tomasetti,9,Mechanical Engineer Co-op,"New York, NY, USA",unknown,4,zapply-2027,
2026-08-01T15:07:02.775680+00:00,2026-07-25T15:07:02.775680+00:00,Moog,3,"Intern, Test Engineering","Buffalo, NY",assumed,3,zapply-2027,
2026-08-01T16:26:02.032557+00:00,2026-07-23T20:03:32+00:00,Kairos Power,2,Mechanical and Manufacturing Engineering Internship - Summer 2027 ,"Alameda, CA, Albuquerque, NM, or Oak Ridge, TN",target,14,greenhouse:kairospower,https://job-boards.greenhouse.io/kairospower/jobs/6123676004
2026-08-01T16:26:02.032557+00:00,2026-07-22T19:11:37+00:00,Kairos Power,2,Chemical and Materials Engineering Internship - Summer 2027,"Alameda, CA, Albuquerque, NM or Oak Ridge, TN ",target,6,greenhouse:kairospower,https://job-boards.greenhouse.io/kairospower/jobs/6122803004
2026-08-01T16:26:02.032557+00:00,2026-07-23T19:46:38+00:00,Kairos Power,2,Electrical Engineering Internship - Summer 2027,"Alameda, CA, Albuquerque, NM or Oak Ridge, TN ",target,6,greenhouse:kairospower,https://job-boards.greenhouse.io/kairospower/jobs/6123657004
2026-08-01T16:26:02.032557+00:00,2026-07-23T22:04:30+00:00,Kairos Power,2,Nuclear Engineering Internship - Summer 2027 ,"Alameda, CA, Albuquerque, NM, Oak Ridge, TN",target,11,greenhouse:kairospower,https://job-boards.greenhouse.io/kairospower/jobs/6123830004
2026-08-01T16:26:02.032557+00:00,2026-06-11T17:51:24+00:00,Anduril,1,2027 Manufacturing Engineer Intern,"Atlanta, Georgia, United States; Boston, Massachusetts, United States; Costa Mesa, California, United States; Irvine, California, United States; Seattle, Washington, United States",target,11,greenhouse:andurilindustries,https://boards.greenhouse.io/andurilindustries/jobs/5153218007?gh_jid=5153218007
2026-08-01T16:26:02.032557+00:00,2026-06-11T17:00:56+00:00,Anduril,1,2027 Electrical Engineer Intern,"Atlanta, Georgia, United States; Boston, Massachusetts, United States; Costa Mesa, California, United States; Irvine, California, United States; Reston, Virginia, United States; Seattle, Washington, United States",target,8,greenhouse:andurilindustries,https://boards.greenhouse.io/andurilindustries/jobs/5148101007?gh_jid=5148101007
2026-08-01T16:26:02.032557+00:00,2026-06-11T17:34:22+00:00,Anduril,1,2027 Mechanical Engineer Intern,"Atlanta, Georgia, United States; Boston, Massachusetts, United States; Costa Mesa, California, United States; Irvine, California, United States; Reston, Virginia, United States; Seattle, Washington, United States",target,13,greenhouse:andurilindustries,https://boards.greenhouse.io/andurilindustries/jobs/5153187007?gh_jid=5153187007
2026-08-01T16:26:02.032557+00:00,2026-06-09T03:18:35+00:00,Rocket Lab,1,Apprentice Aerospace Technician,"Auckland, NZ",unknown,9,greenhouse:rocketlab,https://job-boards.greenhouse.io/rocketlab/jobs/7712642003
2026-08-01T16:26:02.032557+00:00,2026-07-28T18:27:09.057000+00:00,Skydio,1,Product Design Engineer Intern,"San Mateo, California, United States",assumed,9,ashby:skydio,https://jobs.ashbyhq.com/skydio/ce482813-99c2-4eaa-a165-2ed201249182
2026-08-01T16:26:02.032557+00:00,2026-07-28T18:35:36.967000+00:00,Skydio,1,Electrical Engineer Intern,"San Mateo, California, United States",assumed,6,ashby:skydio,https://jobs.ashbyhq.com/skydio/9ac944bc-89da-44bb-bf9c-3b9922e7cbee
2026-08-01T16:26:02.032557+00:00,2026-08-01T00:00:00+00:00,"Newport News Shipbuilding, A Division of HII",9,MECHANICAL ENGINEER SKILLBRIDGE INTERN (PLANT OPERATIONS,"Newport News, VA, United States",assumed,4,jobright-engineering,https://jobright.ai/jobs/info/6a6dcfd5ad0fe2053db9ccd6?utm_campaign=1048&utm_source=git
2026-08-01T16:26:02.032557+00:00,,Apple,2,Hardware Undergrad Engineering Internship,,assumed,4,sndsh-2027,https://jobs.apple.com/en-us/details/200663981-3810/hardware-undergrad-engineering-internships
2026-08-01T16:26:02.032557+00:00,2026-07-28T16:26:02.032557+00:00,Bosch Group,9,Powertrain Controls Software Engineer...,"Farmington Hills, MI",unknown,4,zapply-2027,
2026-08-01T16:26:02.032557+00:00,2026-06-02T16:26:02.032557+00:00,Hermeus,1,Subsystem Test Engineering Intern - F...,"Atlanta, GA",unknown,9,zapply-2027,
2026-08-01T16:26:02.032557+00:00,2026-07-02T16:26:02.032557+00:00,BorgWarner,3,Mechanical Engineering Intern – Adv. ...,Michigan,unknown,5,zapply-2027,
2026-08-01T16:26:02.032557+00:00,2026-07-02T16:26:02.032557+00:00,Intuitive,2,Computer Vision Engineering Intern - ...,"Sunnyvale, CA",unknown,4,zapply-2027,
2026-08-01T16:26:02.032557+00:00,2026-07-02T16:26:02.032557+00:00,Rivian and Volkswagen Group Technologies,2,Electromechanical Design Engineering ...,"Irvine, California",unknown,10,zapply-2027,
2026-08-01T16:26:02.032557+00:00,2026-06-02T16:26:02.032557+00:00,Apple,2,Hardware Undergrad Engineering Intern...,United States,unknown,4,zapply-2027,
2026-08-01T16:26:02.032557+00:00,2026-05-03T16:26:02.032557+00:00,Astranis,1,Mechanical Engineer - Associate Progr...,San Francisco,unknown,9,zapply-2027,
2026-08-01T16:26:02.032557+00:00,2026-04-03T16:26:02.032557+00:00,Varda Space,1,Mechanical Engineering Internship - F...,"El Segundo, Calif...",unknown,11,zapply-2027,
2026-08-01T16:26:02.032557+00:00,2026-07-02T16:26:02.032557+00:00,Generac,9,Mechanical Design Engineering Intern,"North Billerica, ...",unknown,7,zapply-2027,
2026-08-01T16:26:02.032557+00:00,2026-07-02T16:26:02.032557+00:00,Bosch Group,9,Mechanical Design Engineering Intern,"Fort Lauderdale, FL",unknown,7,zapply-2027,
2026-08-01T16:26:02.032557+00:00,2026-07-16T00:00:00+00:00,Unison (GE Aerospace),2,Engineering Intern (Summer 2027),"Jacksonville, FL",target,6,sndsh-2027,https://careers.geaerospace.com/global/en/job/GAOGAYGLOBALR5037097EXTERNALENGLOBAL/Unison-Engineering-Intern-Summer-2027
2026-08-01T16:26:02.032557+00:00,2026-07-27T16:26:02.032557+00:00,Baxter International,9,Co-op Mechanical Engineering R&D,"Skaneateles, NY",assumed,4,zapply-2027,
2026-08-01T16:26:02.032557+00:00,2026-07-18T16:26:02.032557+00:00,Huntsman,9,Mechanical Engineering Intern,Texas,assumed,4,zapply-2027,
2026-08-01T16:26:02.032557+00:00,2026-07-30T16:26:02.032557+00:00,KION Group,9,Mechanical Engineering Co-Op,Henrietta NY Unit...,assumed,4,zapply-2027,
2026-08-01T16:26:02.032557+00:00,2026-06-02T16:26:02.032557+00:00,Human Computer Lab,9,Intern - Mechanical Engineer,San Francisco,unknown,4,zapply-2027,
2026-08-01T16:26:02.032557+00:00,2026-07-02T16:26:02.032557+00:00,Marmon Holdings,9,Mechanical Engineer Intern,United States of ...,unknown,4,zapply-2027,
2026-08-01T16:26:02.032557+00:00,2026-07-02T16:26:02.032557+00:00,Lila Sciences,9,"Co-op, Mechanical Engineer","Cambridge, MA USA",unknown,4,zapply-2027,
2026-08-01T16:26:02.032557+00:00,2026-07-02T16:26:02.032557+00:00,Thornton Tomasetti,9,Mechanical Engineer Co-op,"New York, NY, USA",unknown,4,zapply-2027,
2026-08-01T16:26:02.032557+00:00,2026-07-25T16:26:02.032557+00:00,Moog,3,"Intern, Test Engineering","Buffalo, NY",assumed,3,zapply-2027,
2026-08-01T17:41:37.536663+00:00,2026-07-23T20:03:32+00:00,Kairos Power,2,Mechanical and Manufacturing Engineering Internship - Summer 2027 ,"Alameda, CA, Albuquerque, NM, or Oak Ridge, TN",target,14,greenhouse:kairospower,https://job-boards.greenhouse.io/kairospower/jobs/6123676004
2026-08-01T17:41:37.536663+00:00,2026-07-22T19:11:37+00:00,Kairos Power,2,Chemical and Materials Engineering Internship - Summer 2027,"Alameda, CA, Albuquerque, NM or Oak Ridge, TN ",target,6,greenhouse:kairospower,https://job-boards.greenhouse.io/kairospower/jobs/6122803004
2026-08-01T17:41:37.536663+00:00,2026-07-23T19:46:38+00:00,Kairos Power,2,Electrical Engineering Internship - Summer 2027,"Alameda, CA, Albuquerque, NM or Oak Ridge, TN ",target,6,greenhouse:kairospower,https://job-boards.greenhouse.io/kairospower/jobs/6123657004
2026-08-01T17:41:37.536663+00:00,2026-07-23T22:04:30+00:00,Kairos Power,2,Nuclear Engineering Internship - Summer 2027 ,"Alameda, CA, Albuquerque, NM, Oak Ridge, TN",target,11,greenhouse:kairospower,https://job-boards.greenhouse.io/kairospower/jobs/6123830004
2026-08-01T17:41:37.536663+00:00,2026-06-11T17:51:24+00:00,Anduril,1,2027 Manufacturing Engineer Intern,"Atlanta, Georgia, United States; Boston, Massachusetts, United States; Costa Mesa, California, United States; Irvine, California, United States; Seattle, Washington, United States",target,11,greenhouse:andurilindustries,https://boards.greenhouse.io/andurilindustries/jobs/5153218007?gh_jid=5153218007
2026-08-01T17:41:37.536663+00:00,2026-06-11T17:00:56+00:00,Anduril,1,2027 Electrical Engineer Intern,"Atlanta, Georgia, United States; Boston, Massachusetts, United States; Costa Mesa, California, United States; Irvine, California, United States; Reston, Virginia, United States; Seattle, Washington, United States",target,8,greenhouse:andurilindustries,https://boards.greenhouse.io/andurilindustries/jobs/5148101007?gh_jid=5148101007
2026-08-01T17:41:37.536663+00:00,2026-06-11T17:34:22+00:00,Anduril,1,2027 Mechanical Engineer Intern,"Atlanta, Georgia, United States; Boston, Massachusetts, United States; Costa Mesa, California, United States; Irvine, California, United States; Reston, Virginia, United States; Seattle, Washington, United States",target,13,greenhouse:andurilindustries,https://boards.greenhouse.io/andurilindustries/jobs/5153187007?gh_jid=5153187007
2026-08-01T17:41:37.536663+00:00,2026-06-09T03:18:35+00:00,Rocket Lab,1,Apprentice Aerospace Technician,"Auckland, NZ",unknown,9,greenhouse:rocketlab,https://job-boards.greenhouse.io/rocketlab/jobs/7712642003
2026-08-01T17:41:37.536663+00:00,2026-07-28T18:27:09.057000+00:00,Skydio,1,Product Design Engineer Intern,"San Mateo, California, United States",assumed,9,ashby:skydio,https://jobs.ashbyhq.com/skydio/ce482813-99c2-4eaa-a165-2ed201249182
2026-08-01T17:41:37.536663+00:00,2026-07-28T18:35:36.967000+00:00,Skydio,1,Electrical Engineer Intern,"San Mateo, California, United States",assumed,6,ashby:skydio,https://jobs.ashbyhq.com/skydio/9ac944bc-89da-44bb-bf9c-3b9922e7cbee
2026-08-01T17:41:37.536663+00:00,2026-08-01T00:00:00+00:00,"Newport News Shipbuilding, A Division of HII",9,MECHANICAL ENGINEER SKILLBRIDGE INTERN (PLANT OPERATIONS,"Newport News, VA, United States",assumed,4,jobright-engineering,https://jobright.ai/jobs/info/6a6dcfd5ad0fe2053db9ccd6?utm_campaign=1048&utm_source=git
2026-08-01T17:41:37.536663+00:00,,Apple,2,Hardware Undergrad Engineering Internship,,assumed,4,sndsh-2027,https://jobs.apple.com/en-us/details/200663981-3810/hardware-undergrad-engineering-internships
2026-08-01T17:41:37.536663+00:00,2026-07-28T17:41:37.536663+00:00,Bosch Group,9,Powertrain Controls Software Engineer...,"Farmington Hills, MI",unknown,4,zapply-2027,
2026-08-01T17:41:37.536663+00:00,2026-06-02T17:41:37.536663+00:00,Hermeus,1,Subsystem Test Engineering Intern - F...,"Atlanta, GA",unknown,9,zapply-2027,
2026-08-01T17:41:37.536663+00:00,2026-07-02T17:41:37.536663+00:00,BorgWarner,3,Mechanical Engineering Intern – Adv. ...,Michigan,unknown,5,zapply-2027,
2026-08-01T17:41:37.536663+00:00,2026-07-02T17:41:37.536663+00:00,Intuitive,2,Computer Vision Engineering Intern - ...,"Sunnyvale, CA",unknown,4,zapply-2027,
2026-08-01T17:41:37.536663+00:00,2026-07-02T17:41:37.536663+00:00,Rivian and Volkswagen Group Technologies,2,Electromechanical Design Engineering ...,"Irvine, California",unknown,10,zapply-2027,
2026-08-01T17:41:37.536663+00:00,2026-06-02T17:41:37.536663+00:00,Apple,2,Hardware Undergrad Engineering Intern...,United States,unknown,4,zapply-2027,
2026-08-01T17:41:37.536663+00:00,2026-05-03T17:41:37.536663+00:00,Astranis,1,Mechanical Engineer - Associate Progr...,San Francisco,unknown,9,zapply-2027,
2026-08-01T17:41:37.536663+00:00,2026-04-03T17:41:37.536663+00:00,Varda Space,1,Mechanical Engineering Internship - F...,"El Segundo, Calif...",unknown,11,zapply-2027,
2026-08-01T17:41:37.536663+00:00,2026-07-02T17:41:37.536663+00:00,Generac,9,Mechanical Design Engineering Intern,"North Billerica, ...",unknown,7,zapply-2027,
2026-08-01T17:41:37.536663+00:00,2026-07-02T17:41:37.536663+00:00,Bosch Group,9,Mechanical Design Engineering Intern,"Fort Lauderdale, FL",unknown,7,zapply-2027,
2026-08-01T17:41:37.536663+00:00,2026-07-16T00:00:00+00:00,Unison (GE Aerospace),2,Engineering Intern (Summer 2027),"Jacksonville, FL",target,6,sndsh-2027,https://careers.geaerospace.com/global/en/job/GAOGAYGLOBALR5037097EXTERNALENGLOBAL/Unison-Engineering-Intern-Summer-2027
2026-08-01T17:41:37.536663+00:00,2026-07-27T17:41:37.536663+00:00,Baxter International,9,Co-op Mechanical Engineering R&D,"Skaneateles, NY",assumed,4,zapply-2027,
2026-08-01T17:41:37.536663+00:00,2026-07-18T17:41:37.536663+00:00,Huntsman,9,Mechanical Engineering Intern,Texas,assumed,4,zapply-2027,
2026-08-01T17:41:37.536663+00:00,2026-07-30T17:41:37.536663+00:00,KION Group,9,Mechanical Engineering Co-Op,Henrietta NY Unit...,assumed,4,zapply-2027,
2026-08-01T17:41:37.536663+00:00,2026-06-02T17:41:37.536663+00:00,Human Computer Lab,9,Intern - Mechanical Engineer,San Francisco,unknown,4,zapply-2027,
2026-08-01T17:41:37.536663+00:00,2026-07-02T17:41:37.536663+00:00,Marmon Holdings,9,Mechanical Engineer Intern,United States of ...,unknown,4,zapply-2027,
2026-08-01T17:41:37.536663+00:00,2026-07-02T17:41:37.536663+00:00,Lila Sciences,9,"Co-op, Mechanical Engineer","Cambridge, MA USA",unknown,4,zapply-2027,
2026-08-01T17:41:37.536663+00:00,2026-07-02T17:41:37.536663+00:00,Thornton Tomasetti,9,Mechanical Engineer Co-op,"New York, NY, USA",unknown,4,zapply-2027,
2026-08-01T17:41:37.536663+00:00,2026-07-25T17:41:37.536663+00:00,Moog,3,"Intern, Test Engineering","Buffalo, NY",assumed,3,zapply-2027,
2026-08-01T19:19:58.994386+00:00,2026-07-23T20:03:32+00:00,Kairos Power,2,Mechanical and Manufacturing Engineering Internship - Summer 2027 ,"Alameda, CA, Albuquerque, NM, or Oak Ridge, TN",target,14,greenhouse:kairospower,https://job-boards.greenhouse.io/kairospower/jobs/6123676004
2026-08-01T19:19:58.994386+00:00,2026-07-22T19:11:37+00:00,Kairos Power,2,Chemical and Materials Engineering Internship - Summer 2027,"Alameda, CA, Albuquerque, NM or Oak Ridge, TN ",target,6,greenhouse:kairospower,https://job-boards.greenhouse.io/kairospower/jobs/6122803004
2026-08-01T19:19:58.994386+00:00,2026-07-23T19:46:38+00:00,Kairos Power,2,Electrical Engineering Internship - Summer 2027,"Alameda, CA, Albuquerque, NM or Oak Ridge, TN ",target,6,greenhouse:kairospower,https://job-boards.greenhouse.io/kairospower/jobs/6123657004
2026-08-01T19:19:58.994386+00:00,2026-07-23T22:04:30+00:00,Kairos Power,2,Nuclear Engineering Internship - Summer 2027 ,"Alameda, CA, Albuquerque, NM, Oak Ridge, TN",target,11,greenhouse:kairospower,https://job-boards.greenhouse.io/kairospower/jobs/6123830004
2026-08-01T19:19:58.994386+00:00,2026-06-11T17:51:24+00:00,Anduril,1,2027 Manufacturing Engineer Intern,"Atlanta, Georgia, United States; Boston, Massachusetts, United States; Costa Mesa, California, United States; Irvine, California, United States; Seattle, Washington, United States",target,11,greenhouse:andurilindustries,https://boards.greenhouse.io/andurilindustries/jobs/5153218007?gh_jid=5153218007
2026-08-01T19:19:58.994386+00:00,2026-06-11T17:00:56+00:00,Anduril,1,2027 Electrical Engineer Intern,"Atlanta, Georgia, United States; Boston, Massachusetts, United States; Costa Mesa, California, United States; Irvine, California, United States; Reston, Virginia, United States; Seattle, Washington, United States",target,8,greenhouse:andurilindustries,https://boards.greenhouse.io/andurilindustries/jobs/5148101007?gh_jid=5148101007
2026-08-01T19:19:58.994386+00:00,2026-06-11T17:34:22+00:00,Anduril,1,2027 Mechanical Engineer Intern,"Atlanta, Georgia, United States; Boston, Massachusetts, United States; Costa Mesa, California, United States; Irvine, California, United States; Reston, Virginia, United States; Seattle, Washington, United States",target,13,greenhouse:andurilindustries,https://boards.greenhouse.io/andurilindustries/jobs/5153187007?gh_jid=5153187007
2026-08-01T19:19:58.994386+00:00,2026-06-09T03:18:35+00:00,Rocket Lab,1,Apprentice Aerospace Technician,"Auckland, NZ",unknown,9,greenhouse:rocketlab,https://job-boards.greenhouse.io/rocketlab/jobs/7712642003
2026-08-01T19:19:58.994386+00:00,2026-07-28T18:27:09.057000+00:00,Skydio,1,Product Design Engineer Intern,"San Mateo, California, United States",assumed,9,ashby:skydio,https://jobs.ashbyhq.com/skydio/ce482813-99c2-4eaa-a165-2ed201249182
2026-08-01T19:19:58.994386+00:00,2026-07-28T18:35:36.967000+00:00,Skydio,1,Electrical Engineer Intern,"San Mateo, California, United States",assumed,6,ashby:skydio,https://jobs.ashbyhq.com/skydio/9ac944bc-89da-44bb-bf9c-3b9922e7cbee
2026-08-01T19:19:58.994386+00:00,2026-08-01T00:00:00+00:00,"Newport News Shipbuilding, A Division of HII",9,MECHANICAL ENGINEER SKILLBRIDGE INTERN (PLANT OPERATIONS,"Newport News, VA, United States",assumed,4,jobright-engineering,https://jobright.ai/jobs/info/6a6dcfd5ad0fe2053db9ccd6?utm_campaign=1048&utm_source=git
2026-08-01T19:19:58.994386+00:00,,Apple,2,Hardware Undergrad Engineering Internship,,assumed,4,sndsh-2027,https://jobs.apple.com/en-us/details/200663981-3810/hardware-undergrad-engineering-internships
2026-08-01T19:19:58.994386+00:00,2026-07-28T19:19:58.994386+00:00,Bosch Group,9,Powertrain Controls Software Engineer...,"Farmington Hills, MI",unknown,4,zapply-2027,
2026-08-01T19:19:58.994386+00:00,2026-06-02T19:19:58.994386+00:00,Hermeus,1,Subsystem Test Engineering Intern - F...,"Atlanta, GA",unknown,9,zapply-2027,
2026-08-01T19:19:58.994386+00:00,2026-07-25T19:19:58.994386+00:00,Carrier Global,9,Thermal Optimization Engineering Inte...,CAG10: ALC,unknown,4,zapply-2027,
2026-08-01T19:19:58.994386+00:00,2026-07-02T19:19:58.994386+00:00,BorgWarner,3,Mechanical Engineering Intern – Adv. ...,Michigan,unknown,5,zapply-2027,
2026-08-01T19:19:58.994386+00:00,2026-07-02T19:19:58.994386+00:00,Intuitive,2,Computer Vision Engineering Intern - ...,"Sunnyvale, CA",unknown,4,zapply-2027,
2026-08-01T19:19:58.994386+00:00,2026-07-02T19:19:58.994386+00:00,Rivian and Volkswagen Group Technologies,2,Electromechanical Design Engineering ...,"Irvine, California",unknown,10,zapply-2027,
2026-08-01T19:19:58.994386+00:00,2026-06-02T19:19:58.994386+00:00,Apple,2,Hardware Undergrad Engineering Intern...,United States,unknown,4,zapply-2027,
2026-08-01T19:19:58.994386+00:00,2026-05-03T19:19:58.994386+00:00,Astranis,1,Mechanical Engineer - Associate Progr...,San Francisco,unknown,9,zapply-2027,
2026-08-01T19:19:58.994386+00:00,2026-04-03T19:19:58.994386+00:00,Varda Space,1,Mechanical Engineering Internship - F...,"El Segundo, Calif...",unknown,11,zapply-2027,
2026-08-01T19:19:58.994386+00:00,2026-07-02T19:19:58.994386+00:00,Generac,9,Mechanical Design Engineering Intern,"North Billerica, ...",unknown,7,zapply-2027,
2026-08-01T19:19:58.994386+00:00,2026-07-02T19:19:58.994386+00:00,Bosch Group,9,Mechanical Design Engineering Intern,"Fort Lauderdale, FL",unknown,7,zapply-2027,
2026-08-01T19:19:58.994386+00:00,2026-07-16T00:00:00+00:00,Unison (GE Aerospace),2,Engineering Intern (Summer 2027),"Jacksonville, FL",target,6,sndsh-2027,https://careers.geaerospace.com/global/en/job/GAOGAYGLOBALR5037097EXTERNALENGLOBAL/Unison-Engineering-Intern-Summer-2027
2026-08-01T19:19:58.994386+00:00,2026-07-27T19:19:58.994386+00:00,Baxter International,9,Co-op Mechanical Engineering R&D,"Skaneateles, NY",assumed,4,zapply-2027,
2026-08-01T19:19:58.994386+00:00,2026-07-18T19:19:58.994386+00:00,Huntsman,9,Mechanical Engineering Intern,Texas,assumed,4,zapply-2027,
2026-08-01T19:19:58.994386+00:00,2026-07-30T19:19:58.994386+00:00,KION Group,9,Mechanical Engineering Co-Op,Henrietta NY Unit...,assumed,4,zapply-2027,
2026-08-01T19:19:58.994386+00:00,2026-06-02T19:19:58.994386+00:00,Human Computer Lab,9,Intern - Mechanical Engineer,San Francisco,unknown,4,zapply-2027,
2026-08-01T19:19:58.994386+00:00,2026-07-02T19:19:58.994386+00:00,Marmon Holdings,9,Mechanical Engineer Intern,United States of ...,unknown,4,zapply-2027,
2026-08-01T19:19:58.994386+00:00,2026-07-02T19:19:58.994386+00:00,Lila Sciences,9,"Co-op, Mechanical Engineer","Cambridge, MA USA",unknown,4,zapply-2027,
2026-08-01T19:19:58.994386+00:00,2026-07-02T19:19:58.994386+00:00,Thornton Tomasetti,9,Mechanical Engineer Co-op,"New York, NY, USA",unknown,4,zapply-2027,
2026-08-01T19:19:58.994386+00:00,2026-07-25T19:19:58.994386+00:00,Moog,3,"Intern, Test Engineering","Buffalo, NY",assumed,3,zapply-2027,
2026-08-01T20:24:48.916751+00:00,2026-07-23T20:03:32+00:00,Kairos Power,2,Mechanical and Manufacturing Engineering Internship - Summer 2027 ,"Alameda, CA, Albuquerque, NM, or Oak Ridge, TN",target,14,greenhouse:kairospower,https://job-boards.greenhouse.io/kairospower/jobs/6123676004
2026-08-01T20:24:48.916751+00:00,2026-07-22T19:11:37+00:00,Kairos Power,2,Chemical and Materials Engineering Internship - Summer 2027,"Alameda, CA, Albuquerque, NM or Oak Ridge, TN ",target,6,greenhouse:kairospower,https://job-boards.greenhouse.io/kairospower/jobs/6122803004
2026-08-01T20:24:48.916751+00:00,2026-07-23T19:46:38+00:00,Kairos Power,2,Electrical Engineering Internship - Summer 2027,"Alameda, CA, Albuquerque, NM or Oak Ridge, TN ",target,6,greenhouse:kairospower,https://job-boards.greenhouse.io/kairospower/jobs/6123657004
2026-08-01T20:24:48.916751+00:00,2026-07-23T22:04:30+00:00,Kairos Power,2,Nuclear Engineering Internship - Summer 2027 ,"Alameda, CA, Albuquerque, NM, Oak Ridge, TN",target,11,greenhouse:kairospower,https://job-boards.greenhouse.io/kairospower/jobs/6123830004
2026-08-01T20:24:48.916751+00:00,2026-06-11T17:51:24+00:00,Anduril,1,2027 Manufacturing Engineer Intern,"Atlanta, Georgia, United States; Boston, Massachusetts, United States; Costa Mesa, California, United States; Irvine, California, United States; Seattle, Washington, United States",target,11,greenhouse:andurilindustries,https://boards.greenhouse.io/andurilindustries/jobs/5153218007?gh_jid=5153218007
2026-08-01T20:24:48.916751+00:00,2026-06-11T17:00:56+00:00,Anduril,1,2027 Electrical Engineer Intern,"Atlanta, Georgia, United States; Boston, Massachusetts, United States; Costa Mesa, California, United States; Irvine, California, United States; Reston, Virginia, United States; Seattle, Washington, United States",target,8,greenhouse:andurilindustries,https://boards.greenhouse.io/andurilindustries/jobs/5148101007?gh_jid=5148101007
2026-08-01T20:24:48.916751+00:00,2026-06-11T17:34:22+00:00,Anduril,1,2027 Mechanical Engineer Intern,"Atlanta, Georgia, United States; Boston, Massachusetts, United States; Costa Mesa, California, United States; Irvine, California, United States; Reston, Virginia, United States; Seattle, Washington, United States",target,13,greenhouse:andurilindustries,https://boards.greenhouse.io/andurilindustries/jobs/5153187007?gh_jid=5153187007
2026-08-01T20:24:48.916751+00:00,2026-06-09T03:18:35+00:00,Rocket Lab,1,Apprentice Aerospace Technician,"Auckland, NZ",unknown,9,greenhouse:rocketlab,https://job-boards.greenhouse.io/rocketlab/jobs/7712642003
2026-08-01T20:24:48.916751+00:00,2026-07-28T18:27:09.057000+00:00,Skydio,1,Product Design Engineer Intern,"San Mateo, California, United States",assumed,9,ashby:skydio,https://jobs.ashbyhq.com/skydio/ce482813-99c2-4eaa-a165-2ed201249182
2026-08-01T20:24:48.916751+00:00,2026-07-28T18:35:36.967000+00:00,Skydio,1,Electrical Engineer Intern,"San Mateo, California, United States",assumed,6,ashby:skydio,https://jobs.ashbyhq.com/skydio/9ac944bc-89da-44bb-bf9c-3b9922e7cbee
2026-08-01T20:24:48.916751+00:00,,Apple,2,Hardware Undergrad Engineering Internship,,assumed,4,sndsh-2027,https://jobs.apple.com/en-us/details/200663981-3810/hardware-undergrad-engineering-internships
2026-08-01T20:24:48.916751+00:00,2026-07-28T20:24:48.916751+00:00,Bosch Group,9,Powertrain Controls Software Engineer...,"Farmington Hills, MI",unknown,4,zapply-2027,
2026-08-01T20:24:48.916751+00:00,2026-06-02T20:24:48.916751+00:00,Hermeus,1,Subsystem Test Engineering Intern - F...,"Atlanta, GA",unknown,9,zapply-2027,
2026-08-01T20:24:48.916751+00:00,2026-07-25T20:24:48.916751+00:00,Carrier Global,9,Thermal Optimization Engineering Inte...,CAG10: ALC,unknown,4,zapply-2027,
2026-08-01T20:24:48.916751+00:00,2026-07-02T20:24:48.916751+00:00,BorgWarner,3,Mechanical Engineering Intern – Adv. ...,Michigan,unknown,5,zapply-2027,
2026-08-01T20:24:48.916751+00:00,2026-07-02T20:24:48.916751+00:00,Intuitive,2,Computer Vision Engineering Intern - ...,"Sunnyvale, CA",unknown,4,zapply-2027,
2026-08-01T20:24:48.916751+00:00,2026-07-02T20:24:48.916751+00:00,Rivian and Volkswagen Group Technologies,2,Electromechanical Design Engineering ...,"Irvine, California",unknown,10,zapply-2027,
2026-08-01T20:24:48.916751+00:00,2026-06-02T20:24:48.916751+00:00,Apple,2,Hardware Undergrad Engineering Intern...,United States,unknown,4,zapply-2027,
2026-08-01T20:24:48.916751+00:00,2026-05-03T20:24:48.916751+00:00,Astranis,1,Mechanical Engineer - Associate Progr...,San Francisco,unknown,9,zapply-2027,
2026-08-01T20:24:48.916751+00:00,2026-04-03T20:24:48.916751+00:00,Varda Space,1,Mechanical Engineering Internship - F...,"El Segundo, Calif...",unknown,11,zapply-2027,
2026-08-01T20:24:48.916751+00:00,2026-07-02T20:24:48.916751+00:00,Generac,9,Mechanical Design Engineering Intern,"North Billerica, ...",unknown,7,zapply-2027,
2026-08-01T20:24:48.916751+00:00,2026-07-02T20:24:48.916751+00:00,Bosch Group,9,Mechanical Design Engineering Intern,"Fort Lauderdale, FL",unknown,7,zapply-2027,
2026-08-01T20:24:48.916751+00:00,2026-07-16T00:00:00+00:00,Unison (GE Aerospace),2,Engineering Intern (Summer 2027),"Jacksonville, FL",target,6,sndsh-2027,https://careers.geaerospace.com/global/en/job/GAOGAYGLOBALR5037097EXTERNALENGLOBAL/Unison-Engineering-Intern-Summer-2027
2026-08-01T20:24:48.916751+00:00,2026-07-27T20:24:48.916751+00:00,Baxter International,9,Co-op Mechanical Engineering R&D,"Skaneateles, NY",assumed,4,zapply-2027,
2026-08-01T20:24:48.916751+00:00,2026-07-18T20:24:48.916751+00:00,Huntsman,9,Mechanical Engineering Intern,Texas,assumed,4,zapply-2027,
2026-08-01T20:24:48.916751+00:00,2026-07-30T20:24:48.916751+00:00,KION Group,9,Mechanical Engineering Co-Op,Henrietta NY Unit...,assumed,4,zapply-2027,
2026-08-01T20:24:48.916751+00:00,2026-06-02T20:24:48.916751+00:00,Human Computer Lab,9,Intern - Mechanical Engineer,San Francisco,unknown,4,zapply-2027,
2026-08-01T20:24:48.916751+00:00,2026-07-02T20:24:48.916751+00:00,Marmon Holdings,9,Mechanical Engineer Intern,United States of ...,unknown,4,zapply-2027,
2026-08-01T20:24:48.916751+00:00,2026-07-02T20:24:48.916751+00:00,Lila Sciences,9,"Co-op, Mechanical Engineer","Cambridge, MA USA",unknown,4,zapply-2027,
2026-08-01T20:24:48.916751+00:00,2026-07-02T20:24:48.916751+00:00,Thornton Tomasetti,9,Mechanical Engineer Co-op,"New York, NY, USA",unknown,4,zapply-2027,
2026-08-01T20:24:48.916751+00:00,2026-07-25T20:24:48.916751+00:00,Moog,3,"Intern, Test Engineering","Buffalo, NY",assumed,3,zapply-2027,
2026-08-01T21:35:42.557628+00:00,2026-07-23T20:03:32+00:00,Kairos Power,2,Mechanical and Manufacturing Engineering Internship - Summer 2027 ,"Alameda, CA, Albuquerque, NM, or Oak Ridge, TN",target,14,greenhouse:kairospower,https://job-boards.greenhouse.io/kairospower/jobs/6123676004
2026-08-01T21:35:42.557628+00:00,2026-07-22T19:11:37+00:00,Kairos Power,2,Chemical and Materials Engineering Internship - Summer 2027,"Alameda, CA, Albuquerque, NM or Oak Ridge, TN ",target,6,greenhouse:kairospower,https://job-boards.greenhouse.io/kairospower/jobs/6122803004
2026-08-01T21:35:42.557628+00:00,2026-07-23T19:46:38+00:00,Kairos Power,2,Electrical Engineering Internship - Summer 2027,"Alameda, CA, Albuquerque, NM or Oak Ridge, TN ",target,6,greenhouse:kairospower,https://job-boards.greenhouse.io/kairospower/jobs/6123657004
2026-08-01T21:35:42.557628+00:00,2026-07-23T22:04:30+00:00,Kairos Power,2,Nuclear Engineering Internship - Summer 2027 ,"Alameda, CA, Albuquerque, NM, Oak Ridge, TN",target,11,greenhouse:kairospower,https://job-boards.greenhouse.io/kairospower/jobs/6123830004
2026-08-01T21:35:42.557628+00:00,2026-06-11T17:51:24+00:00,Anduril,1,2027 Manufacturing Engineer Intern,"Atlanta, Georgia, United States; Boston, Massachusetts, United States; Costa Mesa, California, United States; Irvine, California, United States; Seattle, Washington, United States",target,11,greenhouse:andurilindustries,https://boards.greenhouse.io/andurilindustries/jobs/5153218007?gh_jid=5153218007
2026-08-01T21:35:42.557628+00:00,2026-06-11T17:00:56+00:00,Anduril,1,2027 Electrical Engineer Intern,"Atlanta, Georgia, United States; Boston, Massachusetts, United States; Costa Mesa, California, United States; Irvine, California, United States; Reston, Virginia, United States; Seattle, Washington, United States",target,8,greenhouse:andurilindustries,https://boards.greenhouse.io/andurilindustries/jobs/5148101007?gh_jid=5148101007
2026-08-01T21:35:42.557628+00:00,2026-06-11T17:34:22+00:00,Anduril,1,2027 Mechanical Engineer Intern,"Atlanta, Georgia, United States; Boston, Massachusetts, United States; Costa Mesa, California, United States; Irvine, California, United States; Reston, Virginia, United States; Seattle, Washington, United States",target,13,greenhouse:andurilindustries,https://boards.greenhouse.io/andurilindustries/jobs/5153187007?gh_jid=5153187007
2026-08-01T21:35:42.557628+00:00,2026-06-09T03:18:35+00:00,Rocket Lab,1,Apprentice Aerospace Technician,"Auckland, NZ",unknown,9,greenhouse:rocketlab,https://job-boards.greenhouse.io/rocketlab/jobs/7712642003
2026-08-01T21:35:42.557628+00:00,2026-07-28T18:27:09.057000+00:00,Skydio,1,Product Design Engineer Intern,"San Mateo, California, United States",assumed,9,ashby:skydio,https://jobs.ashbyhq.com/skydio/ce482813-99c2-4eaa-a165-2ed201249182
2026-08-01T21:35:42.557628+00:00,2026-07-28T18:35:36.967000+00:00,Skydio,1,Electrical Engineer Intern,"San Mateo, California, United States",assumed,6,ashby:skydio,https://jobs.ashbyhq.com/skydio/9ac944bc-89da-44bb-bf9c-3b9922e7cbee
2026-08-01T21:35:42.557628+00:00,,Apple,2,Hardware Undergrad Engineering Internship,,assumed,4,sndsh-2027,https://jobs.apple.com/en-us/details/200663981-3810/hardware-undergrad-engineering-internships
2026-08-01T21:35:42.557628+00:00,2026-07-27T21:35:42.557628+00:00,Bosch Group,9,Powertrain Controls Software Engineer...,"Farmington Hills, MI",unknown,4,zapply-2027,
2026-08-01T21:35:42.557628+00:00,2026-06-02T21:35:42.557628+00:00,Hermeus,1,Subsystem Test Engineering Intern - F...,"Atlanta, GA",unknown,9,zapply-2027,
2026-08-01T21:35:42.557628+00:00,2026-07-25T21:35:42.557628+00:00,Carrier Global,9,Thermal Optimization Engineering Inte...,CAG10: ALC,unknown,4,zapply-2027,
2026-08-01T21:35:42.557628+00:00,2026-07-02T21:35:42.557628+00:00,BorgWarner,3,Mechanical Engineering Intern – Adv. ...,Michigan,unknown,5,zapply-2027,
2026-08-01T21:35:42.557628+00:00,2026-07-02T21:35:42.557628+00:00,Intuitive,2,Computer Vision Engineering Intern - ...,"Sunnyvale, CA",unknown,4,zapply-2027,
2026-08-01T21:35:42.557628+00:00,2026-07-02T21:35:42.557628+00:00,Rivian and Volkswagen Group Technologies,2,Electromechanical Design Engineering ...,"Irvine, California",unknown,10,zapply-2027,
2026-08-01T21:35:42.557628+00:00,2026-06-02T21:35:42.557628+00:00,Apple,2,Hardware Undergrad Engineering Intern...,United States,unknown,4,zapply-2027,
2026-08-01T21:35:42.557628+00:00,2026-05-03T21:35:42.557628+00:00,Astranis,1,Mechanical Engineer - Associate Progr...,San Francisco,unknown,9,zapply-2027,
2026-08-01T21:35:42.557628+00:00,2026-04-03T21:35:42.557628+00:00,Varda Space,1,Mechanical Engineering Internship - F...,"El Segundo, Calif...",unknown,11,zapply-2027,
2026-08-01T21:35:42.557628+00:00,2026-07-02T21:35:42.557628+00:00,Generac,9,Mechanical Design Engineering Intern,"North Billerica, ...",unknown,7,zapply-2027,
2026-08-01T21:35:42.557628+00:00,2026-07-02T21:35:42.557628+00:00,Bosch Group,9,Mechanical Design Engineering Intern,"Fort Lauderdale, FL",unknown,7,zapply-2027,
2026-08-01T21:35:42.557628+00:00,2026-07-02T21:35:42.557628+00:00,Penn State University,9,Opto-Mechanical Engineering Intern,Optics,unknown,4,zapply-2027,
2026-08-01T21:35:42.557628+00:00,2026-07-16T00:00:00+00:00,Unison (GE Aerospace),2,Engineering Intern (Summer 2027),"Jacksonville, FL",target,6,sndsh-2027,https://careers.geaerospace.com/global/en/job/GAOGAYGLOBALR5037097EXTERNALENGLOBAL/Unison-Engineering-Intern-Summer-2027
2026-08-01T21:35:42.557628+00:00,2026-07-27T21:35:42.557628+00:00,Baxter International,9,Co-op Mechanical Engineering R&D,"Skaneateles, NY",assumed,4,zapply-2027,
2026-08-01T21:35:42.557628+00:00,2026-07-18T21:35:42.557628+00:00,Huntsman,9,Mechanical Engineering Intern,Texas,assumed,4,zapply-2027,
2026-08-01T21:35:42.557628+00:00,2026-07-30T21:35:42.557628+00:00,KION Group,9,Mechanical Engineering Co-Op,Henrietta NY Unit...,assumed,4,zapply-2027,
2026-08-01T21:35:42.557628+00:00,2026-06-02T21:35:42.557628+00:00,Human Computer Lab,9,Intern - Mechanical Engineer,San Francisco,unknown,4,zapply-2027,
2026-08-01T21:35:42.557628+00:00,2026-07-02T21:35:42.557628+00:00,Marmon Holdings,9,Mechanical Engineer Intern,United States of ...,unknown,4,zapply-2027,
2026-08-01T21:35:42.557628+00:00,2026-07-02T21:35:42.557628+00:00,Lila Sciences,9,"Co-op, Mechanical Engineer","Cambridge, MA USA",unknown,4,zapply-2027,
2026-08-01T21:35:42.557628+00:00,2026-07-02T21:35:42.557628+00:00,Thornton Tomasetti,9,Mechanical Engineer Co-op,"New York, NY, USA",unknown,4,zapply-2027,
2026-08-01T21:35:42.557628+00:00,2026-07-25T21:35:42.557628+00:00,Moog,3,"Intern, Test Engineering","Buffalo, NY",assumed,3,zapply-2027,
2026-08-01T22:37:46.443003+00:00,2026-07-23T20:03:32+00:00,Kairos Power,2,Mechanical and Manufacturing Engineering Internship - Summer 2027 ,"Alameda, CA, Albuquerque, NM, or Oak Ridge, TN",target,14,greenhouse:kairospower,https://job-boards.greenhouse.io/kairospower/jobs/6123676004
2026-08-01T22:37:46.443003+00:00,2026-07-22T19:11:37+00:00,Kairos Power,2,Chemical and Materials Engineering Internship - Summer 2027,"Alameda, CA, Albuquerque, NM or Oak Ridge, TN ",target,6,greenhouse:kairospower,https://job-boards.greenhouse.io/kairospower/jobs/6122803004
2026-08-01T22:37:46.443003+00:00,2026-07-23T19:46:38+00:00,Kairos Power,2,Electrical Engineering Internship - Summer 2027,"Alameda, CA, Albuquerque, NM or Oak Ridge, TN ",target,6,greenhouse:kairospower,https://job-boards.greenhouse.io/kairospower/jobs/6123657004
2026-08-01T22:37:46.443003+00:00,2026-07-23T22:04:30+00:00,Kairos Power,2,Nuclear Engineering Internship - Summer 2027 ,"Alameda, CA, Albuquerque, NM, Oak Ridge, TN",target,11,greenhouse:kairospower,https://job-boards.greenhouse.io/kairospower/jobs/6123830004
2026-08-01T22:37:46.443003+00:00,2026-06-11T17:51:24+00:00,Anduril,1,2027 Manufacturing Engineer Intern,"Atlanta, Georgia, United States; Boston, Massachusetts, United States; Costa Mesa, California, United States; Irvine, California, United States; Seattle, Washington, United States",target,11,greenhouse:andurilindustries,https://boards.greenhouse.io/andurilindustries/jobs/5153218007?gh_jid=5153218007
2026-08-01T22:37:46.443003+00:00,2026-06-11T17:00:56+00:00,Anduril,1,2027 Electrical Engineer Intern,"Atlanta, Georgia, United States; Boston, Massachusetts, United States; Costa Mesa, California, United States; Irvine, California, United States; Reston, Virginia, United States; Seattle, Washington, United States",target,8,greenhouse:andurilindustries,https://boards.greenhouse.io/andurilindustries/jobs/5148101007?gh_jid=5148101007
2026-08-01T22:37:46.443003+00:00,2026-06-11T17:34:22+00:00,Anduril,1,2027 Mechanical Engineer Intern,"Atlanta, Georgia, United States; Boston, Massachusetts, United States; Costa Mesa, California, United States; Irvine, California, United States; Reston, Virginia, United States; Seattle, Washington, United States",target,13,greenhouse:andurilindustries,https://boards.greenhouse.io/andurilindustries/jobs/5153187007?gh_jid=5153187007
2026-08-01T22:37:46.443003+00:00,2026-06-09T03:18:35+00:00,Rocket Lab,1,Apprentice Aerospace Technician,"Auckland, NZ",unknown,9,greenhouse:rocketlab,https://job-boards.greenhouse.io/rocketlab/jobs/7712642003
2026-08-01T22:37:46.443003+00:00,2026-07-28T18:27:09.057000+00:00,Skydio,1,Product Design Engineer Intern,"San Mateo, California, United States",assumed,9,ashby:skydio,https://jobs.ashbyhq.com/skydio/ce482813-99c2-4eaa-a165-2ed201249182
2026-08-01T22:37:46.443003+00:00,2026-07-28T18:35:36.967000+00:00,Skydio,1,Electrical Engineer Intern,"San Mateo, California, United States",assumed,6,ashby:skydio,https://jobs.ashbyhq.com/skydio/9ac944bc-89da-44bb-bf9c-3b9922e7cbee
2026-08-01T22:37:46.443003+00:00,,Apple,2,Hardware Undergrad Engineering Internship,,assumed,4,sndsh-2027,https://jobs.apple.com/en-us/details/200663981-3810/hardware-undergrad-engineering-internships
2026-08-01T22:37:46.443003+00:00,2026-07-27T22:37:46.443003+00:00,Bosch Group,9,Powertrain Controls Software Engineer...,"Farmington Hills, MI",unknown,4,zapply-2027,
2026-08-01T22:37:46.443003+00:00,2026-06-02T22:37:46.443003+00:00,Hermeus,1,Subsystem Test Engineering Intern - F...,"Atlanta, GA",unknown,9,zapply-2027,
2026-08-01T22:37:46.443003+00:00,2026-07-25T22:37:46.443003+00:00,Carrier Global,9,Thermal Optimization Engineering Inte...,CAG10: ALC,unknown,4,zapply-2027,
2026-08-01T22:37:46.443003+00:00,2026-07-02T22:37:46.443003+00:00,BorgWarner,3,Mechanical Engineering Intern – Adv. ...,Michigan,unknown,5,zapply-2027,
2026-08-01T22:37:46.443003+00:00,2026-07-02T22:37:46.443003+00:00,Intuitive,2,Computer Vision Engineering Intern - ...,"Sunnyvale, CA",unknown,4,zapply-2027,
2026-08-01T22:37:46.443003+00:00,2026-07-02T22:37:46.443003+00:00,Rivian and Volkswagen Group Technologies,2,Electromechanical Design Engineering ...,"Irvine, California",unknown,10,zapply-2027,
2026-08-01T22:37:46.443003+00:00,2026-06-02T22:37:46.443003+00:00,Apple,2,Hardware Undergrad Engineering Intern...,United States,unknown,4,zapply-2027,
2026-08-01T22:37:46.443003+00:00,2026-05-03T22:37:46.443003+00:00,Astranis,1,Mechanical Engineer - Associate Progr...,San Francisco,unknown,9,zapply-2027,
2026-08-01T22:37:46.443003+00:00,2026-04-03T22:37:46.443003+00:00,Varda Space,1,Mechanical Engineering Internship - F...,"El Segundo, Calif...",unknown,11,zapply-2027,
2026-08-01T22:37:46.443003+00:00,2026-07-02T22:37:46.443003+00:00,Generac,9,Mechanical Design Engineering Intern,"North Billerica, ...",unknown,7,zapply-2027,
2026-08-01T22:37:46.443003+00:00,2026-07-02T22:37:46.443003+00:00,Bosch Group,9,Mechanical Design Engineering Intern,"Fort Lauderdale, FL",unknown,7,zapply-2027,
2026-08-01T22:37:46.443003+00:00,2026-07-16T00:00:00+00:00,Unison (GE Aerospace),2,Engineering Intern (Summer 2027),"Jacksonville, FL",target,6,sndsh-2027,https://careers.geaerospace.com/global/en/job/GAOGAYGLOBALR5037097EXTERNALENGLOBAL/Unison-Engineering-Intern-Summer-2027
2026-08-01T22:37:46.443003+00:00,2026-07-27T22:37:46.443003+00:00,Baxter International,9,Co-op Mechanical Engineering R&D,"Skaneateles, NY",assumed,4,zapply-2027,
2026-08-01T22:37:46.443003+00:00,2026-07-18T22:37:46.443003+00:00,Huntsman,9,Mechanical Engineering Intern,Texas,assumed,4,zapply-2027,
2026-08-01T22:37:46.443003+00:00,2026-06-02T22:37:46.443003+00:00,Human Computer Lab,9,Intern - Mechanical Engineer,San Francisco,unknown,4,zapply-2027,
2026-08-01T22:37:46.443003+00:00,2026-07-02T22:37:46.443003+00:00,Marmon Holdings,9,Mechanical Engineer Intern,United States of ...,unknown,4,zapply-2027,
2026-08-01T22:37:46.443003+00:00,2026-07-02T22:37:46.443003+00:00,Lila Sciences,9,"Co-op, Mechanical Engineer","Cambridge, MA USA",unknown,4,zapply-2027,
2026-08-01T22:37:46.443003+00:00,2026-07-02T22:37:46.443003+00:00,Thornton Tomasetti,9,Mechanical Engineer Co-op,"New York, NY, USA",unknown,4,zapply-2027,
2026-08-01T22:37:46.443003+00:00,2026-07-25T22:37:46.443003+00:00,Moog,3,"Intern, Test Engineering","Buffalo, NY",assumed,3,zapply-2027,
2026-08-01T23:41:44.263231+00:00,2026-07-23T20:03:32+00:00,Kairos Power,2,Mechanical and Manufacturing Engineering Internship - Summer 2027 ,"Alameda, CA, Albuquerque, NM, or Oak Ridge, TN",target,14,greenhouse:kairospower,https://job-boards.greenhouse.io/kairospower/jobs/6123676004
2026-08-01T23:41:44.263231+00:00,2026-07-22T19:11:37+00:00,Kairos Power,2,Chemical and Materials Engineering Internship - Summer 2027,"Alameda, CA, Albuquerque, NM or Oak Ridge, TN ",target,6,greenhouse:kairospower,https://job-boards.greenhouse.io/kairospower/jobs/6122803004
2026-08-01T23:41:44.263231+00:00,2026-07-23T19:46:38+00:00,Kairos Power,2,Electrical Engineering Internship - Summer 2027,"Alameda, CA, Albuquerque, NM or Oak Ridge, TN ",target,6,greenhouse:kairospower,https://job-boards.greenhouse.io/kairospower/jobs/6123657004
2026-08-01T23:41:44.263231+00:00,2026-07-23T22:04:30+00:00,Kairos Power,2,Nuclear Engineering Internship - Summer 2027 ,"Alameda, CA, Albuquerque, NM, Oak Ridge, TN",target,11,greenhouse:kairospower,https://job-boards.greenhouse.io/kairospower/jobs/6123830004
2026-08-01T23:41:44.263231+00:00,2026-06-11T17:51:24+00:00,Anduril,1,2027 Manufacturing Engineer Intern,"Atlanta, Georgia, United States; Boston, Massachusetts, United States; Costa Mesa, California, United States; Irvine, California, United States; Seattle, Washington, United States",target,11,greenhouse:andurilindustries,https://boards.greenhouse.io/andurilindustries/jobs/5153218007?gh_jid=5153218007
2026-08-01T23:41:44.263231+00:00,2026-06-11T17:00:56+00:00,Anduril,1,2027 Electrical Engineer Intern,"Atlanta, Georgia, United States; Boston, Massachusetts, United States; Costa Mesa, California, United States; Irvine, California, United States; Reston, Virginia, United States; Seattle, Washington, United States",target,8,greenhouse:andurilindustries,https://boards.greenhouse.io/andurilindustries/jobs/5148101007?gh_jid=5148101007
2026-08-01T23:41:44.263231+00:00,2026-06-11T17:34:22+00:00,Anduril,1,2027 Mechanical Engineer Intern,"Atlanta, Georgia, United States; Boston, Massachusetts, United States; Costa Mesa, California, United States; Irvine, California, United States; Reston, Virginia, United States; Seattle, Washington, United States",target,13,greenhouse:andurilindustries,https://boards.greenhouse.io/andurilindustries/jobs/5153187007?gh_jid=5153187007
2026-08-01T23:41:44.263231+00:00,2026-06-09T03:18:35+00:00,Rocket Lab,1,Apprentice Aerospace Technician,"Auckland, NZ",unknown,9,greenhouse:rocketlab,https://job-boards.greenhouse.io/rocketlab/jobs/7712642003
2026-08-01T23:41:44.263231+00:00,2026-07-28T18:27:09.057000+00:00,Skydio,1,Product Design Engineer Intern,"San Mateo, California, United States",assumed,9,ashby:skydio,https://jobs.ashbyhq.com/skydio/ce482813-99c2-4eaa-a165-2ed201249182
2026-08-01T23:41:44.263231+00:00,2026-07-28T18:35:36.967000+00:00,Skydio,1,Electrical Engineer Intern,"San Mateo, California, United States",assumed,6,ashby:skydio,https://jobs.ashbyhq.com/skydio/9ac944bc-89da-44bb-bf9c-3b9922e7cbee
2026-08-01T23:41:44.263231+00:00,,Apple,2,Hardware Undergrad Engineering Internship,,assumed,4,sndsh-2027,https://jobs.apple.com/en-us/details/200663981-3810/hardware-undergrad-engineering-internships
2026-08-01T23:41:44.263231+00:00,2026-07-27T23:41:44.263231+00:00,Bosch Group,9,Powertrain Controls Software Engineer...,"Farmington Hills, MI",unknown,4,zapply-2027,
2026-08-01T23:41:44.263231+00:00,2026-06-02T23:41:44.263231+00:00,Hermeus,1,Subsystem Test Engineering Intern - F...,"Atlanta, GA",unknown,9,zapply-2027,
2026-08-01T23:41:44.263231+00:00,2026-07-02T23:41:44.263231+00:00,BorgWarner,3,Mechanical Engineering Intern – Adv. ...,Michigan,unknown,5,zapply-2027,
2026-08-01T23:41:44.263231+00:00,2026-07-02T23:41:44.263231+00:00,Intuitive,2,Computer Vision Engineering Intern - ...,"Sunnyvale, CA",unknown,4,zapply-2027,
2026-08-01T23:41:44.263231+00:00,2026-06-02T23:41:44.263231+00:00,Rivian and Volkswagen Group Technologies,2,Electromechanical Design Engineering ...,"Irvine, California",unknown,10,zapply-2027,
2026-08-01T23:41:44.263231+00:00,2026-06-02T23:41:44.263231+00:00,Apple,2,Hardware Undergrad Engineering Intern...,United States,unknown,4,zapply-2027,
2026-08-01T23:41:44.263231+00:00,2026-05-03T23:41:44.263231+00:00,Astranis,1,Mechanical Engineer - Associate Progr...,San Francisco,unknown,9,zapply-2027,
2026-08-01T23:41:44.263231+00:00,2026-04-03T23:41:44.263231+00:00,Varda Space,1,Mechanical Engineering Internship - F...,"El Segundo, Calif...",unknown,11,zapply-2027,
2026-08-01T23:41:44.263231+00:00,2026-07-02T23:41:44.263231+00:00,Generac,9,Mechanical Design Engineering Intern,"North Billerica, ...",unknown,7,zapply-2027,
2026-08-01T23:41:44.263231+00:00,2026-07-02T23:41:44.263231+00:00,Bosch Group,9,Mechanical Design Engineering Intern,"Fort Lauderdale, FL",unknown,7,zapply-2027,
2026-08-01T23:41:44.263231+00:00,2026-07-16T00:00:00+00:00,Unison (GE Aerospace),2,Engineering Intern (Summer 2027),"Jacksonville, FL",target,6,sndsh-2027,https://careers.geaerospace.com/global/en/job/GAOGAYGLOBALR5037097EXTERNALENGLOBAL/Unison-Engineering-Intern-Summer-2027
2026-08-01T23:41:44.263231+00:00,2026-07-27T23:41:44.263231+00:00,Baxter International,9,Co-op Mechanical Engineering R&D,"Skaneateles, NY",assumed,4,zapply-2027,
2026-08-01T23:41:44.263231+00:00,2026-07-18T23:41:44.263231+00:00,Huntsman,9,Mechanical Engineering Intern,Texas,assumed,4,zapply-2027,
2026-08-01T23:41:44.263231+00:00,2026-06-02T23:41:44.263231+00:00,Human Computer Lab,9,Intern - Mechanical Engineer,San Francisco,unknown,4,zapply-2027,
2026-08-01T23:41:44.263231+00:00,2026-07-02T23:41:44.263231+00:00,Marmon Holdings,9,Mechanical Engineer Intern,United States of ...,unknown,4,zapply-2027,
2026-08-01T23:41:44.263231+00:00,2026-07-02T23:41:44.263231+00:00,Lila Sciences,9,"Co-op, Mechanical Engineer","Cambridge, MA USA",unknown,4,zapply-2027,
2026-08-01T23:41:44.263231+00:00,2026-07-02T23:41:44.263231+00:00,Thornton Tomasetti,9,Mechanical Engineer Co-op,"New York, NY, USA",unknown,4,zapply-2027,
2026-08-01T23:41:44.263231+00:00,2026-07-25T23:41:44.263231+00:00,Moog,3,"Intern, Test Engineering","Buffalo, NY",assumed,3,zapply-2027,
2026-08-02T03:34:48.813915+00:00,2026-07-23T20:03:32+00:00,Kairos Power,2,Mechanical and Manufacturing Engineering Internship - Summer 2027 ,"Alameda, CA, Albuquerque, NM, or Oak Ridge, TN",target,14,greenhouse:kairospower,https://job-boards.greenhouse.io/kairospower/jobs/6123676004
2026-08-02T03:34:48.813915+00:00,2026-07-22T19:11:37+00:00,Kairos Power,2,Chemical and Materials Engineering Internship - Summer 2027,"Alameda, CA, Albuquerque, NM or Oak Ridge, TN ",target,6,greenhouse:kairospower,https://job-boards.greenhouse.io/kairospower/jobs/6122803004
2026-08-02T03:34:48.813915+00:00,2026-07-23T19:46:38+00:00,Kairos Power,2,Electrical Engineering Internship - Summer 2027,"Alameda, CA, Albuquerque, NM or Oak Ridge, TN ",target,6,greenhouse:kairospower,https://job-boards.greenhouse.io/kairospower/jobs/6123657004
2026-08-02T03:34:48.813915+00:00,2026-07-23T22:04:30+00:00,Kairos Power,2,Nuclear Engineering Internship - Summer 2027 ,"Alameda, CA, Albuquerque, NM, Oak Ridge, TN",target,11,greenhouse:kairospower,https://job-boards.greenhouse.io/kairospower/jobs/6123830004
2026-08-02T03:34:48.813915+00:00,2026-06-11T17:51:24+00:00,Anduril,1,2027 Manufacturing Engineer Intern,"Atlanta, Georgia, United States; Boston, Massachusetts, United States; Costa Mesa, California, United States; Irvine, California, United States; Seattle, Washington, United States",target,11,greenhouse:andurilindustries,https://boards.greenhouse.io/andurilindustries/jobs/5153218007?gh_jid=5153218007
2026-08-02T03:34:48.813915+00:00,2026-06-11T17:00:56+00:00,Anduril,1,2027 Electrical Engineer Intern,"Atlanta, Georgia, United States; Boston, Massachusetts, United States; Costa Mesa, California, United States; Irvine, California, United States; Reston, Virginia, United States; Seattle, Washington, United States",target,8,greenhouse:andurilindustries,https://boards.greenhouse.io/andurilindustries/jobs/5148101007?gh_jid=5148101007
2026-08-02T03:34:48.813915+00:00,2026-06-11T17:34:22+00:00,Anduril,1,2027 Mechanical Engineer Intern,"Atlanta, Georgia, United States; Boston, Massachusetts, United States; Costa Mesa, California, United States; Irvine, California, United States; Reston, Virginia, United States; Seattle, Washington, United States",target,13,greenhouse:andurilindustries,https://boards.greenhouse.io/andurilindustries/jobs/5153187007?gh_jid=5153187007
2026-08-02T03:34:48.813915+00:00,2026-06-09T03:18:35+00:00,Rocket Lab,1,Apprentice Aerospace Technician,"Auckland, NZ",unknown,9,greenhouse:rocketlab,https://job-boards.greenhouse.io/rocketlab/jobs/7712642003
2026-08-02T03:34:48.813915+00:00,2026-07-28T18:27:09.057000+00:00,Skydio,1,Product Design Engineer Intern,"San Mateo, California, United States",assumed,9,ashby:skydio,https://jobs.ashbyhq.com/skydio/ce482813-99c2-4eaa-a165-2ed201249182
2026-08-02T03:34:48.813915+00:00,2026-07-28T18:35:36.967000+00:00,Skydio,1,Electrical Engineer Intern,"San Mateo, California, United States",assumed,6,ashby:skydio,https://jobs.ashbyhq.com/skydio/9ac944bc-89da-44bb-bf9c-3b9922e7cbee
2026-08-02T03:34:48.813915+00:00,,Apple,2,Hardware Undergrad Engineering Internship,,assumed,4,sndsh-2027,https://jobs.apple.com/en-us/details/200663981-3810/hardware-undergrad-engineering-internships
2026-08-02T03:34:48.813915+00:00,2026-07-28T03:34:48.813915+00:00,Bosch Group,9,Powertrain Controls Software Engineer...,"Farmington Hills, MI",unknown,4,zapply-2027,
2026-08-02T03:34:48.813915+00:00,2026-06-03T03:34:48.813915+00:00,Hermeus,1,Subsystem Test Engineering Intern - F...,"Atlanta, GA",unknown,9,zapply-2027,
2026-08-02T03:34:48.813915+00:00,2026-07-03T03:34:48.813915+00:00,BorgWarner,3,Mechanical Engineering Intern – Adv. ...,Michigan,unknown,5,zapply-2027,
2026-08-02T03:34:48.813915+00:00,2026-07-03T03:34:48.813915+00:00,Intuitive,2,Computer Vision Engineering Intern - ...,"Sunnyvale, CA",unknown,4,zapply-2027,
2026-08-02T03:34:48.813915+00:00,2026-06-03T03:34:48.813915+00:00,Rivian and Volkswagen Group Technologies,2,Electromechanical Design Engineering ...,"Irvine, California",unknown,10,zapply-2027,
2026-08-02T03:34:48.813915+00:00,2026-06-03T03:34:48.813915+00:00,Apple,2,Hardware Undergrad Engineering Intern...,United States,unknown,4,zapply-2027,
2026-08-02T03:34:48.813915+00:00,2026-05-04T03:34:48.813915+00:00,Astranis,1,Mechanical Engineer - Associate Progr...,San Francisco,unknown,9,zapply-2027,
2026-08-02T03:34:48.813915+00:00,2026-04-04T03:34:48.813915+00:00,Varda Space,1,Mechanical Engineering Internship - F...,"El Segundo, Calif...",unknown,11,zapply-2027,
2026-08-02T03:34:48.813915+00:00,2026-07-26T03:34:48.813915+00:00,Applied Materials,3,2026 Process Engineer Co-op - Adv Deg...,"Gloucester,MA",unknown,3,zapply-2027,
2026-08-02T03:34:48.813915+00:00,2026-07-03T03:34:48.813915+00:00,Generac,9,Mechanical Design Engineering Intern,"North Billerica, ...",unknown,7,zapply-2027,
2026-08-02T03:34:48.813915+00:00,2026-07-03T03:34:48.813915+00:00,Bosch Group,9,Mechanical Design Engineering Intern,"Fort Lauderdale, FL",unknown,7,zapply-2027,
2026-08-02T03:34:48.813915+00:00,2026-07-16T00:00:00+00:00,Unison (GE Aerospace),2,Engineering Intern (Summer 2027),"Jacksonville, FL",target,6,sndsh-2027,https://careers.geaerospace.com/global/en/job/GAOGAYGLOBALR5037097EXTERNALENGLOBAL/Unison-Engineering-Intern-Summer-2027
2026-08-02T03:34:48.813915+00:00,2026-07-28T03:34:48.813915+00:00,Baxter International,9,Co-op Mechanical Engineering R&D,"Skaneateles, NY",assumed,4,zapply-2027,
2026-08-02T03:34:48.813915+00:00,2026-07-19T03:34:48.813915+00:00,Huntsman,9,Mechanical Engineering Intern,Texas,assumed,4,zapply-2027,
2026-08-02T03:34:48.813915+00:00,2026-06-03T03:34:48.813915+00:00,Human Computer Lab,9,Intern - Mechanical Engineer,San Francisco,unknown,4,zapply-2027,
2026-08-02T03:34:48.813915+00:00,2026-07-03T03:34:48.813915+00:00,Marmon Holdings,9,Mechanical Engineer Intern,United States of ...,unknown,4,zapply-2027,
2026-08-02T03:34:48.813915+00:00,2026-07-03T03:34:48.813915+00:00,Lila Sciences,9,"Co-op, Mechanical Engineer","Cambridge, MA USA",unknown,4,zapply-2027,
2026-08-02T03:34:48.813915+00:00,2026-07-03T03:34:48.813915+00:00,Thornton Tomasetti,9,Mechanical Engineer Co-op,"New York, NY, USA",unknown,4,zapply-2027,
2026-08-02T03:34:48.813915+00:00,2026-07-26T03:34:48.813915+00:00,Moog,3,"Intern, Test Engineering","Buffalo, NY",assumed,3,zapply-2027,
2026-08-02T06:20:07.550988+00:00,2026-07-23T20:03:32+00:00,Kairos Power,2,Mechanical and Manufacturing Engineering Internship - Summer 2027 ,"Alameda, CA, Albuquerque, NM, or Oak Ridge, TN",target,14,greenhouse:kairospower,https://job-boards.greenhouse.io/kairospower/jobs/6123676004
2026-08-02T06:20:07.550988+00:00,2026-07-22T19:11:37+00:00,Kairos Power,2,Chemical and Materials Engineering Internship - Summer 2027,"Alameda, CA, Albuquerque, NM or Oak Ridge, TN ",target,6,greenhouse:kairospower,https://job-boards.greenhouse.io/kairospower/jobs/6122803004
2026-08-02T06:20:07.550988+00:00,2026-07-23T19:46:38+00:00,Kairos Power,2,Electrical Engineering Internship - Summer 2027,"Alameda, CA, Albuquerque, NM or Oak Ridge, TN ",target,6,greenhouse:kairospower,https://job-boards.greenhouse.io/kairospower/jobs/6123657004
2026-08-02T06:20:07.550988+00:00,2026-07-23T22:04:30+00:00,Kairos Power,2,Nuclear Engineering Internship - Summer 2027 ,"Alameda, CA, Albuquerque, NM, Oak Ridge, TN",target,11,greenhouse:kairospower,https://job-boards.greenhouse.io/kairospower/jobs/6123830004
2026-08-02T06:20:07.550988+00:00,2026-06-11T17:51:24+00:00,Anduril,1,2027 Manufacturing Engineer Intern,"Atlanta, Georgia, United States; Boston, Massachusetts, United States; Costa Mesa, California, United States; Irvine, California, United States; Seattle, Washington, United States",target,11,greenhouse:andurilindustries,https://boards.greenhouse.io/andurilindustries/jobs/5153218007?gh_jid=5153218007
2026-08-02T06:20:07.550988+00:00,2026-06-11T17:00:56+00:00,Anduril,1,2027 Electrical Engineer Intern,"Atlanta, Georgia, United States; Boston, Massachusetts, United States; Costa Mesa, California, United States; Irvine, California, United States; Reston, Virginia, United States; Seattle, Washington, United States",target,8,greenhouse:andurilindustries,https://boards.greenhouse.io/andurilindustries/jobs/5148101007?gh_jid=5148101007
2026-08-02T06:20:07.550988+00:00,2026-06-11T17:34:22+00:00,Anduril,1,2027 Mechanical Engineer Intern,"Atlanta, Georgia, United States; Boston, Massachusetts, United States; Costa Mesa, California, United States; Irvine, California, United States; Reston, Virginia, United States; Seattle, Washington, United States",target,13,greenhouse:andurilindustries,https://boards.greenhouse.io/andurilindustries/jobs/5153187007?gh_jid=5153187007
2026-08-02T06:20:07.550988+00:00,2026-06-09T03:18:35+00:00,Rocket Lab,1,Apprentice Aerospace Technician,"Auckland, NZ",unknown,9,greenhouse:rocketlab,https://job-boards.greenhouse.io/rocketlab/jobs/7712642003
2026-08-02T06:20:07.550988+00:00,2026-07-28T18:27:09.057000+00:00,Skydio,1,Product Design Engineer Intern,"San Mateo, California, United States",assumed,9,ashby:skydio,https://jobs.ashbyhq.com/skydio/ce482813-99c2-4eaa-a165-2ed201249182
2026-08-02T06:20:07.550988+00:00,2026-07-28T18:35:36.967000+00:00,Skydio,1,Electrical Engineer Intern,"San Mateo, California, United States",assumed,6,ashby:skydio,https://jobs.ashbyhq.com/skydio/9ac944bc-89da-44bb-bf9c-3b9922e7cbee
2026-08-02T06:20:07.550988+00:00,,Apple,2,Hardware Undergrad Engineering Internship,,assumed,4,sndsh-2027,https://jobs.apple.com/en-us/details/200663981-3810/hardware-undergrad-engineering-internships
2026-08-02T06:20:07.550988+00:00,2026-07-28T06:20:07.550988+00:00,Bosch Group,9,Powertrain Controls Software Engineer...,"Farmington Hills, MI",unknown,4,zapply-2027,
2026-08-02T06:20:07.550988+00:00,2026-06-03T06:20:07.550988+00:00,Hermeus,1,Subsystem Test Engineering Intern - F...,"Atlanta, GA",unknown,9,zapply-2027,
2026-08-02T06:20:07.550988+00:00,2026-07-03T06:20:07.550988+00:00,BorgWarner,3,Mechanical Engineering Intern – Adv. ...,Michigan,unknown,5,zapply-2027,
2026-08-02T06:20:07.550988+00:00,2026-07-03T06:20:07.550988+00:00,Intuitive,2,Computer Vision Engineering Intern - ...,"Sunnyvale, CA",unknown,4,zapply-2027,
2026-08-02T06:20:07.550988+00:00,2026-06-03T06:20:07.550988+00:00,Rivian and Volkswagen Group Technologies,2,Electromechanical Design Engineering ...,"Irvine, California",unknown,10,zapply-2027,
2026-08-02T06:20:07.550988+00:00,2026-06-03T06:20:07.550988+00:00,Apple,2,Hardware Undergrad Engineering Intern...,United States,unknown,4,zapply-2027,
2026-08-02T06:20:07.550988+00:00,2026-05-04T06:20:07.550988+00:00,Astranis,1,Mechanical Engineer - Associate Progr...,San Francisco,unknown,9,zapply-2027,
2026-08-02T06:20:07.550988+00:00,2026-04-04T06:20:07.550988+00:00,Varda Space,1,Mechanical Engineering Internship - F...,"El Segundo, Calif...",unknown,11,zapply-2027,
2026-08-02T06:20:07.550988+00:00,2026-07-03T06:20:07.550988+00:00,Generac,9,Mechanical Design Engineering Intern,"North Billerica, ...",unknown,7,zapply-2027,
2026-08-02T06:20:07.550988+00:00,2026-07-03T06:20:07.550988+00:00,Bosch Group,9,Mechanical Design Engineering Intern,"Fort Lauderdale, FL",unknown,7,zapply-2027,
2026-08-02T06:20:07.550988+00:00,2026-07-16T00:00:00+00:00,Unison (GE Aerospace),2,Engineering Intern (Summer 2027),"Jacksonville, FL",target,6,sndsh-2027,https://careers.geaerospace.com/global/en/job/GAOGAYGLOBALR5037097EXTERNALENGLOBAL/Unison-Engineering-Intern-Summer-2027
2026-08-02T06:20:07.550988+00:00,2026-07-19T06:20:07.550988+00:00,Huntsman,9,Mechanical Engineering Intern,Texas,assumed,4,zapply-2027,
2026-08-02T06:20:07.550988+00:00,2026-06-03T06:20:07.550988+00:00,Human Computer Lab,9,Intern - Mechanical Engineer,San Francisco,unknown,4,zapply-2027,
2026-08-02T06:20:07.550988+00:00,2026-07-03T06:20:07.550988+00:00,Marmon Holdings,9,Mechanical Engineer Intern,United States of ...,unknown,4,zapply-2027,
2026-08-02T06:20:07.550988+00:00,2026-07-03T06:20:07.550988+00:00,Lila Sciences,9,"Co-op, Mechanical Engineer","Cambridge, MA USA",unknown,4,zapply-2027,
2026-08-02T06:20:07.550988+00:00,2026-07-03T06:20:07.550988+00:00,Thornton Tomasetti,9,Mechanical Engineer Co-op,"New York, NY, USA",unknown,4,zapply-2027,
2026-08-02T06:20:07.550988+00:00,2026-07-26T06:20:07.550988+00:00,Moog,3,"Intern, Test Engineering","Buffalo, NY",assumed,3,zapply-2027,
2026-08-02T06:29:18.727211+00:00,2026-07-23T20:03:32+00:00,Kairos Power,2,Mechanical and Manufacturing Engineering Internship - Summer 2027 ,"Alameda, CA, Albuquerque, NM, or Oak Ridge, TN",target,14,greenhouse:kairospower,https://job-boards.greenhouse.io/kairospower/jobs/6123676004
2026-08-02T06:29:18.727211+00:00,2026-07-22T19:11:37+00:00,Kairos Power,2,Chemical and Materials Engineering Internship - Summer 2027,"Alameda, CA, Albuquerque, NM or Oak Ridge, TN ",target,6,greenhouse:kairospower,https://job-boards.greenhouse.io/kairospower/jobs/6122803004
2026-08-02T06:29:18.727211+00:00,2026-07-23T19:46:38+00:00,Kairos Power,2,Electrical Engineering Internship - Summer 2027,"Alameda, CA, Albuquerque, NM or Oak Ridge, TN ",target,6,greenhouse:kairospower,https://job-boards.greenhouse.io/kairospower/jobs/6123657004
2026-08-02T06:29:18.727211+00:00,2026-07-23T22:04:30+00:00,Kairos Power,2,Nuclear Engineering Internship - Summer 2027 ,"Alameda, CA, Albuquerque, NM, Oak Ridge, TN",target,11,greenhouse:kairospower,https://job-boards.greenhouse.io/kairospower/jobs/6123830004
2026-08-02T06:29:18.727211+00:00,2026-06-11T17:51:24+00:00,Anduril,1,2027 Manufacturing Engineer Intern,"Atlanta, Georgia, United States; Boston, Massachusetts, United States; Costa Mesa, California, United States; Irvine, California, United States; Seattle, Washington, United States",target,11,greenhouse:andurilindustries,https://boards.greenhouse.io/andurilindustries/jobs/5153218007?gh_jid=5153218007
2026-08-02T06:29:18.727211+00:00,2026-06-11T17:00:56+00:00,Anduril,1,2027 Electrical Engineer Intern,"Atlanta, Georgia, United States; Boston, Massachusetts, United States; Costa Mesa, California, United States; Irvine, California, United States; Reston, Virginia, United States; Seattle, Washington, United States",target,8,greenhouse:andurilindustries,https://boards.greenhouse.io/andurilindustries/jobs/5148101007?gh_jid=5148101007
2026-08-02T06:29:18.727211+00:00,2026-06-11T17:34:22+00:00,Anduril,1,2027 Mechanical Engineer Intern,"Atlanta, Georgia, United States; Boston, Massachusetts, United States; Costa Mesa, California, United States; Irvine, California, United States; Reston, Virginia, United States; Seattle, Washington, United States",target,13,greenhouse:andurilindustries,https://boards.greenhouse.io/andurilindustries/jobs/5153187007?gh_jid=5153187007
2026-08-02T06:29:18.727211+00:00,2026-06-09T03:18:35+00:00,Rocket Lab,1,Apprentice Aerospace Technician,"Auckland, NZ",unknown,9,greenhouse:rocketlab,https://job-boards.greenhouse.io/rocketlab/jobs/7712642003
2026-08-02T06:29:18.727211+00:00,2026-07-28T18:27:09.057000+00:00,Skydio,1,Product Design Engineer Intern,"San Mateo, California, United States",assumed,9,ashby:skydio,https://jobs.ashbyhq.com/skydio/ce482813-99c2-4eaa-a165-2ed201249182
2026-08-02T06:29:18.727211+00:00,2026-07-28T18:35:36.967000+00:00,Skydio,1,Electrical Engineer Intern,"San Mateo, California, United States",assumed,6,ashby:skydio,https://jobs.ashbyhq.com/skydio/9ac944bc-89da-44bb-bf9c-3b9922e7cbee
2026-08-02T06:29:18.727211+00:00,,Apple,2,Hardware Undergrad Engineering Internship,,assumed,4,sndsh-2027,https://jobs.apple.com/en-us/details/200663981-3810/hardware-undergrad-engineering-internships
2026-08-02T06:29:18.727211+00:00,2026-07-28T06:29:18.727211+00:00,Bosch Group,9,Powertrain Controls Software Engineer...,"Farmington Hills, MI",unknown,4,zapply-2027,
2026-08-02T06:29:18.727211+00:00,2026-06-03T06:29:18.727211+00:00,Hermeus,1,Subsystem Test Engineering Intern - F...,"Atlanta, GA",unknown,9,zapply-2027,
2026-08-02T06:29:18.727211+00:00,2026-07-03T06:29:18.727211+00:00,BorgWarner,3,Mechanical Engineering Intern – Adv. ...,Michigan,unknown,5,zapply-2027,
2026-08-02T06:29:18.727211+00:00,2026-07-03T06:29:18.727211+00:00,Intuitive,2,Computer Vision Engineering Intern - ...,"Sunnyvale, CA",unknown,4,zapply-2027,
2026-08-02T06:29:18.727211+00:00,2026-06-03T06:29:18.727211+00:00,Rivian and Volkswagen Group Technologies,2,Electromechanical Design Engineering ...,"Irvine, California",unknown,10,zapply-2027,
2026-08-02T06:29:18.727211+00:00,2026-06-03T06:29:18.727211+00:00,Apple,2,Hardware Undergrad Engineering Intern...,United States,unknown,4,zapply-2027,
2026-08-02T06:29:18.727211+00:00,2026-05-04T06:29:18.727211+00:00,Astranis,1,Mechanical Engineer - Associate Progr...,San Francisco,unknown,9,zapply-2027,
2026-08-02T06:29:18.727211+00:00,2026-04-04T06:29:18.727211+00:00,Varda Space,1,Mechanical Engineering Internship - F...,"El Segundo, Calif...",unknown,11,zapply-2027,
2026-08-02T06:29:18.727211+00:00,2026-07-03T06:29:18.727211+00:00,Generac,9,Mechanical Design Engineering Intern,"North Billerica, ...",unknown,7,zapply-2027,
2026-08-02T06:29:18.727211+00:00,2026-07-03T06:29:18.727211+00:00,Bosch Group,9,Mechanical Design Engineering Intern,"Fort Lauderdale, FL",unknown,7,zapply-2027,
2026-08-02T06:29:18.727211+00:00,2026-07-16T00:00:00+00:00,Unison (GE Aerospace),2,Engineering Intern (Summer 2027),"Jacksonville, FL",target,6,sndsh-2027,https://careers.geaerospace.com/global/en/job/GAOGAYGLOBALR5037097EXTERNALENGLOBAL/Unison-Engineering-Intern-Summer-2027
2026-08-02T06:29:18.727211+00:00,2026-07-19T06:29:18.727211+00:00,Huntsman,9,Mechanical Engineering Intern,Texas,assumed,4,zapply-2027,
2026-08-02T06:29:18.727211+00:00,2026-06-03T06:29:18.727211+00:00,Human Computer Lab,9,Intern - Mechanical Engineer,San Francisco,unknown,4,zapply-2027,
2026-08-02T06:29:18.727211+00:00,2026-07-03T06:29:18.727211+00:00,Marmon Holdings,9,Mechanical Engineer Intern,United States of ...,unknown,4,zapply-2027,
2026-08-02T06:29:18.727211+00:00,2026-07-03T06:29:18.727211+00:00,Lila Sciences,9,"Co-op, Mechanical Engineer","Cambridge, MA USA",unknown,4,zapply-2027,
2026-08-02T06:29:18.727211+00:00,2026-07-03T06:29:18.727211+00:00,Thornton Tomasetti,9,Mechanical Engineer Co-op,"New York, NY, USA",unknown,4,zapply-2027,
2026-08-02T06:29:18.727211+00:00,2026-07-26T06:29:18.727211+00:00,Moog,3,"Intern, Test Engineering","Buffalo, NY",assumed,3,zapply-2027,
2026-08-02T09:06:44.454013+00:00,2026-07-23T20:03:32+00:00,Kairos Power,2,Mechanical and Manufacturing Engineering Internship - Summer 2027 ,"Alameda, CA, Albuquerque, NM, or Oak Ridge, TN",target,14,greenhouse:kairospower,https://job-boards.greenhouse.io/kairospower/jobs/6123676004
2026-08-02T09:06:44.454013+00:00,2026-07-22T19:11:37+00:00,Kairos Power,2,Chemical and Materials Engineering Internship - Summer 2027,"Alameda, CA, Albuquerque, NM or Oak Ridge, TN ",target,6,greenhouse:kairospower,https://job-boards.greenhouse.io/kairospower/jobs/6122803004
2026-08-02T09:06:44.454013+00:00,2026-07-23T19:46:38+00:00,Kairos Power,2,Electrical Engineering Internship - Summer 2027,"Alameda, CA, Albuquerque, NM or Oak Ridge, TN ",target,6,greenhouse:kairospower,https://job-boards.greenhouse.io/kairospower/jobs/6123657004
2026-08-02T09:06:44.454013+00:00,2026-07-23T22:04:30+00:00,Kairos Power,2,Nuclear Engineering Internship - Summer 2027 ,"Alameda, CA, Albuquerque, NM, Oak Ridge, TN",target,11,greenhouse:kairospower,https://job-boards.greenhouse.io/kairospower/jobs/6123830004
2026-08-02T09:06:44.454013+00:00,2026-06-11T17:51:24+00:00,Anduril,1,2027 Manufacturing Engineer Intern,"Atlanta, Georgia, United States; Boston, Massachusetts, United States; Costa Mesa, California, United States; Irvine, California, United States; Seattle, Washington, United States",target,11,greenhouse:andurilindustries,https://boards.greenhouse.io/andurilindustries/jobs/5153218007?gh_jid=5153218007
2026-08-02T09:06:44.454013+00:00,2026-06-11T17:00:56+00:00,Anduril,1,2027 Electrical Engineer Intern,"Atlanta, Georgia, United States; Boston, Massachusetts, United States; Costa Mesa, California, United States; Irvine, California, United States; Reston, Virginia, United States; Seattle, Washington, United States",target,8,greenhouse:andurilindustries,https://boards.greenhouse.io/andurilindustries/jobs/5148101007?gh_jid=5148101007
2026-08-02T09:06:44.454013+00:00,2026-06-11T17:34:22+00:00,Anduril,1,2027 Mechanical Engineer Intern,"Atlanta, Georgia, United States; Boston, Massachusetts, United States; Costa Mesa, California, United States; Irvine, California, United States; Reston, Virginia, United States; Seattle, Washington, United States",target,13,greenhouse:andurilindustries,https://boards.greenhouse.io/andurilindustries/jobs/5153187007?gh_jid=5153187007
2026-08-02T09:06:44.454013+00:00,2026-06-09T03:18:35+00:00,Rocket Lab,1,Apprentice Aerospace Technician,"Auckland, NZ",unknown,9,greenhouse:rocketlab,https://job-boards.greenhouse.io/rocketlab/jobs/7712642003
2026-08-02T09:06:44.454013+00:00,2026-07-28T18:27:09.057000+00:00,Skydio,1,Product Design Engineer Intern,"San Mateo, California, United States",assumed,9,ashby:skydio,https://jobs.ashbyhq.com/skydio/ce482813-99c2-4eaa-a165-2ed201249182
2026-08-02T09:06:44.454013+00:00,2026-07-28T18:35:36.967000+00:00,Skydio,1,Electrical Engineer Intern,"San Mateo, California, United States",assumed,6,ashby:skydio,https://jobs.ashbyhq.com/skydio/9ac944bc-89da-44bb-bf9c-3b9922e7cbee
2026-08-02T09:06:44.454013+00:00,,Apple,2,Hardware Undergrad Engineering Internship,,assumed,4,sndsh-2027,https://jobs.apple.com/en-us/details/200663981-3810/hardware-undergrad-engineering-internships
2026-08-02T09:06:44.454013+00:00,2026-07-28T09:06:44.454013+00:00,Bosch Group,9,Powertrain Controls Software Engineer...,"Farmington Hills, MI",unknown,4,zapply-2027,
2026-08-02T09:06:44.454013+00:00,2026-06-03T09:06:44.454013+00:00,Hermeus,1,Subsystem Test Engineering Intern - F...,"Atlanta, GA",unknown,9,zapply-2027,
2026-08-02T09:06:44.454013+00:00,2026-07-03T09:06:44.454013+00:00,BorgWarner,3,Mechanical Engineering Intern – Adv. ...,Michigan,unknown,5,zapply-2027,
2026-08-02T09:06:44.454013+00:00,2026-07-03T09:06:44.454013+00:00,Intuitive,2,Computer Vision Engineering Intern - ...,"Sunnyvale, CA",unknown,4,zapply-2027,
2026-08-02T09:06:44.454013+00:00,2026-06-03T09:06:44.454013+00:00,Rivian and Volkswagen Group Technologies,2,Electromechanical Design Engineering ...,"Irvine, California",unknown,10,zapply-2027,
2026-08-02T09:06:44.454013+00:00,2026-06-03T09:06:44.454013+00:00,Apple,2,Hardware Undergrad Engineering Intern...,United States,unknown,4,zapply-2027,
2026-08-02T09:06:44.454013+00:00,2026-05-04T09:06:44.454013+00:00,Astranis,1,Mechanical Engineer - Associate Progr...,San Francisco,unknown,9,zapply-2027,
2026-08-02T09:06:44.454013+00:00,2026-04-04T09:06:44.454013+00:00,Varda Space,1,Mechanical Engineering Internship - F...,"El Segundo, Calif...",unknown,11,zapply-2027,
2026-08-02T09:06:44.454013+00:00,2026-07-03T09:06:44.454013+00:00,Generac,9,Mechanical Design Engineering Intern,"North Billerica, ...",unknown,7,zapply-2027,
2026-08-02T09:06:44.454013+00:00,2026-07-03T09:06:44.454013+00:00,Bosch Group,9,Mechanical Design Engineering Intern,"Fort Lauderdale, FL",unknown,7,zapply-2027,
2026-08-02T09:06:44.454013+00:00,2026-07-16T00:00:00+00:00,Unison (GE Aerospace),2,Engineering Intern (Summer 2027),"Jacksonville, FL",target,6,sndsh-2027,https://careers.geaerospace.com/global/en/job/GAOGAYGLOBALR5037097EXTERNALENGLOBAL/Unison-Engineering-Intern-Summer-2027
2026-08-02T09:06:44.454013+00:00,2026-07-19T09:06:44.454013+00:00,Huntsman,9,Mechanical Engineering Intern,Texas,assumed,4,zapply-2027,
2026-08-02T09:06:44.454013+00:00,2026-06-03T09:06:44.454013+00:00,Human Computer Lab,9,Intern - Mechanical Engineer,San Francisco,unknown,4,zapply-2027,
2026-08-02T09:06:44.454013+00:00,2026-07-03T09:06:44.454013+00:00,Marmon Holdings,9,Mechanical Engineer Intern,United States of ...,unknown,4,zapply-2027,
2026-08-02T09:06:44.454013+00:00,2026-07-03T09:06:44.454013+00:00,Lila Sciences,9,"Co-op, Mechanical Engineer","Cambridge, MA USA",unknown,4,zapply-2027,
2026-08-02T09:06:44.454013+00:00,2026-07-03T09:06:44.454013+00:00,Thornton Tomasetti,9,Mechanical Engineer Co-op,"New York, NY, USA",unknown,4,zapply-2027,
2026-08-02T09:06:44.454013+00:00,2026-07-26T09:06:44.454013+00:00,Moog,3,"Intern, Test Engineering","Buffalo, NY",assumed,3,zapply-2027,
2026-08-02T11:13:39.538272+00:00,2026-07-23T20:03:32+00:00,Kairos Power,2,Mechanical and Manufacturing Engineering Internship - Summer 2027 ,"Alameda, CA, Albuquerque, NM, or Oak Ridge, TN",target,14,greenhouse:kairospower,https://job-boards.greenhouse.io/kairospower/jobs/6123676004
2026-08-02T11:13:39.538272+00:00,2026-07-22T19:11:37+00:00,Kairos Power,2,Chemical and Materials Engineering Internship - Summer 2027,"Alameda, CA, Albuquerque, NM or Oak Ridge, TN ",target,6,greenhouse:kairospower,https://job-boards.greenhouse.io/kairospower/jobs/6122803004
2026-08-02T11:13:39.538272+00:00,2026-07-23T19:46:38+00:00,Kairos Power,2,Electrical Engineering Internship - Summer 2027,"Alameda, CA, Albuquerque, NM or Oak Ridge, TN ",target,6,greenhouse:kairospower,https://job-boards.greenhouse.io/kairospower/jobs/6123657004
2026-08-02T11:13:39.538272+00:00,2026-07-23T22:04:30+00:00,Kairos Power,2,Nuclear Engineering Internship - Summer 2027 ,"Alameda, CA, Albuquerque, NM, Oak Ridge, TN",target,11,greenhouse:kairospower,https://job-boards.greenhouse.io/kairospower/jobs/6123830004
2026-08-02T11:13:39.538272+00:00,2026-06-11T17:51:24+00:00,Anduril,1,2027 Manufacturing Engineer Intern,"Atlanta, Georgia, United States; Boston, Massachusetts, United States; Costa Mesa, California, United States; Irvine, California, United States; Seattle, Washington, United States",target,11,greenhouse:andurilindustries,https://boards.greenhouse.io/andurilindustries/jobs/5153218007?gh_jid=5153218007
2026-08-02T11:13:39.538272+00:00,2026-06-11T17:00:56+00:00,Anduril,1,2027 Electrical Engineer Intern,"Atlanta, Georgia, United States; Boston, Massachusetts, United States; Costa Mesa, California, United States; Irvine, California, United States; Reston, Virginia, United States; Seattle, Washington, United States",target,8,greenhouse:andurilindustries,https://boards.greenhouse.io/andurilindustries/jobs/5148101007?gh_jid=5148101007
2026-08-02T11:13:39.538272+00:00,2026-06-11T17:34:22+00:00,Anduril,1,2027 Mechanical Engineer Intern,"Atlanta, Georgia, United States; Boston, Massachusetts, United States; Costa Mesa, California, United States; Irvine, California, United States; Reston, Virginia, United States; Seattle, Washington, United States",target,13,greenhouse:andurilindustries,https://boards.greenhouse.io/andurilindustries/jobs/5153187007?gh_jid=5153187007
2026-08-02T11:13:39.538272+00:00,2026-06-09T03:18:35+00:00,Rocket Lab,1,Apprentice Aerospace Technician,"Auckland, NZ",unknown,9,greenhouse:rocketlab,https://job-boards.greenhouse.io/rocketlab/jobs/7712642003
2026-08-02T11:13:39.538272+00:00,2026-07-28T18:27:09.057000+00:00,Skydio,1,Product Design Engineer Intern,"San Mateo, California, United States",assumed,9,ashby:skydio,https://jobs.ashbyhq.com/skydio/ce482813-99c2-4eaa-a165-2ed201249182
2026-08-02T11:13:39.538272+00:00,2026-07-28T18:35:36.967000+00:00,Skydio,1,Electrical Engineer Intern,"San Mateo, California, United States",assumed,6,ashby:skydio,https://jobs.ashbyhq.com/skydio/9ac944bc-89da-44bb-bf9c-3b9922e7cbee
2026-08-02T11:13:39.538272+00:00,,Apple,2,Hardware Undergrad Engineering Internship,,assumed,4,sndsh-2027,https://jobs.apple.com/en-us/details/200663981-3810/hardware-undergrad-engineering-internships
2026-08-02T11:13:39.538272+00:00,2026-07-28T11:13:39.538272+00:00,Bosch Group,9,Powertrain Controls Software Engineer...,"Farmington Hills, MI",unknown,4,zapply-2027,
2026-08-02T11:13:39.538272+00:00,2026-06-03T11:13:39.538272+00:00,Hermeus,1,Subsystem Test Engineering Intern - F...,"Atlanta, GA",unknown,9,zapply-2027,
2026-08-02T11:13:39.538272+00:00,2026-07-26T11:13:39.538272+00:00,Carrier Global,9,Thermal Optimization Engineering Inte...,CAG10: ALC,unknown,4,zapply-2027,
2026-08-02T11:13:39.538272+00:00,2026-07-03T11:13:39.538272+00:00,BorgWarner,3,Mechanical Engineering Intern – Adv. ...,Michigan,unknown,5,zapply-2027,
2026-08-02T11:13:39.538272+00:00,2026-07-03T11:13:39.538272+00:00,Intuitive,2,Computer Vision Engineering Intern - ...,"Sunnyvale, CA",unknown,4,zapply-2027,
2026-08-02T11:13:39.538272+00:00,2026-06-03T11:13:39.538272+00:00,Rivian and Volkswagen Group Technologies,2,Electromechanical Design Engineering ...,"Irvine, California",unknown,10,zapply-2027,
2026-08-02T11:13:39.538272+00:00,2026-06-03T11:13:39.538272+00:00,Apple,2,Hardware Undergrad Engineering Intern...,United States,unknown,4,zapply-2027,
2026-08-02T11:13:39.538272+00:00,2026-05-04T11:13:39.538272+00:00,Astranis,1,Mechanical Engineer - Associate Progr...,San Francisco,unknown,9,zapply-2027,
2026-08-02T11:13:39.538272+00:00,2026-04-04T11:13:39.538272+00:00,Varda Space,1,Mechanical Engineering Internship - F...,"El Segundo, Calif...",unknown,11,zapply-2027,
2026-08-02T11:13:39.538272+00:00,2026-07-26T11:13:39.538272+00:00,Applied Materials,3,2026 Process Engineer Co-op - Adv Deg...,"Gloucester,MA",unknown,3,zapply-2027,
2026-08-02T11:13:39.538272+00:00,2026-07-03T11:13:39.538272+00:00,Generac,9,Mechanical Design Engineering Intern,"North Billerica, ...",unknown,7,zapply-2027,
2026-08-02T11:13:39.538272+00:00,2026-07-03T11:13:39.538272+00:00,Bosch Group,9,Mechanical Design Engineering Intern,"Fort Lauderdale, FL",unknown,7,zapply-2027,
2026-08-02T11:13:39.538272+00:00,2026-07-03T11:13:39.538272+00:00,Penn State University,9,Opto-Mechanical Engineering Intern,Optics,unknown,4,zapply-2027,
2026-08-02T11:13:39.538272+00:00,2026-07-16T00:00:00+00:00,Unison (GE Aerospace),2,Engineering Intern (Summer 2027),"Jacksonville, FL",target,6,sndsh-2027,https://careers.geaerospace.com/global/en/job/GAOGAYGLOBALR5037097EXTERNALENGLOBAL/Unison-Engineering-Intern-Summer-2027
2026-08-02T11:13:39.538272+00:00,2026-07-19T11:13:39.538272+00:00,Huntsman,9,Mechanical Engineering Intern,Texas,assumed,4,zapply-2027,
2026-08-02T11:13:39.538272+00:00,2026-06-03T11:13:39.538272+00:00,Human Computer Lab,9,Intern - Mechanical Engineer,San Francisco,unknown,4,zapply-2027,
2026-08-02T11:13:39.538272+00:00,2026-07-03T11:13:39.538272+00:00,Marmon Holdings,9,Mechanical Engineer Intern,United States of ...,unknown,4,zapply-2027,
2026-08-02T11:13:39.538272+00:00,2026-07-03T11:13:39.538272+00:00,Lila Sciences,9,"Co-op, Mechanical Engineer","Cambridge, MA USA",unknown,4,zapply-2027,
2026-08-02T11:13:39.538272+00:00,2026-07-03T11:13:39.538272+00:00,Thornton Tomasetti,9,Mechanical Engineer Co-op,"New York, NY, USA",unknown,4,zapply-2027,
2026-08-02T11:13:39.538272+00:00,2026-07-26T11:13:39.538272+00:00,Moog,3,"Intern, Test Engineering","Buffalo, NY",assumed,3,zapply-2027,
2026-08-02T13:44:01.766259+00:00,2026-07-23T20:03:32+00:00,Kairos Power,2,Mechanical and Manufacturing Engineering Internship - Summer 2027 ,"Alameda, CA, Albuquerque, NM, or Oak Ridge, TN",target,14,greenhouse:kairospower,https://job-boards.greenhouse.io/kairospower/jobs/6123676004
2026-08-02T13:44:01.766259+00:00,2026-07-22T19:11:37+00:00,Kairos Power,2,Chemical and Materials Engineering Internship - Summer 2027,"Alameda, CA, Albuquerque, NM or Oak Ridge, TN ",target,6,greenhouse:kairospower,https://job-boards.greenhouse.io/kairospower/jobs/6122803004
2026-08-02T13:44:01.766259+00:00,2026-07-23T19:46:38+00:00,Kairos Power,2,Electrical Engineering Internship - Summer 2027,"Alameda, CA, Albuquerque, NM or Oak Ridge, TN ",target,6,greenhouse:kairospower,https://job-boards.greenhouse.io/kairospower/jobs/6123657004
2026-08-02T13:44:01.766259+00:00,2026-07-23T22:04:30+00:00,Kairos Power,2,Nuclear Engineering Internship - Summer 2027 ,"Alameda, CA, Albuquerque, NM, Oak Ridge, TN",target,11,greenhouse:kairospower,https://job-boards.greenhouse.io/kairospower/jobs/6123830004
2026-08-02T13:44:01.766259+00:00,2026-06-11T17:51:24+00:00,Anduril,1,2027 Manufacturing Engineer Intern,"Atlanta, Georgia, United States; Boston, Massachusetts, United States; Costa Mesa, California, United States; Irvine, California, United States; Seattle, Washington, United States",target,11,greenhouse:andurilindustries,https://boards.greenhouse.io/andurilindustries/jobs/5153218007?gh_jid=5153218007
2026-08-02T13:44:01.766259+00:00,2026-06-11T17:00:56+00:00,Anduril,1,2027 Electrical Engineer Intern,"Atlanta, Georgia, United States; Boston, Massachusetts, United States; Costa Mesa, California, United States; Irvine, California, United States; Reston, Virginia, United States; Seattle, Washington, United States",target,8,greenhouse:andurilindustries,https://boards.greenhouse.io/andurilindustries/jobs/5148101007?gh_jid=5148101007
2026-08-02T13:44:01.766259+00:00,2026-06-11T17:34:22+00:00,Anduril,1,2027 Mechanical Engineer Intern,"Atlanta, Georgia, United States; Boston, Massachusetts, United States; Costa Mesa, California, United States; Irvine, California, United States; Reston, Virginia, United States; Seattle, Washington, United States",target,13,greenhouse:andurilindustries,https://boards.greenhouse.io/andurilindustries/jobs/5153187007?gh_jid=5153187007
2026-08-02T13:44:01.766259+00:00,2026-06-09T03:18:35+00:00,Rocket Lab,1,Apprentice Aerospace Technician,"Auckland, NZ",unknown,9,greenhouse:rocketlab,https://job-boards.greenhouse.io/rocketlab/jobs/7712642003
2026-08-02T13:44:01.766259+00:00,2026-07-28T18:27:09.057000+00:00,Skydio,1,Product Design Engineer Intern,"San Mateo, California, United States",assumed,9,ashby:skydio,https://jobs.ashbyhq.com/skydio/ce482813-99c2-4eaa-a165-2ed201249182
2026-08-02T13:44:01.766259+00:00,2026-07-28T18:35:36.967000+00:00,Skydio,1,Electrical Engineer Intern,"San Mateo, California, United States",assumed,6,ashby:skydio,https://jobs.ashbyhq.com/skydio/9ac944bc-89da-44bb-bf9c-3b9922e7cbee
2026-08-02T13:44:01.766259+00:00,,Apple,2,Hardware Undergrad Engineering Internship,,assumed,4,sndsh-2027,https://jobs.apple.com/en-us/details/200663981-3810/hardware-undergrad-engineering-internships
2026-08-02T13:44:01.766259+00:00,2026-07-28T13:44:01.766259+00:00,Bosch Group,9,Powertrain Controls Software Engineer...,"Farmington Hills, MI",unknown,4,zapply-2027,
2026-08-02T13:44:01.766259+00:00,2026-06-03T13:44:01.766259+00:00,Hermeus,1,Subsystem Test Engineering Intern - F...,"Atlanta, GA",unknown,9,zapply-2027,
2026-08-02T13:44:01.766259+00:00,2026-07-03T13:44:01.766259+00:00,BorgWarner,3,Mechanical Engineering Intern – Adv. ...,Michigan,unknown,5,zapply-2027,
2026-08-02T13:44:01.766259+00:00,2026-07-03T13:44:01.766259+00:00,Intuitive,2,Computer Vision Engineering Intern - ...,"Sunnyvale, CA",unknown,4,zapply-2027,
2026-08-02T13:44:01.766259+00:00,2026-06-03T13:44:01.766259+00:00,Rivian and Volkswagen Group Technologies,2,Electromechanical Design Engineering ...,"Irvine, California",unknown,10,zapply-2027,
2026-08-02T13:44:01.766259+00:00,2026-06-03T13:44:01.766259+00:00,Apple,2,Hardware Undergrad Engineering Intern...,United States,unknown,4,zapply-2027,
2026-08-02T13:44:01.766259+00:00,2026-05-04T13:44:01.766259+00:00,Astranis,1,Mechanical Engineer - Associate Progr...,San Francisco,unknown,9,zapply-2027,
2026-08-02T13:44:01.766259+00:00,2026-04-04T13:44:01.766259+00:00,Varda Space,1,Mechanical Engineering Internship - F...,"El Segundo, Calif...",unknown,11,zapply-2027,
2026-08-02T13:44:01.766259+00:00,2026-07-03T13:44:01.766259+00:00,Generac,9,Mechanical Design Engineering Intern,"North Billerica, ...",unknown,7,zapply-2027,
2026-08-02T13:44:01.766259+00:00,2026-07-03T13:44:01.766259+00:00,Bosch Group,9,Mechanical Design Engineering Intern,"Fort Lauderdale, FL",unknown,7,zapply-2027,
2026-08-02T13:44:01.766259+00:00,2026-07-16T00:00:00+00:00,Unison (GE Aerospace),2,Engineering Intern (Summer 2027),"Jacksonville, FL",target,6,sndsh-2027,https://careers.geaerospace.com/global/en/job/GAOGAYGLOBALR5037097EXTERNALENGLOBAL/Unison-Engineering-Intern-Summer-2027
2026-08-02T13:44:01.766259+00:00,2026-07-19T13:44:01.766259+00:00,Huntsman,9,Mechanical Engineering Intern,Texas,assumed,4,zapply-2027,
2026-08-02T13:44:01.766259+00:00,2026-07-30T13:44:01.766259+00:00,KION Group,9,Mechanical Engineering Co-Op,Henrietta NY Unit...,assumed,4,zapply-2027,
2026-08-02T13:44:01.766259+00:00,2026-06-03T13:44:01.766259+00:00,Human Computer Lab,9,Intern - Mechanical Engineer,San Francisco,unknown,4,zapply-2027,
2026-08-02T13:44:01.766259+00:00,2026-07-03T13:44:01.766259+00:00,Marmon Holdings,9,Mechanical Engineer Intern,United States of ...,unknown,4,zapply-2027,
2026-08-02T13:44:01.766259+00:00,2026-07-03T13:44:01.766259+00:00,Lila Sciences,9,"Co-op, Mechanical Engineer","Cambridge, MA USA",unknown,4,zapply-2027,
2026-08-02T13:44:01.766259+00:00,2026-07-03T13:44:01.766259+00:00,Thornton Tomasetti,9,Mechanical Engineer Co-op,"New York, NY, USA",unknown,4,zapply-2027,
2026-08-02T13:44:01.766259+00:00,2026-07-26T13:44:01.766259+00:00,Moog,3,"Intern, Test Engineering","Buffalo, NY",assumed,3,zapply-2027,
2026-08-02T15:08:23.873842+00:00,2026-07-23T20:03:32+00:00,Kairos Power,2,Mechanical and Manufacturing Engineering Internship - Summer 2027 ,"Alameda, CA, Albuquerque, NM, or Oak Ridge, TN",target,14,greenhouse:kairospower,https://job-boards.greenhouse.io/kairospower/jobs/6123676004
2026-08-02T15:08:23.873842+00:00,2026-07-22T19:11:37+00:00,Kairos Power,2,Chemical and Materials Engineering Internship - Summer 2027,"Alameda, CA, Albuquerque, NM or Oak Ridge, TN ",target,6,greenhouse:kairospower,https://job-boards.greenhouse.io/kairospower/jobs/6122803004
2026-08-02T15:08:23.873842+00:00,2026-07-23T19:46:38+00:00,Kairos Power,2,Electrical Engineering Internship - Summer 2027,"Alameda, CA, Albuquerque, NM or Oak Ridge, TN ",target,6,greenhouse:kairospower,https://job-boards.greenhouse.io/kairospower/jobs/6123657004
2026-08-02T15:08:23.873842+00:00,2026-07-23T22:04:30+00:00,Kairos Power,2,Nuclear Engineering Internship - Summer 2027 ,"Alameda, CA, Albuquerque, NM, Oak Ridge, TN",target,11,greenhouse:kairospower,https://job-boards.greenhouse.io/kairospower/jobs/6123830004
2026-08-02T15:08:23.873842+00:00,2026-06-11T17:51:24+00:00,Anduril,1,2027 Manufacturing Engineer Intern,"Atlanta, Georgia, United States; Boston, Massachusetts, United States; Costa Mesa, California, United States; Irvine, California, United States; Seattle, Washington, United States",target,11,greenhouse:andurilindustries,https://boards.greenhouse.io/andurilindustries/jobs/5153218007?gh_jid=5153218007
2026-08-02T15:08:23.873842+00:00,2026-06-11T17:00:56+00:00,Anduril,1,2027 Electrical Engineer Intern,"Atlanta, Georgia, United States; Boston, Massachusetts, United States; Costa Mesa, California, United States; Irvine, California, United States; Reston, Virginia, United States; Seattle, Washington, United States",target,8,greenhouse:andurilindustries,https://boards.greenhouse.io/andurilindustries/jobs/5148101007?gh_jid=5148101007
2026-08-02T15:08:23.873842+00:00,2026-06-11T17:34:22+00:00,Anduril,1,2027 Mechanical Engineer Intern,"Atlanta, Georgia, United States; Boston, Massachusetts, United States; Costa Mesa, California, United States; Irvine, California, United States; Reston, Virginia, United States; Seattle, Washington, United States",target,13,greenhouse:andurilindustries,https://boards.greenhouse.io/andurilindustries/jobs/5153187007?gh_jid=5153187007
2026-08-02T15:08:23.873842+00:00,2026-06-09T03:18:35+00:00,Rocket Lab,1,Apprentice Aerospace Technician,"Auckland, NZ",unknown,9,greenhouse:rocketlab,https://job-boards.greenhouse.io/rocketlab/jobs/7712642003
2026-08-02T15:08:23.873842+00:00,2026-07-28T18:27:09.057000+00:00,Skydio,1,Product Design Engineer Intern,"San Mateo, California, United States",assumed,9,ashby:skydio,https://jobs.ashbyhq.com/skydio/ce482813-99c2-4eaa-a165-2ed201249182
2026-08-02T15:08:23.873842+00:00,2026-07-28T18:35:36.967000+00:00,Skydio,1,Electrical Engineer Intern,"San Mateo, California, United States",assumed,6,ashby:skydio,https://jobs.ashbyhq.com/skydio/9ac944bc-89da-44bb-bf9c-3b9922e7cbee
2026-08-02T15:08:23.873842+00:00,,Apple,2,Hardware Undergrad Engineering Internship,,assumed,4,sndsh-2027,https://jobs.apple.com/en-us/details/200663981-3810/hardware-undergrad-engineering-internships
2026-08-02T15:08:23.873842+00:00,2026-07-28T15:08:23.873842+00:00,Bosch Group,9,Powertrain Controls Software Engineer...,"Farmington Hills, MI",unknown,4,zapply-2027,
2026-08-02T15:08:23.873842+00:00,2026-06-03T15:08:23.873842+00:00,Hermeus,1,Subsystem Test Engineering Intern - F...,"Atlanta, GA",unknown,9,zapply-2027,
2026-08-02T15:08:23.873842+00:00,2026-07-03T15:08:23.873842+00:00,BorgWarner,3,Mechanical Engineering Intern – Adv. ...,Michigan,unknown,5,zapply-2027,
2026-08-02T15:08:23.873842+00:00,2026-07-03T15:08:23.873842+00:00,Intuitive,2,Computer Vision Engineering Intern - ...,"Sunnyvale, CA",unknown,4,zapply-2027,
2026-08-02T15:08:23.873842+00:00,2026-06-03T15:08:23.873842+00:00,Rivian and Volkswagen Group Technologies,2,Electromechanical Design Engineering ...,"Irvine, California",unknown,10,zapply-2027,
2026-08-02T15:08:23.873842+00:00,2026-06-03T15:08:23.873842+00:00,Apple,2,Hardware Undergrad Engineering Intern...,United States,unknown,4,zapply-2027,
2026-08-02T15:08:23.873842+00:00,2026-05-04T15:08:23.873842+00:00,Astranis,1,Mechanical Engineer - Associate Progr...,San Francisco,unknown,9,zapply-2027,
2026-08-02T15:08:23.873842+00:00,2026-04-04T15:08:23.873842+00:00,Varda Space,1,Mechanical Engineering Internship - F...,"El Segundo, Calif...",unknown,11,zapply-2027,
2026-08-02T15:08:23.873842+00:00,2026-07-03T15:08:23.873842+00:00,Generac,9,Mechanical Design Engineering Intern,"North Billerica, ...",unknown,7,zapply-2027,
2026-08-02T15:08:23.873842+00:00,2026-07-03T15:08:23.873842+00:00,Bosch Group,9,Mechanical Design Engineering Intern,"Fort Lauderdale, FL",unknown,7,zapply-2027,
2026-08-02T15:08:23.873842+00:00,2026-07-16T00:00:00+00:00,Unison (GE Aerospace),2,Engineering Intern (Summer 2027),"Jacksonville, FL",target,6,sndsh-2027,https://careers.geaerospace.com/global/en/job/GAOGAYGLOBALR5037097EXTERNALENGLOBAL/Unison-Engineering-Intern-Summer-2027
2026-08-02T15:08:23.873842+00:00,2026-07-19T15:08:23.873842+00:00,Huntsman,9,Mechanical Engineering Intern,Texas,assumed,4,zapply-2027,
2026-08-02T15:08:23.873842+00:00,2026-06-03T15:08:23.873842+00:00,Human Computer Lab,9,Intern - Mechanical Engineer,San Francisco,unknown,4,zapply-2027,
2026-08-02T15:08:23.873842+00:00,2026-07-03T15:08:23.873842+00:00,Marmon Holdings,9,Mechanical Engineer Intern,United States of ...,unknown,4,zapply-2027,
2026-08-02T15:08:23.873842+00:00,2026-07-03T15:08:23.873842+00:00,Lila Sciences,9,"Co-op, Mechanical Engineer","Cambridge, MA USA",unknown,4,zapply-2027,
2026-08-02T15:08:23.873842+00:00,2026-07-03T15:08:23.873842+00:00,Thornton Tomasetti,9,Mechanical Engineer Co-op,"New York, NY, USA",unknown,4,zapply-2027,
2026-08-02T15:08:23.873842+00:00,2026-07-26T15:08:23.873842+00:00,Moog,3,"Intern, Test Engineering","Buffalo, NY",assumed,3,zapply-2027,
2026-08-02T16:26:12.780608+00:00,2026-07-23T20:03:32+00:00,Kairos Power,2,Mechanical and Manufacturing Engineering Internship - Summer 2027 ,"Alameda, CA, Albuquerque, NM, or Oak Ridge, TN",target,14,greenhouse:kairospower,https://job-boards.greenhouse.io/kairospower/jobs/6123676004
2026-08-02T16:26:12.780608+00:00,2026-07-22T19:11:37+00:00,Kairos Power,2,Chemical and Materials Engineering Internship - Summer 2027,"Alameda, CA, Albuquerque, NM or Oak Ridge, TN ",target,6,greenhouse:kairospower,https://job-boards.greenhouse.io/kairospower/jobs/6122803004
2026-08-02T16:26:12.780608+00:00,2026-07-23T19:46:38+00:00,Kairos Power,2,Electrical Engineering Internship - Summer 2027,"Alameda, CA, Albuquerque, NM or Oak Ridge, TN ",target,6,greenhouse:kairospower,https://job-boards.greenhouse.io/kairospower/jobs/6123657004
2026-08-02T16:26:12.780608+00:00,2026-07-23T22:04:30+00:00,Kairos Power,2,Nuclear Engineering Internship - Summer 2027 ,"Alameda, CA, Albuquerque, NM, Oak Ridge, TN",target,11,greenhouse:kairospower,https://job-boards.greenhouse.io/kairospower/jobs/6123830004
2026-08-02T16:26:12.780608+00:00,2026-06-11T17:51:24+00:00,Anduril,1,2027 Manufacturing Engineer Intern,"Atlanta, Georgia, United States; Boston, Massachusetts, United States; Costa Mesa, California, United States; Irvine, California, United States; Seattle, Washington, United States",target,11,greenhouse:andurilindustries,https://boards.greenhouse.io/andurilindustries/jobs/5153218007?gh_jid=5153218007
2026-08-02T16:26:12.780608+00:00,2026-06-11T17:00:56+00:00,Anduril,1,2027 Electrical Engineer Intern,"Atlanta, Georgia, United States; Boston, Massachusetts, United States; Costa Mesa, California, United States; Irvine, California, United States; Reston, Virginia, United States; Seattle, Washington, United States",target,8,greenhouse:andurilindustries,https://boards.greenhouse.io/andurilindustries/jobs/5148101007?gh_jid=5148101007
2026-08-02T16:26:12.780608+00:00,2026-06-11T17:34:22+00:00,Anduril,1,2027 Mechanical Engineer Intern,"Atlanta, Georgia, United States; Boston, Massachusetts, United States; Costa Mesa, California, United States; Irvine, California, United States; Reston, Virginia, United States; Seattle, Washington, United States",target,13,greenhouse:andurilindustries,https://boards.greenhouse.io/andurilindustries/jobs/5153187007?gh_jid=5153187007
2026-08-02T16:26:12.780608+00:00,2026-06-09T03:18:35+00:00,Rocket Lab,1,Apprentice Aerospace Technician,"Auckland, NZ",unknown,9,greenhouse:rocketlab,https://job-boards.greenhouse.io/rocketlab/jobs/7712642003
2026-08-02T16:26:12.780608+00:00,2026-07-28T18:27:09.057000+00:00,Skydio,1,Product Design Engineer Intern,"San Mateo, California, United States",assumed,9,ashby:skydio,https://jobs.ashbyhq.com/skydio/ce482813-99c2-4eaa-a165-2ed201249182
2026-08-02T16:26:12.780608+00:00,2026-07-28T18:35:36.967000+00:00,Skydio,1,Electrical Engineer Intern,"San Mateo, California, United States",assumed,6,ashby:skydio,https://jobs.ashbyhq.com/skydio/9ac944bc-89da-44bb-bf9c-3b9922e7cbee
2026-08-02T16:26:12.780608+00:00,,Apple,2,Hardware Undergrad Engineering Internship,,assumed,4,sndsh-2027,https://jobs.apple.com/en-us/details/200663981-3810/hardware-undergrad-engineering-internships
2026-08-02T16:26:12.780608+00:00,2026-07-28T16:26:12.780608+00:00,Bosch Group,9,Powertrain Controls Software Engineer...,"Farmington Hills, MI",unknown,4,zapply-2027,
2026-08-02T16:26:12.780608+00:00,2026-06-03T16:26:12.780608+00:00,Hermeus,1,Subsystem Test Engineering Intern - F...,"Atlanta, GA",unknown,9,zapply-2027,
2026-08-02T16:26:12.780608+00:00,2026-07-26T16:26:12.780608+00:00,Carrier Global,9,Thermal Optimization Engineering Inte...,CAG10: ALC,unknown,4,zapply-2027,
2026-08-02T16:26:12.780608+00:00,2026-07-03T16:26:12.780608+00:00,BorgWarner,3,Mechanical Engineering Intern – Adv. ...,Michigan,unknown,5,zapply-2027,
2026-08-02T16:26:12.780608+00:00,2026-07-03T16:26:12.780608+00:00,Intuitive,2,Computer Vision Engineering Intern - ...,"Sunnyvale, CA",unknown,4,zapply-2027,
2026-08-02T16:26:12.780608+00:00,2026-06-03T16:26:12.780608+00:00,Rivian and Volkswagen Group Technologies,2,Electromechanical Design Engineering ...,"Irvine, California",unknown,10,zapply-2027,
2026-08-02T16:26:12.780608+00:00,2026-06-03T16:26:12.780608+00:00,Apple,2,Hardware Undergrad Engineering Intern...,United States,unknown,4,zapply-2027,
2026-08-02T16:26:12.780608+00:00,2026-05-04T16:26:12.780608+00:00,Astranis,1,Mechanical Engineer - Associate Progr...,San Francisco,unknown,9,zapply-2027,
2026-08-02T16:26:12.780608+00:00,2026-04-04T16:26:12.780608+00:00,Varda Space,1,Mechanical Engineering Internship - F...,"El Segundo, Calif...",unknown,11,zapply-2027,
2026-08-02T16:26:12.780608+00:00,2026-07-03T16:26:12.780608+00:00,Generac,9,Mechanical Design Engineering Intern,"North Billerica, ...",unknown,7,zapply-2027,
2026-08-02T16:26:12.780608+00:00,2026-07-03T16:26:12.780608+00:00,Bosch Group,9,Mechanical Design Engineering Intern,"Fort Lauderdale, FL",unknown,7,zapply-2027,
2026-08-02T16:26:12.780608+00:00,2026-07-16T00:00:00+00:00,Unison (GE Aerospace),2,Engineering Intern (Summer 2027),"Jacksonville, FL",target,6,sndsh-2027,https://careers.geaerospace.com/global/en/job/GAOGAYGLOBALR5037097EXTERNALENGLOBAL/Unison-Engineering-Intern-Summer-2027
2026-08-02T16:26:12.780608+00:00,2026-07-27T16:26:12.780608+00:00,Baxter International,9,Co-op Mechanical Engineering R&D,"Skaneateles, NY",assumed,4,zapply-2027,
2026-08-02T16:26:12.780608+00:00,2026-07-19T16:26:12.780608+00:00,Huntsman,9,Mechanical Engineering Intern,Texas,assumed,4,zapply-2027,
2026-08-02T16:26:12.780608+00:00,2026-06-03T16:26:12.780608+00:00,Human Computer Lab,9,Intern - Mechanical Engineer,San Francisco,unknown,4,zapply-2027,
2026-08-02T16:26:12.780608+00:00,2026-07-03T16:26:12.780608+00:00,Marmon Holdings,9,Mechanical Engineer Intern,United States of ...,unknown,4,zapply-2027,
2026-08-02T16:26:12.780608+00:00,2026-07-03T16:26:12.780608+00:00,Lila Sciences,9,"Co-op, Mechanical Engineer","Cambridge, MA USA",unknown,4,zapply-2027,
2026-08-02T16:26:12.780608+00:00,2026-07-03T16:26:12.780608+00:00,Thornton Tomasetti,9,Mechanical Engineer Co-op,"New York, NY, USA",unknown,4,zapply-2027,
2026-08-02T16:26:12.780608+00:00,2026-07-26T16:26:12.780608+00:00,Moog,3,"Intern, Test Engineering","Buffalo, NY",assumed,3,zapply-2027,
2026-08-02T17:43:49.988653+00:00,2026-07-23T20:03:32+00:00,Kairos Power,2,Mechanical and Manufacturing Engineering Internship - Summer 2027 ,"Alameda, CA, Albuquerque, NM, or Oak Ridge, TN",target,14,greenhouse:kairospower,https://job-boards.greenhouse.io/kairospower/jobs/6123676004
2026-08-02T17:43:49.988653+00:00,2026-07-22T19:11:37+00:00,Kairos Power,2,Chemical and Materials Engineering Internship - Summer 2027,"Alameda, CA, Albuquerque, NM or Oak Ridge, TN ",target,6,greenhouse:kairospower,https://job-boards.greenhouse.io/kairospower/jobs/6122803004
2026-08-02T17:43:49.988653+00:00,2026-07-23T19:46:38+00:00,Kairos Power,2,Electrical Engineering Internship - Summer 2027,"Alameda, CA, Albuquerque, NM or Oak Ridge, TN ",target,6,greenhouse:kairospower,https://job-boards.greenhouse.io/kairospower/jobs/6123657004
2026-08-02T17:43:49.988653+00:00,2026-07-23T22:04:30+00:00,Kairos Power,2,Nuclear Engineering Internship - Summer 2027 ,"Alameda, CA, Albuquerque, NM, Oak Ridge, TN",target,11,greenhouse:kairospower,https://job-boards.greenhouse.io/kairospower/jobs/6123830004
2026-08-02T17:43:49.988653+00:00,2026-06-11T17:51:24+00:00,Anduril,1,2027 Manufacturing Engineer Intern,"Atlanta, Georgia, United States; Boston, Massachusetts, United States; Costa Mesa, California, United States; Irvine, California, United States; Seattle, Washington, United States",target,11,greenhouse:andurilindustries,https://boards.greenhouse.io/andurilindustries/jobs/5153218007?gh_jid=5153218007
2026-08-02T17:43:49.988653+00:00,2026-06-11T17:00:56+00:00,Anduril,1,2027 Electrical Engineer Intern,"Atlanta, Georgia, United States; Boston, Massachusetts, United States; Costa Mesa, California, United States; Irvine, California, United States; Reston, Virginia, United States; Seattle, Washington, United States",target,8,greenhouse:andurilindustries,https://boards.greenhouse.io/andurilindustries/jobs/5148101007?gh_jid=5148101007
2026-08-02T17:43:49.988653+00:00,2026-06-11T17:34:22+00:00,Anduril,1,2027 Mechanical Engineer Intern,"Atlanta, Georgia, United States; Boston, Massachusetts, United States; Costa Mesa, California, United States; Irvine, California, United States; Reston, Virginia, United States; Seattle, Washington, United States",target,13,greenhouse:andurilindustries,https://boards.greenhouse.io/andurilindustries/jobs/5153187007?gh_jid=5153187007
2026-08-02T17:43:49.988653+00:00,2026-06-09T03:18:35+00:00,Rocket Lab,1,Apprentice Aerospace Technician,"Auckland, NZ",unknown,9,greenhouse:rocketlab,https://job-boards.greenhouse.io/rocketlab/jobs/7712642003
2026-08-02T17:43:49.988653+00:00,2026-07-28T18:27:09.057000+00:00,Skydio,1,Product Design Engineer Intern,"San Mateo, California, United States",assumed,9,ashby:skydio,https://jobs.ashbyhq.com/skydio/ce482813-99c2-4eaa-a165-2ed201249182
2026-08-02T17:43:49.988653+00:00,2026-07-28T18:35:36.967000+00:00,Skydio,1,Electrical Engineer Intern,"San Mateo, California, United States",assumed,6,ashby:skydio,https://jobs.ashbyhq.com/skydio/9ac944bc-89da-44bb-bf9c-3b9922e7cbee
2026-08-02T17:43:49.988653+00:00,,Apple,2,Hardware Undergrad Engineering Internship,,assumed,4,sndsh-2027,https://jobs.apple.com/en-us/details/200663981-3810/hardware-undergrad-engineering-internships
2026-08-02T17:43:49.988653+00:00,2026-07-28T17:43:49.988653+00:00,Bosch Group,9,Powertrain Controls Software Engineer...,"Farmington Hills, MI",unknown,4,zapply-2027,
2026-08-02T17:43:49.988653+00:00,2026-06-03T17:43:49.988653+00:00,Hermeus,1,Subsystem Test Engineering Intern - F...,"Atlanta, GA",unknown,9,zapply-2027,
2026-08-02T17:43:49.988653+00:00,2026-07-26T17:43:49.988653+00:00,Carrier Global,9,Thermal Optimization Engineering Inte...,CAG10: ALC,unknown,4,zapply-2027,
2026-08-02T17:43:49.988653+00:00,2026-07-03T17:43:49.988653+00:00,BorgWarner,3,Mechanical Engineering Intern – Adv. ...,Michigan,unknown,5,zapply-2027,
2026-08-02T17:43:49.988653+00:00,2026-07-03T17:43:49.988653+00:00,Intuitive,2,Computer Vision Engineering Intern - ...,"Sunnyvale, CA",unknown,4,zapply-2027,
2026-08-02T17:43:49.988653+00:00,2026-06-03T17:43:49.988653+00:00,Rivian and Volkswagen Group Technologies,2,Electromechanical Design Engineering ...,"Irvine, California",unknown,10,zapply-2027,
2026-08-02T17:43:49.988653+00:00,2026-06-03T17:43:49.988653+00:00,Apple,2,Hardware Undergrad Engineering Intern...,United States,unknown,4,zapply-2027,
2026-08-02T17:43:49.988653+00:00,2026-05-04T17:43:49.988653+00:00,Astranis,1,Mechanical Engineer - Associate Progr...,San Francisco,unknown,9,zapply-2027,
2026-08-02T17:43:49.988653+00:00,2026-04-04T17:43:49.988653+00:00,Varda Space,1,Mechanical Engineering Internship - F...,"El Segundo, Calif...",unknown,11,zapply-2027,
2026-08-02T17:43:49.988653+00:00,2026-07-03T17:43:49.988653+00:00,Generac,9,Mechanical Design Engineering Intern,"North Billerica, ...",unknown,7,zapply-2027,
2026-08-02T17:43:49.988653+00:00,2026-07-03T17:43:49.988653+00:00,Bosch Group,9,Mechanical Design Engineering Intern,"Fort Lauderdale, FL",unknown,7,zapply-2027,
2026-08-02T17:43:49.988653+00:00,2026-07-16T00:00:00+00:00,Unison (GE Aerospace),2,Engineering Intern (Summer 2027),"Jacksonville, FL",target,6,sndsh-2027,https://careers.geaerospace.com/global/en/job/GAOGAYGLOBALR5037097EXTERNALENGLOBAL/Unison-Engineering-Intern-Summer-2027
2026-08-02T17:43:49.988653+00:00,2026-07-19T17:43:49.988653+00:00,Huntsman,9,Mechanical Engineering Intern,Texas,assumed,4,zapply-2027,
2026-08-02T17:43:49.988653+00:00,2026-06-03T17:43:49.988653+00:00,Human Computer Lab,9,Intern - Mechanical Engineer,San Francisco,unknown,4,zapply-2027,
2026-08-02T17:43:49.988653+00:00,2026-07-03T17:43:49.988653+00:00,Marmon Holdings,9,Mechanical Engineer Intern,United States of ...,unknown,4,zapply-2027,
2026-08-02T17:43:49.988653+00:00,2026-07-03T17:43:49.988653+00:00,Lila Sciences,9,"Co-op, Mechanical Engineer","Cambridge, MA USA",unknown,4,zapply-2027,
2026-08-02T17:43:49.988653+00:00,2026-07-03T17:43:49.988653+00:00,Thornton Tomasetti,9,Mechanical Engineer Co-op,"New York, NY, USA",unknown,4,zapply-2027,
2026-08-02T17:43:49.988653+00:00,2026-07-26T17:43:49.988653+00:00,Moog,3,"Intern, Test Engineering","Buffalo, NY",assumed,3,zapply-2027,
2026-08-02T19:21:05.104849+00:00,2026-07-23T20:03:32+00:00,Kairos Power,2,Mechanical and Manufacturing Engineering Internship - Summer 2027 ,"Alameda, CA, Albuquerque, NM, or Oak Ridge, TN",target,14,greenhouse:kairospower,https://job-boards.greenhouse.io/kairospower/jobs/6123676004
2026-08-02T19:21:05.104849+00:00,2026-07-22T19:11:37+00:00,Kairos Power,2,Chemical and Materials Engineering Internship - Summer 2027,"Alameda, CA, Albuquerque, NM or Oak Ridge, TN ",target,6,greenhouse:kairospower,https://job-boards.greenhouse.io/kairospower/jobs/6122803004
2026-08-02T19:21:05.104849+00:00,2026-07-23T19:46:38+00:00,Kairos Power,2,Electrical Engineering Internship - Summer 2027,"Alameda, CA, Albuquerque, NM or Oak Ridge, TN ",target,6,greenhouse:kairospower,https://job-boards.greenhouse.io/kairospower/jobs/6123657004
2026-08-02T19:21:05.104849+00:00,2026-07-23T22:04:30+00:00,Kairos Power,2,Nuclear Engineering Internship - Summer 2027 ,"Alameda, CA, Albuquerque, NM, Oak Ridge, TN",target,11,greenhouse:kairospower,https://job-boards.greenhouse.io/kairospower/jobs/6123830004
2026-08-02T19:21:05.104849+00:00,2026-06-11T17:51:24+00:00,Anduril,1,2027 Manufacturing Engineer Intern,"Atlanta, Georgia, United States; Boston, Massachusetts, United States; Costa Mesa, California, United States; Irvine, California, United States; Seattle, Washington, United States",target,11,greenhouse:andurilindustries,https://boards.greenhouse.io/andurilindustries/jobs/5153218007?gh_jid=5153218007
2026-08-02T19:21:05.104849+00:00,2026-06-11T17:00:56+00:00,Anduril,1,2027 Electrical Engineer Intern,"Atlanta, Georgia, United States; Boston, Massachusetts, United States; Costa Mesa, California, United States; Irvine, California, United States; Reston, Virginia, United States; Seattle, Washington, United States",target,8,greenhouse:andurilindustries,https://boards.greenhouse.io/andurilindustries/jobs/5148101007?gh_jid=5148101007
2026-08-02T19:21:05.104849+00:00,2026-06-11T17:34:22+00:00,Anduril,1,2027 Mechanical Engineer Intern,"Atlanta, Georgia, United States; Boston, Massachusetts, United States; Costa Mesa, California, United States; Irvine, California, United States; Reston, Virginia, United States; Seattle, Washington, United States",target,13,greenhouse:andurilindustries,https://boards.greenhouse.io/andurilindustries/jobs/5153187007?gh_jid=5153187007
2026-08-02T19:21:05.104849+00:00,2026-06-09T03:18:35+00:00,Rocket Lab,1,Apprentice Aerospace Technician,"Auckland, NZ",unknown,9,greenhouse:rocketlab,https://job-boards.greenhouse.io/rocketlab/jobs/7712642003
2026-08-02T19:21:05.104849+00:00,2026-07-28T18:27:09.057000+00:00,Skydio,1,Product Design Engineer Intern,"San Mateo, California, United States",assumed,9,ashby:skydio,https://jobs.ashbyhq.com/skydio/ce482813-99c2-4eaa-a165-2ed201249182
2026-08-02T19:21:05.104849+00:00,2026-07-28T18:35:36.967000+00:00,Skydio,1,Electrical Engineer Intern,"San Mateo, California, United States",assumed,6,ashby:skydio,https://jobs.ashbyhq.com/skydio/9ac944bc-89da-44bb-bf9c-3b9922e7cbee
2026-08-02T19:21:05.104849+00:00,,Apple,2,Hardware Undergrad Engineering Internship,,assumed,4,sndsh-2027,https://jobs.apple.com/en-us/details/200663981-3810/hardware-undergrad-engineering-internships
2026-08-02T19:21:05.104849+00:00,2026-07-28T19:21:05.104849+00:00,Bosch Group,9,Powertrain Controls Software Engineer...,"Farmington Hills, MI",unknown,4,zapply-2027,
2026-08-02T19:21:05.104849+00:00,2026-06-03T19:21:05.104849+00:00,Hermeus,1,Subsystem Test Engineering Intern - F...,"Atlanta, GA",unknown,9,zapply-2027,
2026-08-02T19:21:05.104849+00:00,2026-07-03T19:21:05.104849+00:00,BorgWarner,3,Mechanical Engineering Intern – Adv. ...,Michigan,unknown,5,zapply-2027,
2026-08-02T19:21:05.104849+00:00,2026-07-03T19:21:05.104849+00:00,Intuitive,2,Computer Vision Engineering Intern - ...,"Sunnyvale, CA",unknown,4,zapply-2027,
2026-08-02T19:21:05.104849+00:00,2026-06-03T19:21:05.104849+00:00,Rivian and Volkswagen Group Technologies,2,Electromechanical Design Engineering ...,"Irvine, California",unknown,10,zapply-2027,
2026-08-02T19:21:05.104849+00:00,2026-06-03T19:21:05.104849+00:00,Apple,2,Hardware Undergrad Engineering Intern...,United States,unknown,4,zapply-2027,
2026-08-02T19:21:05.104849+00:00,2026-05-04T19:21:05.104849+00:00,Astranis,1,Mechanical Engineer - Associate Progr...,San Francisco,unknown,9,zapply-2027,
2026-08-02T19:21:05.104849+00:00,2026-04-04T19:21:05.104849+00:00,Varda Space,1,Mechanical Engineering Internship - F...,"El Segundo, Calif...",unknown,11,zapply-2027,
2026-08-02T19:21:05.104849+00:00,2026-07-03T19:21:05.104849+00:00,Generac,9,Mechanical Design Engineering Intern,"North Billerica, ...",unknown,7,zapply-2027,
2026-08-02T19:21:05.104849+00:00,2026-07-03T19:21:05.104849+00:00,Bosch Group,9,Mechanical Design Engineering Intern,"Fort Lauderdale, FL",unknown,7,zapply-2027,
2026-08-02T19:21:05.104849+00:00,2026-07-16T00:00:00+00:00,Unison (GE Aerospace),2,Engineering Intern (Summer 2027),"Jacksonville, FL",target,6,sndsh-2027,https://careers.geaerospace.com/global/en/job/GAOGAYGLOBALR5037097EXTERNALENGLOBAL/Unison-Engineering-Intern-Summer-2027
2026-08-02T19:21:05.104849+00:00,2026-07-19T19:21:05.104849+00:00,Huntsman,9,Mechanical Engineering Intern,Texas,assumed,4,zapply-2027,
2026-08-02T19:21:05.104849+00:00,2026-07-30T19:21:05.104849+00:00,KION Group,9,Mechanical Engineering Co-Op,Henrietta NY Unit...,assumed,4,zapply-2027,
2026-08-02T19:21:05.104849+00:00,2026-06-03T19:21:05.104849+00:00,Human Computer Lab,9,Intern - Mechanical Engineer,San Francisco,unknown,4,zapply-2027,
2026-08-02T19:21:05.104849+00:00,2026-07-03T19:21:05.104849+00:00,Marmon Holdings,9,Mechanical Engineer Intern,United States of ...,unknown,4,zapply-2027,
2026-08-02T19:21:05.104849+00:00,2026-07-03T19:21:05.104849+00:00,Lila Sciences,9,"Co-op, Mechanical Engineer","Cambridge, MA USA",unknown,4,zapply-2027,
2026-08-02T19:21:05.104849+00:00,2026-07-03T19:21:05.104849+00:00,Thornton Tomasetti,9,Mechanical Engineer Co-op,"New York, NY, USA",unknown,4,zapply-2027,
2026-08-02T19:21:05.104849+00:00,2026-07-26T19:21:05.104849+00:00,Moog,3,"Intern, Test Engineering","Buffalo, NY",assumed,3,zapply-2027,
2026-08-02T20:34:01.657794+00:00,2026-07-23T20:03:32+00:00,Kairos Power,2,Mechanical and Manufacturing Engineering Internship - Summer 2027 ,"Alameda, CA, Albuquerque, NM, or Oak Ridge, TN",target,14,greenhouse:kairospower,https://job-boards.greenhouse.io/kairospower/jobs/6123676004
2026-08-02T20:34:01.657794+00:00,2026-07-22T19:11:37+00:00,Kairos Power,2,Chemical and Materials Engineering Internship - Summer 2027,"Alameda, CA, Albuquerque, NM or Oak Ridge, TN ",target,6,greenhouse:kairospower,https://job-boards.greenhouse.io/kairospower/jobs/6122803004
2026-08-02T20:34:01.657794+00:00,2026-07-23T19:46:38+00:00,Kairos Power,2,Electrical Engineering Internship - Summer 2027,"Alameda, CA, Albuquerque, NM or Oak Ridge, TN ",target,6,greenhouse:kairospower,https://job-boards.greenhouse.io/kairospower/jobs/6123657004
2026-08-02T20:34:01.657794+00:00,2026-07-23T22:04:30+00:00,Kairos Power,2,Nuclear Engineering Internship - Summer 2027 ,"Alameda, CA, Albuquerque, NM, Oak Ridge, TN",target,11,greenhouse:kairospower,https://job-boards.greenhouse.io/kairospower/jobs/6123830004
2026-08-02T20:34:01.657794+00:00,2026-06-11T17:51:24+00:00,Anduril,1,2027 Manufacturing Engineer Intern,"Atlanta, Georgia, United States; Boston, Massachusetts, United States; Costa Mesa, California, United States; Irvine, California, United States; Seattle, Washington, United States",target,11,greenhouse:andurilindustries,https://boards.greenhouse.io/andurilindustries/jobs/5153218007?gh_jid=5153218007
2026-08-02T20:34:01.657794+00:00,2026-06-11T17:00:56+00:00,Anduril,1,2027 Electrical Engineer Intern,"Atlanta, Georgia, United States; Boston, Massachusetts, United States; Costa Mesa, California, United States; Irvine, California, United States; Reston, Virginia, United States; Seattle, Washington, United States",target,8,greenhouse:andurilindustries,https://boards.greenhouse.io/andurilindustries/jobs/5148101007?gh_jid=5148101007
2026-08-02T20:34:01.657794+00:00,2026-06-11T17:34:22+00:00,Anduril,1,2027 Mechanical Engineer Intern,"Atlanta, Georgia, United States; Boston, Massachusetts, United States; Costa Mesa, California, United States; Irvine, California, United States; Reston, Virginia, United States; Seattle, Washington, United States",target,13,greenhouse:andurilindustries,https://boards.greenhouse.io/andurilindustries/jobs/5153187007?gh_jid=5153187007
2026-08-02T20:34:01.657794+00:00,2026-06-09T03:18:35+00:00,Rocket Lab,1,Apprentice Aerospace Technician,"Auckland, NZ",unknown,9,greenhouse:rocketlab,https://job-boards.greenhouse.io/rocketlab/jobs/7712642003
2026-08-02T20:34:01.657794+00:00,2026-07-28T18:27:09.057000+00:00,Skydio,1,Product Design Engineer Intern,"San Mateo, California, United States",assumed,9,ashby:skydio,https://jobs.ashbyhq.com/skydio/ce482813-99c2-4eaa-a165-2ed201249182
2026-08-02T20:34:01.657794+00:00,2026-07-28T18:35:36.967000+00:00,Skydio,1,Electrical Engineer Intern,"San Mateo, California, United States",assumed,6,ashby:skydio,https://jobs.ashbyhq.com/skydio/9ac944bc-89da-44bb-bf9c-3b9922e7cbee
2026-08-02T20:34:01.657794+00:00,,Apple,2,Hardware Undergrad Engineering Internship,,assumed,4,sndsh-2027,https://jobs.apple.com/en-us/details/200663981-3810/hardware-undergrad-engineering-internships
2026-08-02T20:34:01.657794+00:00,2026-07-28T20:34:01.657794+00:00,Bosch Group,9,Powertrain Controls Software Engineer...,"Farmington Hills, MI",unknown,4,zapply-2027,
2026-08-02T20:34:01.657794+00:00,2026-06-03T20:34:01.657794+00:00,Hermeus,1,Subsystem Test Engineering Intern - F...,"Atlanta, GA",unknown,9,zapply-2027,
2026-08-02T20:34:01.657794+00:00,2026-07-03T20:34:01.657794+00:00,BorgWarner,3,Mechanical Engineering Intern – Adv. ...,Michigan,unknown,5,zapply-2027,
2026-08-02T20:34:01.657794+00:00,2026-07-03T20:34:01.657794+00:00,Intuitive,2,Computer Vision Engineering Intern - ...,"Sunnyvale, CA",unknown,4,zapply-2027,
2026-08-02T20:34:01.657794+00:00,2026-06-03T20:34:01.657794+00:00,Rivian and Volkswagen Group Technologies,2,Electromechanical Design Engineering ...,"Irvine, California",unknown,10,zapply-2027,
2026-08-02T20:34:01.657794+00:00,2026-06-03T20:34:01.657794+00:00,Apple,2,Hardware Undergrad Engineering Intern...,United States,unknown,4,zapply-2027,
2026-08-02T20:34:01.657794+00:00,2026-05-04T20:34:01.657794+00:00,Astranis,1,Mechanical Engineer - Associate Progr...,San Francisco,unknown,9,zapply-2027,
2026-08-02T20:34:01.657794+00:00,2026-04-04T20:34:01.657794+00:00,Varda Space,1,Mechanical Engineering Internship - F...,"El Segundo, Calif...",unknown,11,zapply-2027,
2026-08-02T20:34:01.657794+00:00,2026-07-03T20:34:01.657794+00:00,Generac,9,Mechanical Design Engineering Intern,"North Billerica, ...",unknown,7,zapply-2027,
2026-08-02T20:34:01.657794+00:00,2026-07-03T20:34:01.657794+00:00,Bosch Group,9,Mechanical Design Engineering Intern,"Fort Lauderdale, FL",unknown,7,zapply-2027,
2026-08-02T20:34:01.657794+00:00,2026-07-16T00:00:00+00:00,Unison (GE Aerospace),2,Engineering Intern (Summer 2027),"Jacksonville, FL",target,6,sndsh-2027,https://careers.geaerospace.com/global/en/job/GAOGAYGLOBALR5037097EXTERNALENGLOBAL/Unison-Engineering-Intern-Summer-2027
2026-08-02T20:34:01.657794+00:00,2026-07-19T20:34:01.657794+00:00,Huntsman,9,Mechanical Engineering Intern,Texas,assumed,4,zapply-2027,
2026-08-02T20:34:01.657794+00:00,2026-07-30T20:34:01.657794+00:00,KION Group,9,Mechanical Engineering Co-Op,Henrietta NY Unit...,assumed,4,zapply-2027,
2026-08-02T20:34:01.657794+00:00,2026-06-03T20:34:01.657794+00:00,Human Computer Lab,9,Intern - Mechanical Engineer,San Francisco,unknown,4,zapply-2027,
2026-08-02T20:34:01.657794+00:00,2026-07-03T20:34:01.657794+00:00,Marmon Holdings,9,Mechanical Engineer Intern,United States of ...,unknown,4,zapply-2027,
2026-08-02T20:34:01.657794+00:00,2026-07-03T20:34:01.657794+00:00,Lila Sciences,9,"Co-op, Mechanical Engineer","Cambridge, MA USA",unknown,4,zapply-2027,
2026-08-02T20:34:01.657794+00:00,2026-07-03T20:34:01.657794+00:00,Thornton Tomasetti,9,Mechanical Engineer Co-op,"New York, NY, USA",unknown,4,zapply-2027,
2026-08-02T20:34:01.657794+00:00,2026-07-26T20:34:01.657794+00:00,Moog,3,"Intern, Test Engineering","Buffalo, NY",assumed,3,zapply-2027,
2026-08-02T21:35:56.219616+00:00,2026-07-23T20:03:32+00:00,Kairos Power,2,Mechanical and Manufacturing Engineering Internship - Summer 2027 ,"Alameda, CA, Albuquerque, NM, or Oak Ridge, TN",target,14,greenhouse:kairospower,https://job-boards.greenhouse.io/kairospower/jobs/6123676004
2026-08-02T21:35:56.219616+00:00,2026-07-22T19:11:37+00:00,Kairos Power,2,Chemical and Materials Engineering Internship - Summer 2027,"Alameda, CA, Albuquerque, NM or Oak Ridge, TN ",target,6,greenhouse:kairospower,https://job-boards.greenhouse.io/kairospower/jobs/6122803004
2026-08-02T21:35:56.219616+00:00,2026-07-23T19:46:38+00:00,Kairos Power,2,Electrical Engineering Internship - Summer 2027,"Alameda, CA, Albuquerque, NM or Oak Ridge, TN ",target,6,greenhouse:kairospower,https://job-boards.greenhouse.io/kairospower/jobs/6123657004
2026-08-02T21:35:56.219616+00:00,2026-07-23T22:04:30+00:00,Kairos Power,2,Nuclear Engineering Internship - Summer 2027 ,"Alameda, CA, Albuquerque, NM, Oak Ridge, TN",target,11,greenhouse:kairospower,https://job-boards.greenhouse.io/kairospower/jobs/6123830004
2026-08-02T21:35:56.219616+00:00,2026-06-11T17:51:24+00:00,Anduril,1,2027 Manufacturing Engineer Intern,"Atlanta, Georgia, United States; Boston, Massachusetts, United States; Costa Mesa, California, United States; Irvine, California, United States; Seattle, Washington, United States",target,11,greenhouse:andurilindustries,https://boards.greenhouse.io/andurilindustries/jobs/5153218007?gh_jid=5153218007
2026-08-02T21:35:56.219616+00:00,2026-06-11T17:00:56+00:00,Anduril,1,2027 Electrical Engineer Intern,"Atlanta, Georgia, United States; Boston, Massachusetts, United States; Costa Mesa, California, United States; Irvine, California, United States; Reston, Virginia, United States; Seattle, Washington, United States",target,8,greenhouse:andurilindustries,https://boards.greenhouse.io/andurilindustries/jobs/5148101007?gh_jid=5148101007
2026-08-02T21:35:56.219616+00:00,2026-06-11T17:34:22+00:00,Anduril,1,2027 Mechanical Engineer Intern,"Atlanta, Georgia, United States; Boston, Massachusetts, United States; Costa Mesa, California, United States; Irvine, California, United States; Reston, Virginia, United States; Seattle, Washington, United States",target,13,greenhouse:andurilindustries,https://boards.greenhouse.io/andurilindustries/jobs/5153187007?gh_jid=5153187007
2026-08-02T21:35:56.219616+00:00,2026-06-09T03:18:35+00:00,Rocket Lab,1,Apprentice Aerospace Technician,"Auckland, NZ",unknown,9,greenhouse:rocketlab,https://job-boards.greenhouse.io/rocketlab/jobs/7712642003
2026-08-02T21:35:56.219616+00:00,2026-07-28T18:27:09.057000+00:00,Skydio,1,Product Design Engineer Intern,"San Mateo, California, United States",assumed,9,ashby:skydio,https://jobs.ashbyhq.com/skydio/ce482813-99c2-4eaa-a165-2ed201249182
2026-08-02T21:35:56.219616+00:00,2026-07-28T18:35:36.967000+00:00,Skydio,1,Electrical Engineer Intern,"San Mateo, California, United States",assumed,6,ashby:skydio,https://jobs.ashbyhq.com/skydio/9ac944bc-89da-44bb-bf9c-3b9922e7cbee
2026-08-02T21:35:56.219616+00:00,,Apple,2,Hardware Undergrad Engineering Internship,,assumed,4,sndsh-2027,https://jobs.apple.com/en-us/details/200663981-3810/hardware-undergrad-engineering-internships
2026-08-02T21:35:56.219616+00:00,2026-07-27T21:35:56.219616+00:00,Bosch Group,9,Powertrain Controls Software Engineer...,"Farmington Hills, MI",unknown,4,zapply-2027,
2026-08-02T21:35:56.219616+00:00,2026-06-03T21:35:56.219616+00:00,Hermeus,1,Subsystem Test Engineering Intern - F...,"Atlanta, GA",unknown,9,zapply-2027,
2026-08-02T21:35:56.219616+00:00,2026-07-26T21:35:56.219616+00:00,Carrier Global,9,Thermal Optimization Engineering Inte...,CAG10: ALC,unknown,4,zapply-2027,
2026-08-02T21:35:56.219616+00:00,2026-07-03T21:35:56.219616+00:00,BorgWarner,3,Mechanical Engineering Intern – Adv. ...,Michigan,unknown,5,zapply-2027,
2026-08-02T21:35:56.219616+00:00,2026-07-03T21:35:56.219616+00:00,Intuitive,2,Computer Vision Engineering Intern - ...,"Sunnyvale, CA",unknown,4,zapply-2027,
2026-08-02T21:35:56.219616+00:00,2026-06-03T21:35:56.219616+00:00,Rivian and Volkswagen Group Technologies,2,Electromechanical Design Engineering ...,"Irvine, California",unknown,10,zapply-2027,
2026-08-02T21:35:56.219616+00:00,2026-06-03T21:35:56.219616+00:00,Apple,2,Hardware Undergrad Engineering Intern...,United States,unknown,4,zapply-2027,
2026-08-02T21:35:56.219616+00:00,2026-05-04T21:35:56.219616+00:00,Astranis,1,Mechanical Engineer - Associate Progr...,San Francisco,unknown,9,zapply-2027,
2026-08-02T21:35:56.219616+00:00,2026-04-04T21:35:56.219616+00:00,Varda Space,1,Mechanical Engineering Internship - F...,"El Segundo, Calif...",unknown,11,zapply-2027,
2026-08-02T21:35:56.219616+00:00,2026-07-03T21:35:56.219616+00:00,Generac,9,Mechanical Design Engineering Intern,"North Billerica, ...",unknown,7,zapply-2027,
2026-08-02T21:35:56.219616+00:00,2026-07-03T21:35:56.219616+00:00,Bosch Group,9,Mechanical Design Engineering Intern,"Fort Lauderdale, FL",unknown,7,zapply-2027,
2026-08-02T21:35:56.219616+00:00,2026-07-16T00:00:00+00:00,Unison (GE Aerospace),2,Engineering Intern (Summer 2027),"Jacksonville, FL",target,6,sndsh-2027,https://careers.geaerospace.com/global/en/job/GAOGAYGLOBALR5037097EXTERNALENGLOBAL/Unison-Engineering-Intern-Summer-2027
2026-08-02T21:35:56.219616+00:00,2026-07-19T21:35:56.219616+00:00,Huntsman,9,Mechanical Engineering Intern,Texas,assumed,4,zapply-2027,
2026-08-02T21:35:56.219616+00:00,2026-06-03T21:35:56.219616+00:00,Human Computer Lab,9,Intern - Mechanical Engineer,San Francisco,unknown,4,zapply-2027,
2026-08-02T21:35:56.219616+00:00,2026-07-03T21:35:56.219616+00:00,Marmon Holdings,9,Mechanical Engineer Intern,United States of ...,unknown,4,zapply-2027,
2026-08-02T21:35:56.219616+00:00,2026-07-03T21:35:56.219616+00:00,Lila Sciences,9,"Co-op, Mechanical Engineer","Cambridge, MA USA",unknown,4,zapply-2027,
2026-08-02T21:35:56.219616+00:00,2026-07-03T21:35:56.219616+00:00,Thornton Tomasetti,9,Mechanical Engineer Co-op,"New York, NY, USA",unknown,4,zapply-2027,
2026-08-02T21:35:56.219616+00:00,2026-07-26T21:35:56.219616+00:00,Moog,3,"Intern, Test Engineering","Buffalo, NY",assumed,3,zapply-2027,
2026-08-02T22:38:42.187047+00:00,2026-07-23T20:03:32+00:00,Kairos Power,2,Mechanical and Manufacturing Engineering Internship - Summer 2027 ,"Alameda, CA, Albuquerque, NM, or Oak Ridge, TN",target,14,greenhouse:kairospower,https://job-boards.greenhouse.io/kairospower/jobs/6123676004
2026-08-02T22:38:42.187047+00:00,2026-07-22T19:11:37+00:00,Kairos Power,2,Chemical and Materials Engineering Internship - Summer 2027,"Alameda, CA, Albuquerque, NM or Oak Ridge, TN ",target,6,greenhouse:kairospower,https://job-boards.greenhouse.io/kairospower/jobs/6122803004
2026-08-02T22:38:42.187047+00:00,2026-07-23T19:46:38+00:00,Kairos Power,2,Electrical Engineering Internship - Summer 2027,"Alameda, CA, Albuquerque, NM or Oak Ridge, TN ",target,6,greenhouse:kairospower,https://job-boards.greenhouse.io/kairospower/jobs/6123657004
2026-08-02T22:38:42.187047+00:00,2026-07-23T22:04:30+00:00,Kairos Power,2,Nuclear Engineering Internship - Summer 2027 ,"Alameda, CA, Albuquerque, NM, Oak Ridge, TN",target,11,greenhouse:kairospower,https://job-boards.greenhouse.io/kairospower/jobs/6123830004
2026-08-02T22:38:42.187047+00:00,2026-06-11T17:51:24+00:00,Anduril,1,2027 Manufacturing Engineer Intern,"Atlanta, Georgia, United States; Boston, Massachusetts, United States; Costa Mesa, California, United States; Irvine, California, United States; Seattle, Washington, United States",target,11,greenhouse:andurilindustries,https://boards.greenhouse.io/andurilindustries/jobs/5153218007?gh_jid=5153218007
2026-08-02T22:38:42.187047+00:00,2026-06-11T17:00:56+00:00,Anduril,1,2027 Electrical Engineer Intern,"Atlanta, Georgia, United States; Boston, Massachusetts, United States; Costa Mesa, California, United States; Irvine, California, United States; Reston, Virginia, United States; Seattle, Washington, United States",target,8,greenhouse:andurilindustries,https://boards.greenhouse.io/andurilindustries/jobs/5148101007?gh_jid=5148101007
2026-08-02T22:38:42.187047+00:00,2026-06-11T17:34:22+00:00,Anduril,1,2027 Mechanical Engineer Intern,"Atlanta, Georgia, United States; Boston, Massachusetts, United States; Costa Mesa, California, United States; Irvine, California, United States; Reston, Virginia, United States; Seattle, Washington, United States",target,13,greenhouse:andurilindustries,https://boards.greenhouse.io/andurilindustries/jobs/5153187007?gh_jid=5153187007
2026-08-02T22:38:42.187047+00:00,2026-06-09T03:18:35+00:00,Rocket Lab,1,Apprentice Aerospace Technician,"Auckland, NZ",unknown,9,greenhouse:rocketlab,https://job-boards.greenhouse.io/rocketlab/jobs/7712642003
2026-08-02T22:38:42.187047+00:00,2026-07-28T18:27:09.057000+00:00,Skydio,1,Product Design Engineer Intern,"San Mateo, California, United States",assumed,9,ashby:skydio,https://jobs.ashbyhq.com/skydio/ce482813-99c2-4eaa-a165-2ed201249182
2026-08-02T22:38:42.187047+00:00,2026-07-28T18:35:36.967000+00:00,Skydio,1,Electrical Engineer Intern,"San Mateo, California, United States",assumed,6,ashby:skydio,https://jobs.ashbyhq.com/skydio/9ac944bc-89da-44bb-bf9c-3b9922e7cbee
2026-08-02T22:38:42.187047+00:00,,Apple,2,Hardware Undergrad Engineering Internship,,assumed,4,sndsh-2027,https://jobs.apple.com/en-us/details/200663981-3810/hardware-undergrad-engineering-internships
2026-08-02T22:38:42.187047+00:00,2026-07-27T22:38:42.187047+00:00,Bosch Group,9,Powertrain Controls Software Engineer...,"Farmington Hills, MI",unknown,4,zapply-2027,
2026-08-02T22:38:42.187047+00:00,2026-06-03T22:38:42.187047+00:00,Hermeus,1,Subsystem Test Engineering Intern - F...,"Atlanta, GA",unknown,9,zapply-2027,
2026-08-02T22:38:42.187047+00:00,2026-07-03T22:38:42.187047+00:00,BorgWarner,3,Mechanical Engineering Intern – Adv. ...,Michigan,unknown,5,zapply-2027,
2026-08-02T22:38:42.187047+00:00,2026-07-03T22:38:42.187047+00:00,Intuitive,2,Computer Vision Engineering Intern - ...,"Sunnyvale, CA",unknown,4,zapply-2027,
2026-08-02T22:38:42.187047+00:00,2026-06-03T22:38:42.187047+00:00,Rivian and Volkswagen Group Technologies,2,Electromechanical Design Engineering ...,"Irvine, California",unknown,10,zapply-2027,
2026-08-02T22:38:42.187047+00:00,2026-06-03T22:38:42.187047+00:00,Apple,2,Hardware Undergrad Engineering Intern...,United States,unknown,4,zapply-2027,
2026-08-02T22:38:42.187047+00:00,2026-05-04T22:38:42.187047+00:00,Astranis,1,Mechanical Engineer - Associate Progr...,San Francisco,unknown,9,zapply-2027,
2026-08-02T22:38:42.187047+00:00,2026-04-04T22:38:42.187047+00:00,Varda Space,1,Mechanical Engineering Internship - F...,"El Segundo, Calif...",unknown,11,zapply-2027,
2026-08-02T22:38:42.187047+00:00,2026-07-03T22:38:42.187047+00:00,Generac,9,Mechanical Design Engineering Intern,"North Billerica, ...",unknown,7,zapply-2027,
2026-08-02T22:38:42.187047+00:00,2026-07-03T22:38:42.187047+00:00,Bosch Group,9,Mechanical Design Engineering Intern,"Fort Lauderdale, FL",unknown,7,zapply-2027,
2026-08-02T22:38:42.187047+00:00,2026-07-16T00:00:00+00:00,Unison (GE Aerospace),2,Engineering Intern (Summer 2027),"Jacksonville, FL",target,6,sndsh-2027,https://careers.geaerospace.com/global/en/job/GAOGAYGLOBALR5037097EXTERNALENGLOBAL/Unison-Engineering-Intern-Summer-2027
2026-08-02T22:38:42.187047+00:00,2026-07-19T22:38:42.187047+00:00,Huntsman,9,Mechanical Engineering Intern,Texas,assumed,4,zapply-2027,
2026-08-02T22:38:42.187047+00:00,2026-06-03T22:38:42.187047+00:00,Human Computer Lab,9,Intern - Mechanical Engineer,San Francisco,unknown,4,zapply-2027,
2026-08-02T22:38:42.187047+00:00,2026-07-03T22:38:42.187047+00:00,Marmon Holdings,9,Mechanical Engineer Intern,United States of ...,unknown,4,zapply-2027,
2026-08-02T22:38:42.187047+00:00,2026-07-03T22:38:42.187047+00:00,Lila Sciences,9,"Co-op, Mechanical Engineer","Cambridge, MA USA",unknown,4,zapply-2027,
2026-08-02T22:38:42.187047+00:00,2026-07-03T22:38:42.187047+00:00,Thornton Tomasetti,9,Mechanical Engineer Co-op,"New York, NY, USA",unknown,4,zapply-2027,
2026-08-02T22:38:42.187047+00:00,2026-07-26T22:38:42.187047+00:00,Moog,3,"Intern, Test Engineering","Buffalo, NY",assumed,3,zapply-2027,
2026-08-02T23:43:17.929109+00:00,2026-07-23T20:03:32+00:00,Kairos Power,2,Mechanical and Manufacturing Engineering Internship - Summer 2027 ,"Alameda, CA, Albuquerque, NM, or Oak Ridge, TN",target,14,greenhouse:kairospower,https://job-boards.greenhouse.io/kairospower/jobs/6123676004
2026-08-02T23:43:17.929109+00:00,2026-07-22T19:11:37+00:00,Kairos Power,2,Chemical and Materials Engineering Internship - Summer 2027,"Alameda, CA, Albuquerque, NM or Oak Ridge, TN ",target,6,greenhouse:kairospower,https://job-boards.greenhouse.io/kairospower/jobs/6122803004
2026-08-02T23:43:17.929109+00:00,2026-07-23T19:46:38+00:00,Kairos Power,2,Electrical Engineering Internship - Summer 2027,"Alameda, CA, Albuquerque, NM or Oak Ridge, TN ",target,6,greenhouse:kairospower,https://job-boards.greenhouse.io/kairospower/jobs/6123657004
2026-08-02T23:43:17.929109+00:00,2026-07-23T22:04:30+00:00,Kairos Power,2,Nuclear Engineering Internship - Summer 2027 ,"Alameda, CA, Albuquerque, NM, Oak Ridge, TN",target,11,greenhouse:kairospower,https://job-boards.greenhouse.io/kairospower/jobs/6123830004
2026-08-02T23:43:17.929109+00:00,2026-06-11T17:51:24+00:00,Anduril,1,2027 Manufacturing Engineer Intern,"Atlanta, Georgia, United States; Boston, Massachusetts, United States; Costa Mesa, California, United States; Irvine, California, United States; Seattle, Washington, United States",target,11,greenhouse:andurilindustries,https://boards.greenhouse.io/andurilindustries/jobs/5153218007?gh_jid=5153218007
2026-08-02T23:43:17.929109+00:00,2026-06-11T17:00:56+00:00,Anduril,1,2027 Electrical Engineer Intern,"Atlanta, Georgia, United States; Boston, Massachusetts, United States; Costa Mesa, California, United States; Irvine, California, United States; Reston, Virginia, United States; Seattle, Washington, United States",target,8,greenhouse:andurilindustries,https://boards.greenhouse.io/andurilindustries/jobs/5148101007?gh_jid=5148101007
2026-08-02T23:43:17.929109+00:00,2026-06-11T17:34:22+00:00,Anduril,1,2027 Mechanical Engineer Intern,"Atlanta, Georgia, United States; Boston, Massachusetts, United States; Costa Mesa, California, United States; Irvine, California, United States; Reston, Virginia, United States; Seattle, Washington, United States",target,13,greenhouse:andurilindustries,https://boards.greenhouse.io/andurilindustries/jobs/5153187007?gh_jid=5153187007
2026-08-02T23:43:17.929109+00:00,2026-06-09T03:18:35+00:00,Rocket Lab,1,Apprentice Aerospace Technician,"Auckland, NZ",unknown,9,greenhouse:rocketlab,https://job-boards.greenhouse.io/rocketlab/jobs/7712642003
2026-08-02T23:43:17.929109+00:00,2026-07-28T18:27:09.057000+00:00,Skydio,1,Product Design Engineer Intern,"San Mateo, California, United States",assumed,9,ashby:skydio,https://jobs.ashbyhq.com/skydio/ce482813-99c2-4eaa-a165-2ed201249182
2026-08-02T23:43:17.929109+00:00,2026-07-28T18:35:36.967000+00:00,Skydio,1,Electrical Engineer Intern,"San Mateo, California, United States",assumed,6,ashby:skydio,https://jobs.ashbyhq.com/skydio/9ac944bc-89da-44bb-bf9c-3b9922e7cbee
2026-08-02T23:43:17.929109+00:00,,Apple,2,Hardware Undergrad Engineering Internship,,assumed,4,sndsh-2027,https://jobs.apple.com/en-us/details/200663981-3810/hardware-undergrad-engineering-internships
2026-08-02T23:43:17.929109+00:00,2026-07-27T23:43:17.929109+00:00,Bosch Group,9,Powertrain Controls Software Engineer...,"Farmington Hills, MI",unknown,4,zapply-2027,
2026-08-02T23:43:17.929109+00:00,2026-06-03T23:43:17.929109+00:00,Hermeus,1,Subsystem Test Engineering Intern - F...,"Atlanta, GA",unknown,9,zapply-2027,
2026-08-02T23:43:17.929109+00:00,2026-07-03T23:43:17.929109+00:00,BorgWarner,3,Mechanical Engineering Intern – Adv. ...,Michigan,unknown,5,zapply-2027,
2026-08-02T23:43:17.929109+00:00,2026-07-03T23:43:17.929109+00:00,Intuitive,2,Computer Vision Engineering Intern - ...,"Sunnyvale, CA",unknown,4,zapply-2027,
2026-08-02T23:43:17.929109+00:00,2026-06-03T23:43:17.929109+00:00,Rivian and Volkswagen Group Technologies,2,Electromechanical Design Engineering ...,"Irvine, California",unknown,10,zapply-2027,
2026-08-02T23:43:17.929109+00:00,2026-06-03T23:43:17.929109+00:00,Apple,2,Hardware Undergrad Engineering Intern...,United States,unknown,4,zapply-2027,
2026-08-02T23:43:17.929109+00:00,2026-05-04T23:43:17.929109+00:00,Astranis,1,Mechanical Engineer - Associate Progr...,San Francisco,unknown,9,zapply-2027,
2026-08-02T23:43:17.929109+00:00,2026-04-04T23:43:17.929109+00:00,Varda Space,1,Mechanical Engineering Internship - F...,"El Segundo, Calif...",unknown,11,zapply-2027,
2026-08-02T23:43:17.929109+00:00,2026-07-03T23:43:17.929109+00:00,Generac,9,Mechanical Design Engineering Intern,"North Billerica, ...",unknown,7,zapply-2027,
2026-08-02T23:43:17.929109+00:00,2026-07-03T23:43:17.929109+00:00,Bosch Group,9,Mechanical Design Engineering Intern,"Fort Lauderdale, FL",unknown,7,zapply-2027,
2026-08-02T23:43:17.929109+00:00,2026-07-16T00:00:00+00:00,Unison (GE Aerospace),2,Engineering Intern (Summer 2027),"Jacksonville, FL",target,6,sndsh-2027,https://careers.geaerospace.com/global/en/job/GAOGAYGLOBALR5037097EXTERNALENGLOBAL/Unison-Engineering-Intern-Summer-2027
2026-08-02T23:43:17.929109+00:00,2026-07-19T23:43:17.929109+00:00,Huntsman,9,Mechanical Engineering Intern,Texas,assumed,4,zapply-2027,
2026-08-02T23:43:17.929109+00:00,2026-07-30T23:43:17.929109+00:00,KION Group,9,Mechanical Engineering Co-Op,Henrietta NY Unit...,assumed,4,zapply-2027,
2026-08-02T23:43:17.929109+00:00,2026-06-03T23:43:17.929109+00:00,Human Computer Lab,9,Intern - Mechanical Engineer,San Francisco,unknown,4,zapply-2027,
2026-08-02T23:43:17.929109+00:00,2026-07-03T23:43:17.929109+00:00,Marmon Holdings,9,Mechanical Engineer Intern,United States of ...,unknown,4,zapply-2027,
2026-08-02T23:43:17.929109+00:00,2026-07-03T23:43:17.929109+00:00,Lila Sciences,9,"Co-op, Mechanical Engineer","Cambridge, MA USA",unknown,4,zapply-2027,
2026-08-02T23:43:17.929109+00:00,2026-07-03T23:43:17.929109+00:00,Thornton Tomasetti,9,Mechanical Engineer Co-op,"New York, NY, USA",unknown,4,zapply-2027,
2026-08-02T23:43:17.929109+00:00,2026-07-26T23:43:17.929109+00:00,Moog,3,"Intern, Test Engineering","Buffalo, NY",assumed,3,zapply-2027,
2026-08-03T03:37:04.796041+00:00,2026-07-23T20:03:32+00:00,Kairos Power,2,Mechanical and Manufacturing Engineering Internship - Summer 2027 ,"Alameda, CA, Albuquerque, NM, or Oak Ridge, TN",target,14,greenhouse:kairospower,https://job-boards.greenhouse.io/kairospower/jobs/6123676004
2026-08-03T03:37:04.796041+00:00,2026-08-03T02:29:47+00:00,Rocket Lab,1,Ground Systems Engineering Intern - Instrumentation & Control,"Auckland, NZ",assumed,14,greenhouse:rocketlab,https://job-boards.greenhouse.io/rocketlab/jobs/7819722003
2026-08-03T03:37:04.796041+00:00,2026-07-22T19:11:37+00:00,Kairos Power,2,Chemical and Materials Engineering Internship - Summer 2027,"Alameda, CA, Albuquerque, NM or Oak Ridge, TN ",target,6,greenhouse:kairospower,https://job-boards.greenhouse.io/kairospower/jobs/6122803004
2026-08-03T03:37:04.796041+00:00,2026-08-03T02:21:34+00:00,Rocket Lab,1,Manufacturing Engineering Intern- Spacecraft Components,"Auckland, NZ",assumed,14,greenhouse:rocketlab,https://job-boards.greenhouse.io/rocketlab/jobs/7820014003
2026-08-03T03:37:04.796041+00:00,2026-08-03T03:29:51+00:00,Rocket Lab,1,Ground Systems Mechanical Engineering Intern - Neutron,"Auckland, NZ",assumed,16,greenhouse:rocketlab,https://job-boards.greenhouse.io/rocketlab/jobs/7821138003
2026-08-03T03:37:04.796041+00:00,2026-08-03T01:40:53+00:00,Rocket Lab,1,Manufacturing Engineering Intern - Vehicle Integration,"Auckland, NZ",assumed,14,greenhouse:rocketlab,https://job-boards.greenhouse.io/rocketlab/jobs/7819745003
2026-08-03T03:37:04.796041+00:00,2026-08-03T03:04:46+00:00,Rocket Lab,1,Development Engineering Intern - Neutron Upper Module,"Auckland, NZ",assumed,11,greenhouse:rocketlab,https://job-boards.greenhouse.io/rocketlab/jobs/7821126003
2026-08-03T03:37:04.796041+00:00,2026-08-03T03:01:15+00:00,Rocket Lab,1,Avionics Intern - Neutron Flight Safety Systems,"Auckland, NZ",assumed,9,greenhouse:rocketlab,https://job-boards.greenhouse.io/rocketlab/jobs/7819590003
2026-08-03T03:37:04.796041+00:00,2026-07-23T19:46:38+00:00,Kairos Power,2,Electrical Engineering Internship - Summer 2027,"Alameda, CA, Albuquerque, NM or Oak Ridge, TN ",target,6,greenhouse:kairospower,https://job-boards.greenhouse.io/kairospower/jobs/6123657004
2026-08-03T03:37:04.796041+00:00,2026-07-23T22:04:30+00:00,Kairos Power,2,Nuclear Engineering Internship - Summer 2027 ,"Alameda, CA, Albuquerque, NM, Oak Ridge, TN",target,11,greenhouse:kairospower,https://job-boards.greenhouse.io/kairospower/jobs/6123830004
2026-08-03T03:37:04.796041+00:00,2026-08-03T03:36:41+00:00,Rocket Lab,1,Avionics Systems and Test Engineering Intern,"Auckland, NZ",assumed,14,greenhouse:rocketlab,https://job-boards.greenhouse.io/rocketlab/jobs/7821144003
2026-08-03T03:37:04.796041+00:00,2026-08-03T02:59:51+00:00,Rocket Lab,1,Ground Systems Engineering Intern - Electron,"Auckland, NZ",assumed,14,greenhouse:rocketlab,https://job-boards.greenhouse.io/rocketlab/jobs/7822312003
2026-08-03T03:37:04.796041+00:00,2026-08-03T02:19:22+00:00,Rocket Lab,1,Avionics Intern - Neutron Avionics Systems,"Auckland, NZ",assumed,9,greenhouse:rocketlab,https://job-boards.greenhouse.io/rocketlab/jobs/7819822003
2026-08-03T03:37:04.796041+00:00,2026-08-03T02:25:39+00:00,Rocket Lab,1,Avionics Manufacturing Engineering Intern,"Auckland, NZ",assumed,14,greenhouse:rocketlab,https://job-boards.greenhouse.io/rocketlab/jobs/7819770003
2026-08-03T03:37:04.796041+00:00,2026-08-03T02:13:18+00:00,Rocket Lab,1,Neutron Mechanical Development Intern,"Auckland, NZ",assumed,14,greenhouse:rocketlab,https://job-boards.greenhouse.io/rocketlab/jobs/7821122003
2026-08-03T03:37:04.796041+00:00,2026-08-03T03:35:19+00:00,Rocket Lab,1,Electron Vehicle Development Intern,"Auckland, NZ",assumed,9,greenhouse:rocketlab,https://job-boards.greenhouse.io/rocketlab/jobs/7821136003
2026-08-03T03:37:04.796041+00:00,2026-06-11T17:51:24+00:00,Anduril,1,2027 Manufacturing Engineer Intern,"Atlanta, Georgia, United States; Boston, Massachusetts, United States; Costa Mesa, California, United States; Irvine, California, United States; Seattle, Washington, United States",target,11,greenhouse:andurilindustries,https://boards.greenhouse.io/andurilindustries/jobs/5153218007?gh_jid=5153218007
2026-08-03T03:37:04.796041+00:00,2026-08-03T03:33:40+00:00,Rocket Lab,1,Ground Systems Engineering Intern,"Auckland, NZ",assumed,14,greenhouse:rocketlab,https://job-boards.greenhouse.io/rocketlab/jobs/7821140003
2026-08-03T03:37:04.796041+00:00,2026-06-11T17:00:56+00:00,Anduril,1,2027 Electrical Engineer Intern,"Atlanta, Georgia, United States; Boston, Massachusetts, United States; Costa Mesa, California, United States; Irvine, California, United States; Reston, Virginia, United States; Seattle, Washington, United States",target,8,greenhouse:andurilindustries,https://boards.greenhouse.io/andurilindustries/jobs/5148101007?gh_jid=5148101007
2026-08-03T03:37:04.796041+00:00,2026-06-11T17:34:22+00:00,Anduril,1,2027 Mechanical Engineer Intern,"Atlanta, Georgia, United States; Boston, Massachusetts, United States; Costa Mesa, California, United States; Irvine, California, United States; Reston, Virginia, United States; Seattle, Washington, United States",target,13,greenhouse:andurilindustries,https://boards.greenhouse.io/andurilindustries/jobs/5153187007?gh_jid=5153187007
2026-08-03T03:37:04.796041+00:00,2026-06-09T03:18:35+00:00,Rocket Lab,1,Apprentice Aerospace Technician,"Auckland, NZ",unknown,9,greenhouse:rocketlab,https://job-boards.greenhouse.io/rocketlab/jobs/7712642003
2026-08-03T03:37:04.796041+00:00,2026-07-28T18:27:09.057000+00:00,Skydio,1,Product Design Engineer Intern,"San Mateo, California, United States",assumed,9,ashby:skydio,https://jobs.ashbyhq.com/skydio/ce482813-99c2-4eaa-a165-2ed201249182
2026-08-03T03:37:04.796041+00:00,2026-08-03T03:16:51+00:00,Rocket Lab,1,Integrated Operations Intern,"Auckland, NZ",assumed,9,greenhouse:rocketlab,https://job-boards.greenhouse.io/rocketlab/jobs/7819703003
2026-08-03T03:37:04.796041+00:00,2026-08-03T03:15:31+00:00,Rocket Lab,1,Systems Engineering Intern,"Auckland, NZ",assumed,14,greenhouse:rocketlab,https://job-boards.greenhouse.io/rocketlab/jobs/7819994003
2026-08-03T03:37:04.796041+00:00,2026-07-28T18:35:36.967000+00:00,Skydio,1,Electrical Engineer Intern,"San Mateo, California, United States",assumed,6,ashby:skydio,https://jobs.ashbyhq.com/skydio/9ac944bc-89da-44bb-bf9c-3b9922e7cbee
2026-08-03T03:37:04.796041+00:00,2026-08-03T03:20:23+00:00,Rocket Lab,1,Web Services Intern,"Auckland, NZ",assumed,9,greenhouse:rocketlab,https://job-boards.greenhouse.io/rocketlab/jobs/7821120003
2026-08-03T03:37:04.796041+00:00,,Apple,2,Hardware Undergrad Engineering Internship,,assumed,4,sndsh-2027,https://jobs.apple.com/en-us/details/200663981-3810/hardware-undergrad-engineering-internships
2026-08-03T03:37:04.796041+00:00,2026-07-28T03:37:04.796041+00:00,Bosch Group,9,Powertrain Controls Software Engineer...,"Farmington Hills, MI",assumed,4,zapply-2027,https://jobs.smartrecruiters.com/BoschGroup/744000140089589
2026-08-03T03:37:04.796041+00:00,2026-07-04T03:37:04.796041+00:00,BorgWarner,3,Mechanical Engineering Intern – Adv. ...,Michigan,unknown,5,zapply-2027,https://borgwarner.wd5.myworkdayjobs.com/BorgWarner_Careers/job/Auburn-Hills---Michigan---USA/Mechanical-Engineering-Intern---Adv-Engineering---PDS--Year-Round-_R2026-2137
2026-08-03T03:37:04.796041+00:00,2026-06-04T03:37:04.796041+00:00,Apple,2,Hardware Undergrad Engineering Intern...,United States,unknown,4,zapply-2027,https://jobs.apple.com/en-us/details/200663981/hardware-undergrad-engineering-internships
2026-08-03T03:37:04.796041+00:00,2026-07-04T03:37:04.796041+00:00,Generac,9,Mechanical Design Engineering Intern,"North Billerica, ...",unknown,7,zapply-2027,https://generac.wd5.myworkdayjobs.com/External/job/North-Billerica-MA---USA/Mechanical-Design-Engineering-Intern_JR14679
2026-08-03T03:37:04.796041+00:00,2026-07-04T03:37:04.796041+00:00,Bosch Group,9,Mechanical Design Engineering Intern,"Fort Lauderdale, FL",unknown,7,zapply-2027,https://jobs.smartrecruiters.com/BoschGroup/744000131662039
2026-08-03T03:37:04.796041+00:00,2026-07-16T00:00:00+00:00,Unison (GE Aerospace),2,Engineering Intern (Summer 2027),"Jacksonville, FL",target,6,sndsh-2027,https://careers.geaerospace.com/global/en/job/GAOGAYGLOBALR5037097EXTERNALENGLOBAL/Unison-Engineering-Intern-Summer-2027
2026-08-03T03:37:04.796041+00:00,2026-07-20T03:37:04.796041+00:00,Huntsman,9,Mechanical Engineering Intern,Texas,assumed,4,zapply-2027,https://huntsman.wd1.myworkdayjobs.com/Huntsman/job/USA---Texas---Houston---The-Woodlands---Corporate-Office/Mechanical-Engineering-Intern_J-020026
2026-08-03T03:37:04.796041+00:00,2026-06-04T03:37:04.796041+00:00,Human Computer Lab,9,Intern - Mechanical Engineer,San Francisco,unknown,4,zapply-2027,https://jobs.ashbyhq.com/human-computer-lab/63a06836-54f4-4475-9e03-007ce5afc04c
2026-08-03T03:37:04.796041+00:00,2026-07-04T03:37:04.796041+00:00,Marmon Holdings,9,Mechanical Engineer Intern,United States of ...,unknown,4,zapply-2027,https://marmon.wd501.myworkdayjobs.com/Marmon_MSIP_Internships/job/Remote---United-States-of-America/Mechanical-Engineer-Intern_JR0000036528-1
2026-08-03T03:37:04.796041+00:00,2026-07-04T03:37:04.796041+00:00,Lila Sciences,9,"Co-op, Mechanical Engineer","Cambridge, MA USA",unknown,4,zapply-2027,https://job-boards.greenhouse.io/lilasciences/jobs/4284223009
2026-08-03T03:37:04.796041+00:00,2026-07-04T03:37:04.796041+00:00,Thornton Tomasetti,9,Mechanical Engineer Co-op,"New York, NY, USA",unknown,4,zapply-2027,https://tt.wd503.myworkdayjobs.com/thorntontomasetti/job/New-York-NY-USA/Mechanical-Engineer-Co-op_R6868
2026-08-03T03:37:04.796041+00:00,2026-07-27T03:37:04.796041+00:00,Moog,3,"Intern, Test Engineering","Buffalo, NY",assumed,3,zapply-2027,https://moog.wd5.myworkdayjobs.com/moog_external_career_site/job/Buffalo-NY/Intern--Test-Engineering_R-26-18775
2026-08-03T06:47:07.055056+00:00,2026-07-23T20:03:32+00:00,Kairos Power,2,Mechanical and Manufacturing Engineering Internship - Summer 2027 ,"Alameda, CA, Albuquerque, NM, or Oak Ridge, TN",target,14,greenhouse:kairospower,https://job-boards.greenhouse.io/kairospower/jobs/6123676004
2026-08-03T06:47:07.055056+00:00,2026-08-03T02:29:47+00:00,Rocket Lab,1,Ground Systems Engineering Intern - Instrumentation & Control,"Auckland, NZ",assumed,14,greenhouse:rocketlab,https://job-boards.greenhouse.io/rocketlab/jobs/7819722003
2026-08-03T06:47:07.055056+00:00,2026-07-22T19:11:37+00:00,Kairos Power,2,Chemical and Materials Engineering Internship - Summer 2027,"Alameda, CA, Albuquerque, NM or Oak Ridge, TN ",target,6,greenhouse:kairospower,https://job-boards.greenhouse.io/kairospower/jobs/6122803004
2026-08-03T06:47:07.055056+00:00,2026-08-03T02:21:34+00:00,Rocket Lab,1,Manufacturing Engineering Intern- Spacecraft Components,"Auckland, NZ",assumed,14,greenhouse:rocketlab,https://job-boards.greenhouse.io/rocketlab/jobs/7820014003
2026-08-03T06:47:07.055056+00:00,2026-08-03T03:29:51+00:00,Rocket Lab,1,Ground Systems Mechanical Engineering Intern - Neutron,"Auckland, NZ",assumed,16,greenhouse:rocketlab,https://job-boards.greenhouse.io/rocketlab/jobs/7821138003
2026-08-03T06:47:07.055056+00:00,2026-08-03T01:40:53+00:00,Rocket Lab,1,Manufacturing Engineering Intern - Vehicle Integration,"Auckland, NZ",assumed,14,greenhouse:rocketlab,https://job-boards.greenhouse.io/rocketlab/jobs/7819745003
2026-08-03T06:47:07.055056+00:00,2026-08-03T03:04:46+00:00,Rocket Lab,1,Development Engineering Intern - Neutron Upper Module,"Auckland, NZ",assumed,11,greenhouse:rocketlab,https://job-boards.greenhouse.io/rocketlab/jobs/7821126003
2026-08-03T06:47:07.055056+00:00,2026-08-03T03:01:15+00:00,Rocket Lab,1,Avionics Intern - Neutron Flight Safety Systems,"Auckland, NZ",assumed,9,greenhouse:rocketlab,https://job-boards.greenhouse.io/rocketlab/jobs/7819590003
2026-08-03T06:47:07.055056+00:00,2026-07-23T19:46:38+00:00,Kairos Power,2,Electrical Engineering Internship - Summer 2027,"Alameda, CA, Albuquerque, NM or Oak Ridge, TN ",target,6,greenhouse:kairospower,https://job-boards.greenhouse.io/kairospower/jobs/6123657004
2026-08-03T06:47:07.055056+00:00,2026-07-23T22:04:30+00:00,Kairos Power,2,Nuclear Engineering Internship - Summer 2027 ,"Alameda, CA, Albuquerque, NM, Oak Ridge, TN",target,11,greenhouse:kairospower,https://job-boards.greenhouse.io/kairospower/jobs/6123830004
2026-08-03T06:47:07.055056+00:00,2026-08-03T03:36:41+00:00,Rocket Lab,1,Avionics Systems and Test Engineering Intern,"Auckland, NZ",assumed,14,greenhouse:rocketlab,https://job-boards.greenhouse.io/rocketlab/jobs/7821144003
2026-08-03T06:47:07.055056+00:00,2026-08-03T02:59:51+00:00,Rocket Lab,1,Ground Systems Engineering Intern - Electron,"Auckland, NZ",assumed,14,greenhouse:rocketlab,https://job-boards.greenhouse.io/rocketlab/jobs/7822312003
2026-08-03T06:47:07.055056+00:00,2026-08-03T02:19:22+00:00,Rocket Lab,1,Avionics Intern - Neutron Avionics Systems,"Auckland, NZ",assumed,9,greenhouse:rocketlab,https://job-boards.greenhouse.io/rocketlab/jobs/7819822003
2026-08-03T06:47:07.055056+00:00,2026-08-03T02:25:39+00:00,Rocket Lab,1,Avionics Manufacturing Engineering Intern,"Auckland, NZ",assumed,14,greenhouse:rocketlab,https://job-boards.greenhouse.io/rocketlab/jobs/7819770003
2026-08-03T06:47:07.055056+00:00,2026-08-03T04:01:51+00:00,Rocket Lab,1,Neutron Mechanical Development Intern,"Auckland, NZ",assumed,14,greenhouse:rocketlab,https://job-boards.greenhouse.io/rocketlab/jobs/7821193003
2026-08-03T06:47:07.055056+00:00,2026-08-03T03:35:19+00:00,Rocket Lab,1,Electron Vehicle Development Intern,"Auckland, NZ",assumed,9,greenhouse:rocketlab,https://job-boards.greenhouse.io/rocketlab/jobs/7821136003
2026-08-03T06:47:07.055056+00:00,2026-06-11T17:51:24+00:00,Anduril,1,2027 Manufacturing Engineer Intern,"Atlanta, Georgia, United States; Boston, Massachusetts, United States; Costa Mesa, California, United States; Irvine, California, United States; Seattle, Washington, United States",target,11,greenhouse:andurilindustries,https://boards.greenhouse.io/andurilindustries/jobs/5153218007?gh_jid=5153218007
2026-08-03T06:47:07.055056+00:00,2026-08-03T03:33:40+00:00,Rocket Lab,1,Ground Systems Engineering Intern,"Auckland, NZ",assumed,14,greenhouse:rocketlab,https://job-boards.greenhouse.io/rocketlab/jobs/7821140003
2026-08-03T06:47:07.055056+00:00,2026-08-03T03:57:22+00:00,Rocket Lab,1,Supplier Quality Engineer Intern,"Auckland, NZ",assumed,11,greenhouse:rocketlab,https://job-boards.greenhouse.io/rocketlab/jobs/7819101003
2026-08-03T06:47:07.055056+00:00,2026-06-11T17:00:56+00:00,Anduril,1,2027 Electrical Engineer Intern,"Atlanta, Georgia, United States; Boston, Massachusetts, United States; Costa Mesa, California, United States; Irvine, California, United States; Reston, Virginia, United States; Seattle, Washington, United States",target,8,greenhouse:andurilindustries,https://boards.greenhouse.io/andurilindustries/jobs/5148101007?gh_jid=5148101007
2026-08-03T06:47:07.055056+00:00,2026-06-11T17:34:22+00:00,Anduril,1,2027 Mechanical Engineer Intern,"Atlanta, Georgia, United States; Boston, Massachusetts, United States; Costa Mesa, California, United States; Irvine, California, United States; Reston, Virginia, United States; Seattle, Washington, United States",target,13,greenhouse:andurilindustries,https://boards.greenhouse.io/andurilindustries/jobs/5153187007?gh_jid=5153187007
2026-08-03T06:47:07.055056+00:00,2026-06-09T03:18:35+00:00,Rocket Lab,1,Apprentice Aerospace Technician,"Auckland, NZ",unknown,9,greenhouse:rocketlab,https://job-boards.greenhouse.io/rocketlab/jobs/7712642003
2026-08-03T06:47:07.055056+00:00,2026-07-28T18:27:09.057000+00:00,Skydio,1,Product Design Engineer Intern,"San Mateo, California, United States",assumed,9,ashby:skydio,https://jobs.ashbyhq.com/skydio/ce482813-99c2-4eaa-a165-2ed201249182
2026-08-03T06:47:07.055056+00:00,2026-08-03T03:16:51+00:00,Rocket Lab,1,Integrated Operations Intern,"Auckland, NZ",assumed,9,greenhouse:rocketlab,https://job-boards.greenhouse.io/rocketlab/jobs/7819703003
2026-08-03T06:47:07.055056+00:00,2026-08-03T03:15:31+00:00,Rocket Lab,1,Systems Engineering Intern,"Auckland, NZ",assumed,14,greenhouse:rocketlab,https://job-boards.greenhouse.io/rocketlab/jobs/7819994003
2026-08-03T06:47:07.055056+00:00,2026-07-28T18:35:36.967000+00:00,Skydio,1,Electrical Engineer Intern,"San Mateo, California, United States",assumed,6,ashby:skydio,https://jobs.ashbyhq.com/skydio/9ac944bc-89da-44bb-bf9c-3b9922e7cbee
2026-08-03T06:47:07.055056+00:00,2026-08-03T03:20:23+00:00,Rocket Lab,1,Web Services Intern,"Auckland, NZ",assumed,9,greenhouse:rocketlab,https://job-boards.greenhouse.io/rocketlab/jobs/7821120003
2026-08-03T06:47:07.055056+00:00,2026-08-03T04:00:15+00:00,Rocket Lab,1,Talent Ops Intern,"Auckland, NZ",assumed,9,greenhouse:rocketlab,https://job-boards.greenhouse.io/rocketlab/jobs/7819832003
2026-08-03T06:47:07.055056+00:00,,Apple,2,Hardware Undergrad Engineering Internship,,assumed,4,sndsh-2027,https://jobs.apple.com/en-us/details/200663981-3810/hardware-undergrad-engineering-internships
2026-08-03T06:47:07.055056+00:00,2026-07-28T06:47:07.055056+00:00,Bosch Group,9,Powertrain Controls Software Engineer...,"Farmington Hills, MI",assumed,4,zapply-2027,https://jobs.smartrecruiters.com/BoschGroup/744000140089589
2026-08-03T06:47:07.055056+00:00,2026-07-04T06:47:07.055056+00:00,BorgWarner,3,Mechanical Engineering Intern – Adv. ...,Michigan,unknown,5,zapply-2027,https://borgwarner.wd5.myworkdayjobs.com/BorgWarner_Careers/job/Auburn-Hills---Michigan---USA/Mechanical-Engineering-Intern---Adv-Engineering---PDS--Year-Round-_R2026-2137
2026-08-03T06:47:07.055056+00:00,2026-06-04T06:47:07.055056+00:00,Apple,2,Hardware Undergrad Engineering Intern...,United States,unknown,4,zapply-2027,https://jobs.apple.com/en-us/details/200663981/hardware-undergrad-engineering-internships
2026-08-03T06:47:07.055056+00:00,2026-07-27T06:47:07.055056+00:00,Applied Materials,3,2026 Process Engineer Co-op - Adv Deg...,"Gloucester,MA",unknown,3,zapply-2027,https://amat.wd1.myworkdayjobs.com/External/job/GloucesterMA/XMLNAME-2026-Process-Engineer-Co-op---Adv-Degree--Gloucester--MA-_R2623409
2026-08-03T06:47:07.055056+00:00,2026-07-04T06:47:07.055056+00:00,Generac,9,Mechanical Design Engineering Intern,"North Billerica, ...",unknown,7,zapply-2027,https://generac.wd5.myworkdayjobs.com/External/job/North-Billerica-MA---USA/Mechanical-Design-Engineering-Intern_JR14679
2026-08-03T06:47:07.055056+00:00,2026-07-04T06:47:07.055056+00:00,Bosch Group,9,Mechanical Design Engineering Intern,"Fort Lauderdale, FL",unknown,7,zapply-2027,https://jobs.smartrecruiters.com/BoschGroup/744000131662039
2026-08-03T06:47:07.055056+00:00,2026-07-16T00:00:00+00:00,Unison (GE Aerospace),2,Engineering Intern (Summer 2027),"Jacksonville, FL",target,6,sndsh-2027,https://careers.geaerospace.com/global/en/job/GAOGAYGLOBALR5037097EXTERNALENGLOBAL/Unison-Engineering-Intern-Summer-2027
2026-08-03T06:47:07.055056+00:00,2026-07-20T06:47:07.055056+00:00,Huntsman,9,Mechanical Engineering Intern,Texas,assumed,4,zapply-2027,https://huntsman.wd1.myworkdayjobs.com/Huntsman/job/USA---Texas---Houston---The-Woodlands---Corporate-Office/Mechanical-Engineering-Intern_J-020026
2026-08-03T06:47:07.055056+00:00,2026-06-04T06:47:07.055056+00:00,Human Computer Lab,9,Intern - Mechanical Engineer,San Francisco,unknown,4,zapply-2027,https://jobs.ashbyhq.com/human-computer-lab/63a06836-54f4-4475-9e03-007ce5afc04c
2026-08-03T06:47:07.055056+00:00,2026-07-04T06:47:07.055056+00:00,Marmon Holdings,9,Mechanical Engineer Intern,United States of ...,unknown,4,zapply-2027,https://marmon.wd501.myworkdayjobs.com/Marmon_MSIP_Internships/job/Remote---United-States-of-America/Mechanical-Engineer-Intern_JR0000036528-1
2026-08-03T06:47:07.055056+00:00,2026-07-04T06:47:07.055056+00:00,Lila Sciences,9,"Co-op, Mechanical Engineer","Cambridge, MA USA",unknown,4,zapply-2027,https://job-boards.greenhouse.io/lilasciences/jobs/4284223009
2026-08-03T06:47:07.055056+00:00,2026-07-04T06:47:07.055056+00:00,Thornton Tomasetti,9,Mechanical Engineer Co-op,"New York, NY, USA",unknown,4,zapply-2027,https://tt.wd503.myworkdayjobs.com/thorntontomasetti/job/New-York-NY-USA/Mechanical-Engineer-Co-op_R6868
2026-08-03T06:47:07.055056+00:00,2026-07-27T06:47:07.055056+00:00,Moog,3,"Intern, Test Engineering","Buffalo, NY",assumed,3,zapply-2027,https://moog.wd5.myworkdayjobs.com/moog_external_career_site/job/Buffalo-NY/Intern--Test-Engineering_R-26-18775
2026-08-03T06:55:58.506602+00:00,2026-07-23T20:03:32+00:00,Kairos Power,2,Mechanical and Manufacturing Engineering Internship - Summer 2027 ,"Alameda, CA, Albuquerque, NM, or Oak Ridge, TN",target,14,greenhouse:kairospower,https://job-boards.greenhouse.io/kairospower/jobs/6123676004
2026-08-03T06:55:58.506602+00:00,2026-08-03T02:29:47+00:00,Rocket Lab,1,Ground Systems Engineering Intern - Instrumentation & Control,"Auckland, NZ",assumed,14,greenhouse:rocketlab,https://job-boards.greenhouse.io/rocketlab/jobs/7819722003
2026-08-03T06:55:58.506602+00:00,2026-07-22T19:11:37+00:00,Kairos Power,2,Chemical and Materials Engineering Internship - Summer 2027,"Alameda, CA, Albuquerque, NM or Oak Ridge, TN ",target,6,greenhouse:kairospower,https://job-boards.greenhouse.io/kairospower/jobs/6122803004
2026-08-03T06:55:58.506602+00:00,2026-08-03T02:21:34+00:00,Rocket Lab,1,Manufacturing Engineering Intern- Spacecraft Components,"Auckland, NZ",assumed,14,greenhouse:rocketlab,https://job-boards.greenhouse.io/rocketlab/jobs/7820014003
2026-08-03T06:55:58.506602+00:00,2026-08-03T03:29:51+00:00,Rocket Lab,1,Ground Systems Mechanical Engineering Intern - Neutron,"Auckland, NZ",assumed,16,greenhouse:rocketlab,https://job-boards.greenhouse.io/rocketlab/jobs/7821138003
2026-08-03T06:55:58.506602+00:00,2026-08-03T01:40:53+00:00,Rocket Lab,1,Manufacturing Engineering Intern - Vehicle Integration,"Auckland, NZ",assumed,14,greenhouse:rocketlab,https://job-boards.greenhouse.io/rocketlab/jobs/7819745003
2026-08-03T06:55:58.506602+00:00,2026-08-03T03:04:46+00:00,Rocket Lab,1,Development Engineering Intern - Neutron Upper Module,"Auckland, NZ",assumed,11,greenhouse:rocketlab,https://job-boards.greenhouse.io/rocketlab/jobs/7821126003
2026-08-03T06:55:58.506602+00:00,2026-08-03T03:01:15+00:00,Rocket Lab,1,Avionics Intern - Neutron Flight Safety Systems,"Auckland, NZ",assumed,9,greenhouse:rocketlab,https://job-boards.greenhouse.io/rocketlab/jobs/7819590003
2026-08-03T06:55:58.506602+00:00,2026-07-23T19:46:38+00:00,Kairos Power,2,Electrical Engineering Internship - Summer 2027,"Alameda, CA, Albuquerque, NM or Oak Ridge, TN ",target,6,greenhouse:kairospower,https://job-boards.greenhouse.io/kairospower/jobs/6123657004
2026-08-03T06:55:58.506602+00:00,2026-07-23T22:04:30+00:00,Kairos Power,2,Nuclear Engineering Internship - Summer 2027 ,"Alameda, CA, Albuquerque, NM, Oak Ridge, TN",target,11,greenhouse:kairospower,https://job-boards.greenhouse.io/kairospower/jobs/6123830004
2026-08-03T06:55:58.506602+00:00,2026-08-03T03:36:41+00:00,Rocket Lab,1,Avionics Systems and Test Engineering Intern,"Auckland, NZ",assumed,14,greenhouse:rocketlab,https://job-boards.greenhouse.io/rocketlab/jobs/7821144003
2026-08-03T06:55:58.506602+00:00,2026-08-03T04:04:34+00:00,Rocket Lab,1,Ground Systems Engineering Intern - Electron,"Auckland, NZ",assumed,14,greenhouse:rocketlab,https://job-boards.greenhouse.io/rocketlab/jobs/7822310003
2026-08-03T06:55:58.506602+00:00,2026-08-03T02:19:22+00:00,Rocket Lab,1,Avionics Intern - Neutron Avionics Systems,"Auckland, NZ",assumed,9,greenhouse:rocketlab,https://job-boards.greenhouse.io/rocketlab/jobs/7819822003
2026-08-03T06:55:58.506602+00:00,2026-08-03T02:25:39+00:00,Rocket Lab,1,Avionics Manufacturing Engineering Intern,"Auckland, NZ",assumed,14,greenhouse:rocketlab,https://job-boards.greenhouse.io/rocketlab/jobs/7819770003
2026-08-03T06:55:58.506602+00:00,2026-08-03T02:13:18+00:00,Rocket Lab,1,Neutron Mechanical Development Intern,"Auckland, NZ",assumed,14,greenhouse:rocketlab,https://job-boards.greenhouse.io/rocketlab/jobs/7821122003
2026-08-03T06:55:58.506602+00:00,2026-08-03T03:35:19+00:00,Rocket Lab,1,Electron Vehicle Development Intern,"Auckland, NZ",assumed,9,greenhouse:rocketlab,https://job-boards.greenhouse.io/rocketlab/jobs/7821136003
2026-08-03T06:55:58.506602+00:00,2026-06-11T17:51:24+00:00,Anduril,1,2027 Manufacturing Engineer Intern,"Atlanta, Georgia, United States; Boston, Massachusetts, United States; Costa Mesa, California, United States; Irvine, California, United States; Seattle, Washington, United States",target,11,greenhouse:andurilindustries,https://boards.greenhouse.io/andurilindustries/jobs/5153218007?gh_jid=5153218007
2026-08-03T06:55:58.506602+00:00,2026-08-03T03:33:40+00:00,Rocket Lab,1,Ground Systems Engineering Intern,"Auckland, NZ",assumed,14,greenhouse:rocketlab,https://job-boards.greenhouse.io/rocketlab/jobs/7821140003
2026-08-03T06:55:58.506602+00:00,2026-08-03T03:57:22+00:00,Rocket Lab,1,Supplier Quality Engineer Intern,"Auckland, NZ",assumed,11,greenhouse:rocketlab,https://job-boards.greenhouse.io/rocketlab/jobs/7819101003
2026-08-03T06:55:58.506602+00:00,2026-06-11T17:00:56+00:00,Anduril,1,2027 Electrical Engineer Intern,"Atlanta, Georgia, United States; Boston, Massachusetts, United States; Costa Mesa, California, United States; Irvine, California, United States; Reston, Virginia, United States; Seattle, Washington, United States",target,8,greenhouse:andurilindustries,https://boards.greenhouse.io/andurilindustries/jobs/5148101007?gh_jid=5148101007
2026-08-03T06:55:58.506602+00:00,2026-06-11T17:34:22+00:00,Anduril,1,2027 Mechanical Engineer Intern,"Atlanta, Georgia, United States; Boston, Massachusetts, United States; Costa Mesa, California, United States; Irvine, California, United States; Reston, Virginia, United States; Seattle, Washington, United States",target,13,greenhouse:andurilindustries,https://boards.greenhouse.io/andurilindustries/jobs/5153187007?gh_jid=5153187007
2026-08-03T06:55:58.506602+00:00,2026-06-09T03:18:35+00:00,Rocket Lab,1,Apprentice Aerospace Technician,"Auckland, NZ",unknown,9,greenhouse:rocketlab,https://job-boards.greenhouse.io/rocketlab/jobs/7712642003
2026-08-03T06:55:58.506602+00:00,2026-07-28T18:27:09.057000+00:00,Skydio,1,Product Design Engineer Intern,"San Mateo, California, United States",assumed,9,ashby:skydio,https://jobs.ashbyhq.com/skydio/ce482813-99c2-4eaa-a165-2ed201249182
2026-08-03T06:55:58.506602+00:00,2026-08-03T03:16:51+00:00,Rocket Lab,1,Integrated Operations Intern,"Auckland, NZ",assumed,9,greenhouse:rocketlab,https://job-boards.greenhouse.io/rocketlab/jobs/7819703003
2026-08-03T06:55:58.506602+00:00,2026-08-03T03:15:31+00:00,Rocket Lab,1,Systems Engineering Intern,"Auckland, NZ",assumed,14,greenhouse:rocketlab,https://job-boards.greenhouse.io/rocketlab/jobs/7819994003
2026-08-03T06:55:58.506602+00:00,2026-07-28T18:35:36.967000+00:00,Skydio,1,Electrical Engineer Intern,"San Mateo, California, United States",assumed,6,ashby:skydio,https://jobs.ashbyhq.com/skydio/9ac944bc-89da-44bb-bf9c-3b9922e7cbee
2026-08-03T06:55:58.506602+00:00,2026-08-03T03:20:23+00:00,Rocket Lab,1,Web Services Intern,"Auckland, NZ",assumed,9,greenhouse:rocketlab,https://job-boards.greenhouse.io/rocketlab/jobs/7821120003
2026-08-03T06:55:58.506602+00:00,2026-08-03T04:00:15+00:00,Rocket Lab,1,Talent Ops Intern,"Auckland, NZ",assumed,9,greenhouse:rocketlab,https://job-boards.greenhouse.io/rocketlab/jobs/7819832003
2026-08-03T06:55:58.506602+00:00,,Apple,2,Hardware Undergrad Engineering Internship,,assumed,4,sndsh-2027,https://jobs.apple.com/en-us/details/200663981-3810/hardware-undergrad-engineering-internships
2026-08-03T06:55:58.506602+00:00,2026-07-28T06:55:58.506602+00:00,Bosch Group,9,Powertrain Controls Software Engineer...,"Farmington Hills, MI",assumed,4,zapply-2027,https://jobs.smartrecruiters.com/BoschGroup/744000140089589
2026-08-03T06:55:58.506602+00:00,2026-07-04T06:55:58.506602+00:00,BorgWarner,3,Mechanical Engineering Intern – Adv. ...,Michigan,unknown,5,zapply-2027,https://borgwarner.wd5.myworkdayjobs.com/BorgWarner_Careers/job/Auburn-Hills---Michigan---USA/Mechanical-Engineering-Intern---Adv-Engineering---PDS--Year-Round-_R2026-2137
2026-08-03T06:55:58.506602+00:00,2026-06-04T06:55:58.506602+00:00,Apple,2,Hardware Undergrad Engineering Intern...,United States,unknown,4,zapply-2027,https://jobs.apple.com/en-us/details/200663981/hardware-undergrad-engineering-internships
2026-08-03T06:55:58.506602+00:00,2026-07-27T06:55:58.506602+00:00,Applied Materials,3,2026 Process Engineer Co-op - Adv Deg...,"Gloucester,MA",unknown,3,zapply-2027,https://amat.wd1.myworkdayjobs.com/External/job/GloucesterMA/XMLNAME-2026-Process-Engineer-Co-op---Adv-Degree--Gloucester--MA-_R2623409
2026-08-03T06:55:58.506602+00:00,2026-07-04T06:55:58.506602+00:00,Generac,9,Mechanical Design Engineering Intern,"North Billerica, ...",unknown,7,zapply-2027,https://generac.wd5.myworkdayjobs.com/External/job/North-Billerica-MA---USA/Mechanical-Design-Engineering-Intern_JR14679
2026-08-03T06:55:58.506602+00:00,2026-07-04T06:55:58.506602+00:00,Bosch Group,9,Mechanical Design Engineering Intern,"Fort Lauderdale, FL",unknown,7,zapply-2027,https://jobs.smartrecruiters.com/BoschGroup/744000131662039
2026-08-03T06:55:58.506602+00:00,2026-07-16T00:00:00+00:00,Unison (GE Aerospace),2,Engineering Intern (Summer 2027),"Jacksonville, FL",target,6,sndsh-2027,https://careers.geaerospace.com/global/en/job/GAOGAYGLOBALR5037097EXTERNALENGLOBAL/Unison-Engineering-Intern-Summer-2027
2026-08-03T06:55:58.506602+00:00,2026-07-28T06:55:58.506602+00:00,Baxter International,9,Co-op Mechanical Engineering R&D,"Skaneateles, NY",assumed,4,zapply-2027,https://baxter.wd1.myworkdayjobs.com/baxter/job/Skaneateles-NY/Co-op-Mechanical-Engineering-R-D_JR-204658-1
2026-08-03T06:55:58.506602+00:00,2026-07-20T06:55:58.506602+00:00,Huntsman,9,Mechanical Engineering Intern,Texas,assumed,4,zapply-2027,https://huntsman.wd1.myworkdayjobs.com/Huntsman/job/USA---Texas---Houston---The-Woodlands---Corporate-Office/Mechanical-Engineering-Intern_J-020026
2026-08-03T06:55:58.506602+00:00,2026-06-04T06:55:58.506602+00:00,Human Computer Lab,9,Intern - Mechanical Engineer,San Francisco,unknown,4,zapply-2027,https://jobs.ashbyhq.com/human-computer-lab/63a06836-54f4-4475-9e03-007ce5afc04c
2026-08-03T06:55:58.506602+00:00,2026-07-04T06:55:58.506602+00:00,Marmon Holdings,9,Mechanical Engineer Intern,United States of ...,unknown,4,zapply-2027,https://marmon.wd501.myworkdayjobs.com/Marmon_MSIP_Internships/job/Remote---United-States-of-America/Mechanical-Engineer-Intern_JR0000036528-1
2026-08-03T06:55:58.506602+00:00,2026-07-04T06:55:58.506602+00:00,Lila Sciences,9,"Co-op, Mechanical Engineer","Cambridge, MA USA",unknown,4,zapply-2027,https://job-boards.greenhouse.io/lilasciences/jobs/4284223009
2026-08-03T06:55:58.506602+00:00,2026-07-04T06:55:58.506602+00:00,Thornton Tomasetti,9,Mechanical Engineer Co-op,"New York, NY, USA",unknown,4,zapply-2027,https://tt.wd503.myworkdayjobs.com/thorntontomasetti/job/New-York-NY-USA/Mechanical-Engineer-Co-op_R6868
2026-08-03T06:55:58.506602+00:00,2026-07-27T06:55:58.506602+00:00,Moog,3,"Intern, Test Engineering","Buffalo, NY",assumed,3,zapply-2027,https://moog.wd5.myworkdayjobs.com/moog_external_career_site/job/Buffalo-NY/Intern--Test-Engineering_R-26-18775
2026-08-03T10:40:37.762614+00:00,2026-07-23T20:03:32+00:00,Kairos Power,2,Mechanical and Manufacturing Engineering Internship - Summer 2027 ,"Alameda, CA, Albuquerque, NM, or Oak Ridge, TN",target,14,greenhouse:kairospower,https://job-boards.greenhouse.io/kairospower/jobs/6123676004
2026-08-03T10:40:37.762614+00:00,2026-08-03T02:29:47+00:00,Rocket Lab,1,Ground Systems Engineering Intern - Instrumentation & Control,"Auckland, NZ",assumed,14,greenhouse:rocketlab,https://job-boards.greenhouse.io/rocketlab/jobs/7819722003
2026-08-03T10:40:37.762614+00:00,2026-07-22T19:11:37+00:00,Kairos Power,2,Chemical and Materials Engineering Internship - Summer 2027,"Alameda, CA, Albuquerque, NM or Oak Ridge, TN ",target,6,greenhouse:kairospower,https://job-boards.greenhouse.io/kairospower/jobs/6122803004
2026-08-03T10:40:37.762614+00:00,2026-08-03T02:21:34+00:00,Rocket Lab,1,Manufacturing Engineering Intern- Spacecraft Components,"Auckland, NZ",assumed,14,greenhouse:rocketlab,https://job-boards.greenhouse.io/rocketlab/jobs/7820014003
2026-08-03T10:40:37.762614+00:00,2026-08-03T03:29:51+00:00,Rocket Lab,1,Ground Systems Mechanical Engineering Intern - Neutron,"Auckland, NZ",assumed,16,greenhouse:rocketlab,https://job-boards.greenhouse.io/rocketlab/jobs/7821138003
2026-08-03T10:40:37.762614+00:00,2026-08-03T01:40:53+00:00,Rocket Lab,1,Manufacturing Engineering Intern - Vehicle Integration,"Auckland, NZ",assumed,14,greenhouse:rocketlab,https://job-boards.greenhouse.io/rocketlab/jobs/7819745003
2026-08-03T10:40:37.762614+00:00,2026-08-03T03:04:46+00:00,Rocket Lab,1,Development Engineering Intern - Neutron Upper Module,"Auckland, NZ",assumed,11,greenhouse:rocketlab,https://job-boards.greenhouse.io/rocketlab/jobs/7821126003
2026-08-03T10:40:37.762614+00:00,2026-08-03T03:01:15+00:00,Rocket Lab,1,Avionics Intern - Neutron Flight Safety Systems,"Auckland, NZ",assumed,9,greenhouse:rocketlab,https://job-boards.greenhouse.io/rocketlab/jobs/7819590003
2026-08-03T10:40:37.762614+00:00,2026-07-23T19:46:38+00:00,Kairos Power,2,Electrical Engineering Internship - Summer 2027,"Alameda, CA, Albuquerque, NM or Oak Ridge, TN ",target,6,greenhouse:kairospower,https://job-boards.greenhouse.io/kairospower/jobs/6123657004
2026-08-03T10:40:37.762614+00:00,2026-07-23T22:04:30+00:00,Kairos Power,2,Nuclear Engineering Internship - Summer 2027 ,"Alameda, CA, Albuquerque, NM, Oak Ridge, TN",target,11,greenhouse:kairospower,https://job-boards.greenhouse.io/kairospower/jobs/6123830004
2026-08-03T10:40:37.762614+00:00,2026-08-03T03:36:41+00:00,Rocket Lab,1,Avionics Systems and Test Engineering Intern,"Auckland, NZ",assumed,14,greenhouse:rocketlab,https://job-boards.greenhouse.io/rocketlab/jobs/7821144003
2026-08-03T10:40:37.762614+00:00,2026-08-03T02:59:51+00:00,Rocket Lab,1,Ground Systems Engineering Intern - Electron,"Auckland, NZ",assumed,14,greenhouse:rocketlab,https://job-boards.greenhouse.io/rocketlab/jobs/7822312003
2026-08-03T10:40:37.762614+00:00,2026-08-03T02:19:22+00:00,Rocket Lab,1,Avionics Intern - Neutron Avionics Systems,"Auckland, NZ",assumed,9,greenhouse:rocketlab,https://job-boards.greenhouse.io/rocketlab/jobs/7819822003
2026-08-03T10:40:37.762614+00:00,2026-08-03T02:25:39+00:00,Rocket Lab,1,Avionics Manufacturing Engineering Intern,"Auckland, NZ",assumed,14,greenhouse:rocketlab,https://job-boards.greenhouse.io/rocketlab/jobs/7819770003
2026-08-03T10:40:37.762614+00:00,2026-08-03T02:13:18+00:00,Rocket Lab,1,Neutron Mechanical Development Intern,"Auckland, NZ",assumed,14,greenhouse:rocketlab,https://job-boards.greenhouse.io/rocketlab/jobs/7821122003
2026-08-03T10:40:37.762614+00:00,2026-08-03T03:35:19+00:00,Rocket Lab,1,Electron Vehicle Development Intern,"Auckland, NZ",assumed,9,greenhouse:rocketlab,https://job-boards.greenhouse.io/rocketlab/jobs/7821136003
2026-08-03T10:40:37.762614+00:00,2026-06-11T17:51:24+00:00,Anduril,1,2027 Manufacturing Engineer Intern,"Atlanta, Georgia, United States; Boston, Massachusetts, United States; Costa Mesa, California, United States; Irvine, California, United States; Seattle, Washington, United States",target,11,greenhouse:andurilindustries,https://boards.greenhouse.io/andurilindustries/jobs/5153218007?gh_jid=5153218007
2026-08-03T10:40:37.762614+00:00,2026-08-03T03:33:40+00:00,Rocket Lab,1,Ground Systems Engineering Intern,"Auckland, NZ",assumed,14,greenhouse:rocketlab,https://job-boards.greenhouse.io/rocketlab/jobs/7821140003
2026-08-03T10:40:37.762614+00:00,2026-08-03T03:57:22+00:00,Rocket Lab,1,Supplier Quality Engineer Intern,"Auckland, NZ",assumed,11,greenhouse:rocketlab,https://job-boards.greenhouse.io/rocketlab/jobs/7819101003
2026-08-03T10:40:37.762614+00:00,2026-06-11T17:00:56+00:00,Anduril,1,2027 Electrical Engineer Intern,"Atlanta, Georgia, United States; Boston, Massachusetts, United States; Costa Mesa, California, United States; Irvine, California, United States; Reston, Virginia, United States; Seattle, Washington, United States",target,8,greenhouse:andurilindustries,https://boards.greenhouse.io/andurilindustries/jobs/5148101007?gh_jid=5148101007
2026-08-03T10:40:37.762614+00:00,2026-06-11T17:34:22+00:00,Anduril,1,2027 Mechanical Engineer Intern,"Atlanta, Georgia, United States; Boston, Massachusetts, United States; Costa Mesa, California, United States; Irvine, California, United States; Reston, Virginia, United States; Seattle, Washington, United States",target,13,greenhouse:andurilindustries,https://boards.greenhouse.io/andurilindustries/jobs/5153187007?gh_jid=5153187007
2026-08-03T10:40:37.762614+00:00,2026-06-09T03:18:35+00:00,Rocket Lab,1,Apprentice Aerospace Technician,"Auckland, NZ",unknown,9,greenhouse:rocketlab,https://job-boards.greenhouse.io/rocketlab/jobs/7712642003
2026-08-03T10:40:37.762614+00:00,2026-07-28T18:27:09.057000+00:00,Skydio,1,Product Design Engineer Intern,"San Mateo, California, United States",assumed,9,ashby:skydio,https://jobs.ashbyhq.com/skydio/ce482813-99c2-4eaa-a165-2ed201249182
2026-08-03T10:40:37.762614+00:00,2026-08-03T03:16:51+00:00,Rocket Lab,1,Integrated Operations Intern,"Auckland, NZ",assumed,9,greenhouse:rocketlab,https://job-boards.greenhouse.io/rocketlab/jobs/7819703003
2026-08-03T10:40:37.762614+00:00,2026-08-03T03:15:31+00:00,Rocket Lab,1,Systems Engineering Intern,"Auckland, NZ",assumed,14,greenhouse:rocketlab,https://job-boards.greenhouse.io/rocketlab/jobs/7819994003
2026-08-03T10:40:37.762614+00:00,2026-07-28T18:35:36.967000+00:00,Skydio,1,Electrical Engineer Intern,"San Mateo, California, United States",assumed,6,ashby:skydio,https://jobs.ashbyhq.com/skydio/9ac944bc-89da-44bb-bf9c-3b9922e7cbee
2026-08-03T10:40:37.762614+00:00,2026-08-03T03:20:23+00:00,Rocket Lab,1,Web Services Intern,"Auckland, NZ",assumed,9,greenhouse:rocketlab,https://job-boards.greenhouse.io/rocketlab/jobs/7821120003
2026-08-03T10:40:37.762614+00:00,2026-08-03T04:00:15+00:00,Rocket Lab,1,Talent Ops Intern,"Auckland, NZ",assumed,9,greenhouse:rocketlab,https://job-boards.greenhouse.io/rocketlab/jobs/7819832003
2026-08-03T10:40:37.762614+00:00,,Apple,2,Hardware Undergrad Engineering Internship,,assumed,4,sndsh-2027,https://jobs.apple.com/en-us/details/200663981-3810/hardware-undergrad-engineering-internships
2026-08-03T10:40:37.762614+00:00,2026-07-28T10:40:37.762614+00:00,Bosch Group,9,Powertrain Controls Software Engineer...,"Farmington Hills, MI",assumed,4,zapply-2027,https://jobs.smartrecruiters.com/BoschGroup/744000140089589
2026-08-03T10:40:37.762614+00:00,2026-07-20T10:40:37.762614+00:00,Carrier Global,9,Thermal Optimization Engineering Inte...,CAG10: ALC,assumed,4,zapply-2027,https://carrier.wd5.myworkdayjobs.com/jobs/job/CAG10-ALC-HQ-1025-Cobb-Place-Boulevard-Kennesaw-GA-30145-USA/Thermal-Optimization-Engineering-Intern---Fall_30204244
2026-08-03T10:40:37.762614+00:00,2026-07-04T10:40:37.762614+00:00,BorgWarner,3,Mechanical Engineering Intern – Adv. ...,Michigan,unknown,5,zapply-2027,https://borgwarner.wd5.myworkdayjobs.com/BorgWarner_Careers/job/Auburn-Hills---Michigan---USA/Mechanical-Engineering-Intern---Adv-Engineering---PDS--Year-Round-_R2026-2137
2026-08-03T10:40:37.762614+00:00,2026-06-04T10:40:37.762614+00:00,Apple,2,Hardware Undergrad Engineering Intern...,United States,unknown,4,zapply-2027,https://jobs.apple.com/en-us/details/200663981/hardware-undergrad-engineering-internships
2026-08-03T10:40:37.762614+00:00,2026-07-04T10:40:37.762614+00:00,Generac,9,Mechanical Design Engineering Intern,"North Billerica, ...",unknown,7,zapply-2027,https://generac.wd5.myworkdayjobs.com/External/job/North-Billerica-MA---USA/Mechanical-Design-Engineering-Intern_JR14679
2026-08-03T10:40:37.762614+00:00,2026-07-04T10:40:37.762614+00:00,Bosch Group,9,Mechanical Design Engineering Intern,"Fort Lauderdale, FL",unknown,7,zapply-2027,https://jobs.smartrecruiters.com/BoschGroup/744000131662039
2026-08-03T10:40:37.762614+00:00,2026-07-04T10:40:37.762614+00:00,Penn State University,9,Opto-Mechanical Engineering Intern,Optics,unknown,4,zapply-2027,https://psu.wd1.myworkdayjobs.com/Student/job/Electro-Optics-Center-in-Freeport-PA/Opto-Mechanical-Engineering-Intern_REQ_0000050425
2026-08-03T10:40:37.762614+00:00,2026-07-16T00:00:00+00:00,Unison (GE Aerospace),2,Engineering Intern (Summer 2027),"Jacksonville, FL",target,6,sndsh-2027,https://careers.geaerospace.com/global/en/job/GAOGAYGLOBALR5037097EXTERNALENGLOBAL/Unison-Engineering-Intern-Summer-2027
2026-08-03T10:40:37.762614+00:00,2026-07-27T10:40:37.762614+00:00,Baxter International,9,Co-op Mechanical Engineering R&D,"Skaneateles, NY",assumed,4,zapply-2027,https://baxter.wd1.myworkdayjobs.com/baxter/job/Skaneateles-NY/Co-op-Mechanical-Engineering-R-D_JR-204658-1
2026-08-03T10:40:37.762614+00:00,2026-07-20T10:40:37.762614+00:00,Huntsman,9,Mechanical Engineering Intern,Texas,assumed,4,zapply-2027,https://huntsman.wd1.myworkdayjobs.com/Huntsman/job/USA---Texas---Houston---The-Woodlands---Corporate-Office/Mechanical-Engineering-Intern_J-020026
2026-08-03T10:40:37.762614+00:00,2026-06-04T10:40:37.762614+00:00,Human Computer Lab,9,Intern - Mechanical Engineer,San Francisco,unknown,4,zapply-2027,https://jobs.ashbyhq.com/human-computer-lab/63a06836-54f4-4475-9e03-007ce5afc04c
2026-08-03T10:40:37.762614+00:00,2026-07-04T10:40:37.762614+00:00,Marmon Holdings,9,Mechanical Engineer Intern,United States of ...,unknown,4,zapply-2027,https://marmon.wd501.myworkdayjobs.com/Marmon_MSIP_Internships/job/Remote---United-States-of-America/Mechanical-Engineer-Intern_JR0000036528-1
2026-08-03T10:40:37.762614+00:00,2026-07-04T10:40:37.762614+00:00,Lila Sciences,9,"Co-op, Mechanical Engineer","Cambridge, MA USA",unknown,4,zapply-2027,https://job-boards.greenhouse.io/lilasciences/jobs/4284223009
2026-08-03T10:40:37.762614+00:00,2026-07-04T10:40:37.762614+00:00,Thornton Tomasetti,9,Mechanical Engineer Co-op,"New York, NY, USA",unknown,4,zapply-2027,https://tt.wd503.myworkdayjobs.com/thorntontomasetti/job/New-York-NY-USA/Mechanical-Engineer-Co-op_R6868
2026-08-03T10:40:37.762614+00:00,2026-07-27T10:40:37.762614+00:00,Moog,3,"Intern, Test Engineering","Buffalo, NY",assumed,3,zapply-2027,https://moog.wd5.myworkdayjobs.com/moog_external_career_site/job/Buffalo-NY/Intern--Test-Engineering_R-26-18775
2026-08-03T13:37:35.212443+00:00,2026-07-23T20:03:32+00:00,Kairos Power,2,Mechanical and Manufacturing Engineering Internship - Summer 2027 ,"Alameda, CA, Albuquerque, NM, or Oak Ridge, TN",target,14,greenhouse:kairospower,https://job-boards.greenhouse.io/kairospower/jobs/6123676004
2026-08-03T13:37:35.212443+00:00,2026-08-03T02:29:47+00:00,Rocket Lab,1,Ground Systems Engineering Intern - Instrumentation & Control,"Auckland, NZ",assumed,14,greenhouse:rocketlab,https://job-boards.greenhouse.io/rocketlab/jobs/7819722003
2026-08-03T13:37:35.212443+00:00,2026-07-22T19:11:37+00:00,Kairos Power,2,Chemical and Materials Engineering Internship - Summer 2027,"Alameda, CA, Albuquerque, NM or Oak Ridge, TN ",target,6,greenhouse:kairospower,https://job-boards.greenhouse.io/kairospower/jobs/6122803004
2026-08-03T13:37:35.212443+00:00,2026-08-03T02:21:34+00:00,Rocket Lab,1,Manufacturing Engineering Intern- Spacecraft Components,"Auckland, NZ",assumed,14,greenhouse:rocketlab,https://job-boards.greenhouse.io/rocketlab/jobs/7820014003
2026-08-03T13:37:35.212443+00:00,2026-08-03T03:29:51+00:00,Rocket Lab,1,Ground Systems Mechanical Engineering Intern - Neutron,"Auckland, NZ",assumed,16,greenhouse:rocketlab,https://job-boards.greenhouse.io/rocketlab/jobs/7821138003
2026-08-03T13:37:35.212443+00:00,2026-08-03T01:40:53+00:00,Rocket Lab,1,Manufacturing Engineering Intern - Vehicle Integration,"Auckland, NZ",assumed,14,greenhouse:rocketlab,https://job-boards.greenhouse.io/rocketlab/jobs/7819745003
2026-08-03T13:37:35.212443+00:00,2026-08-03T03:04:46+00:00,Rocket Lab,1,Development Engineering Intern - Neutron Upper Module,"Auckland, NZ",assumed,11,greenhouse:rocketlab,https://job-boards.greenhouse.io/rocketlab/jobs/7821126003
2026-08-03T13:37:35.212443+00:00,2026-08-03T03:01:15+00:00,Rocket Lab,1,Avionics Intern - Neutron Flight Safety Systems,"Auckland, NZ",assumed,9,greenhouse:rocketlab,https://job-boards.greenhouse.io/rocketlab/jobs/7819590003
2026-08-03T13:37:35.212443+00:00,2026-07-23T19:46:38+00:00,Kairos Power,2,Electrical Engineering Internship - Summer 2027,"Alameda, CA, Albuquerque, NM or Oak Ridge, TN ",target,6,greenhouse:kairospower,https://job-boards.greenhouse.io/kairospower/jobs/6123657004
2026-08-03T13:37:35.212443+00:00,2026-07-23T22:04:30+00:00,Kairos Power,2,Nuclear Engineering Internship - Summer 2027 ,"Alameda, CA, Albuquerque, NM, Oak Ridge, TN",target,11,greenhouse:kairospower,https://job-boards.greenhouse.io/kairospower/jobs/6123830004
2026-08-03T13:37:35.212443+00:00,2026-08-03T03:36:41+00:00,Rocket Lab,1,Avionics Systems and Test Engineering Intern,"Auckland, NZ",assumed,14,greenhouse:rocketlab,https://job-boards.greenhouse.io/rocketlab/jobs/7821144003
2026-08-03T13:37:35.212443+00:00,2026-08-03T02:59:51+00:00,Rocket Lab,1,Ground Systems Engineering Intern - Electron,"Auckland, NZ",assumed,14,greenhouse:rocketlab,https://job-boards.greenhouse.io/rocketlab/jobs/7822312003
2026-08-03T13:37:35.212443+00:00,2026-08-03T02:19:22+00:00,Rocket Lab,1,Avionics Intern - Neutron Avionics Systems,"Auckland, NZ",assumed,9,greenhouse:rocketlab,https://job-boards.greenhouse.io/rocketlab/jobs/7819822003
2026-08-03T13:37:35.212443+00:00,2026-08-03T02:25:39+00:00,Rocket Lab,1,Avionics Manufacturing Engineering Intern,"Auckland, NZ",assumed,14,greenhouse:rocketlab,https://job-boards.greenhouse.io/rocketlab/jobs/7819770003
2026-08-03T13:37:35.212443+00:00,2026-08-03T02:13:18+00:00,Rocket Lab,1,Neutron Mechanical Development Intern,"Auckland, NZ",assumed,14,greenhouse:rocketlab,https://job-boards.greenhouse.io/rocketlab/jobs/7821122003
2026-08-03T13:37:35.212443+00:00,2026-08-03T03:35:19+00:00,Rocket Lab,1,Electron Vehicle Development Intern,"Auckland, NZ",assumed,9,greenhouse:rocketlab,https://job-boards.greenhouse.io/rocketlab/jobs/7821136003
2026-08-03T13:37:35.212443+00:00,2026-06-11T17:51:24+00:00,Anduril,1,2027 Manufacturing Engineer Intern,"Atlanta, Georgia, United States; Boston, Massachusetts, United States; Costa Mesa, California, United States; Irvine, California, United States; Seattle, Washington, United States",target,11,greenhouse:andurilindustries,https://boards.greenhouse.io/andurilindustries/jobs/5153218007?gh_jid=5153218007
2026-08-03T13:37:35.212443+00:00,2026-08-03T03:33:40+00:00,Rocket Lab,1,Ground Systems Engineering Intern,"Auckland, NZ",assumed,14,greenhouse:rocketlab,https://job-boards.greenhouse.io/rocketlab/jobs/7821140003
2026-08-03T13:37:35.212443+00:00,2026-08-03T03:57:22+00:00,Rocket Lab,1,Supplier Quality Engineer Intern,"Auckland, NZ",assumed,11,greenhouse:rocketlab,https://job-boards.greenhouse.io/rocketlab/jobs/7819101003
2026-08-03T13:37:35.212443+00:00,2026-06-11T17:00:56+00:00,Anduril,1,2027 Electrical Engineer Intern,"Atlanta, Georgia, United States; Boston, Massachusetts, United States; Costa Mesa, California, United States; Irvine, California, United States; Reston, Virginia, United States; Seattle, Washington, United States",target,8,greenhouse:andurilindustries,https://boards.greenhouse.io/andurilindustries/jobs/5148101007?gh_jid=5148101007
2026-08-03T13:37:35.212443+00:00,2026-06-11T17:34:22+00:00,Anduril,1,2027 Mechanical Engineer Intern,"Atlanta, Georgia, United States; Boston, Massachusetts, United States; Costa Mesa, California, United States; Irvine, California, United States; Reston, Virginia, United States; Seattle, Washington, United States",target,13,greenhouse:andurilindustries,https://boards.greenhouse.io/andurilindustries/jobs/5153187007?gh_jid=5153187007
2026-08-03T13:37:35.212443+00:00,2026-06-09T03:18:35+00:00,Rocket Lab,1,Apprentice Aerospace Technician,"Auckland, NZ",unknown,9,greenhouse:rocketlab,https://job-boards.greenhouse.io/rocketlab/jobs/7712642003
2026-08-03T13:37:35.212443+00:00,2026-07-28T18:27:09.057000+00:00,Skydio,1,Product Design Engineer Intern,"San Mateo, California, United States",assumed,9,ashby:skydio,https://jobs.ashbyhq.com/skydio/ce482813-99c2-4eaa-a165-2ed201249182
2026-08-03T13:37:35.212443+00:00,2026-08-03T03:16:51+00:00,Rocket Lab,1,Integrated Operations Intern,"Auckland, NZ",assumed,9,greenhouse:rocketlab,https://job-boards.greenhouse.io/rocketlab/jobs/7819703003
2026-08-03T13:37:35.212443+00:00,2026-08-03T03:15:31+00:00,Rocket Lab,1,Systems Engineering Intern,"Auckland, NZ",assumed,14,greenhouse:rocketlab,https://job-boards.greenhouse.io/rocketlab/jobs/7819994003
2026-08-03T13:37:35.212443+00:00,2026-07-28T18:35:36.967000+00:00,Skydio,1,Electrical Engineer Intern,"San Mateo, California, United States",assumed,6,ashby:skydio,https://jobs.ashbyhq.com/skydio/9ac944bc-89da-44bb-bf9c-3b9922e7cbee
2026-08-03T13:37:35.212443+00:00,2026-08-03T03:20:23+00:00,Rocket Lab,1,Web Services Intern,"Auckland, NZ",assumed,9,greenhouse:rocketlab,https://job-boards.greenhouse.io/rocketlab/jobs/7821120003
2026-08-03T13:37:35.212443+00:00,2026-08-03T04:00:15+00:00,Rocket Lab,1,Talent Ops Intern,"Auckland, NZ",assumed,9,greenhouse:rocketlab,https://job-boards.greenhouse.io/rocketlab/jobs/7819832003
2026-08-03T13:37:35.212443+00:00,,Apple,2,Hardware Undergrad Engineering Internship,,assumed,4,sndsh-2027,https://jobs.apple.com/en-us/details/200663981-3810/hardware-undergrad-engineering-internships
2026-08-03T13:37:35.212443+00:00,2026-07-28T13:37:35.212443+00:00,Bosch Group,9,Powertrain Controls Software Engineer...,"Farmington Hills, MI",assumed,4,zapply-2027,https://jobs.smartrecruiters.com/BoschGroup/744000140089589
2026-08-03T13:37:35.212443+00:00,2026-07-04T13:37:35.212443+00:00,BorgWarner,3,Mechanical Engineering Intern – Adv. ...,Michigan,unknown,5,zapply-2027,https://borgwarner.wd5.myworkdayjobs.com/BorgWarner_Careers/job/Auburn-Hills---Michigan---USA/Mechanical-Engineering-Intern---Adv-Engineering---PDS--Year-Round-_R2026-2137
2026-08-03T13:37:35.212443+00:00,2026-06-04T13:37:35.212443+00:00,Apple,2,Hardware Undergrad Engineering Intern...,United States,unknown,4,zapply-2027,https://jobs.apple.com/en-us/details/200663981/hardware-undergrad-engineering-internships
2026-08-03T13:37:35.212443+00:00,2026-07-04T13:37:35.212443+00:00,Bosch Group,9,Mechanical Design Engineering Intern,"Fort Lauderdale, FL",unknown,7,zapply-2027,https://jobs.smartrecruiters.com/BoschGroup/744000131662039
2026-08-03T13:37:35.212443+00:00,2026-07-16T00:00:00+00:00,Unison (GE Aerospace),2,Engineering Intern (Summer 2027),"Jacksonville, FL",target,6,sndsh-2027,https://careers.geaerospace.com/global/en/job/GAOGAYGLOBALR5037097EXTERNALENGLOBAL/Unison-Engineering-Intern-Summer-2027
2026-08-03T13:37:35.212443+00:00,2026-07-20T13:37:35.212443+00:00,Huntsman,9,Mechanical Engineering Intern,Texas,assumed,4,zapply-2027,https://huntsman.wd1.myworkdayjobs.com/Huntsman/job/USA---Texas---Houston---The-Woodlands---Corporate-Office/Mechanical-Engineering-Intern_J-020026
2026-08-03T13:37:35.212443+00:00,2026-07-30T13:37:35.212443+00:00,KION Group,9,Mechanical Engineering Co-Op,Henrietta NY Unit...,assumed,4,zapply-2027,https://kiongroup.wd3.myworkdayjobs.com/kiongroup/job/Henrietta-NY-United-States/Mechanical-Engineering-Co-Op_JR-0094004-1
2026-08-03T13:37:35.212443+00:00,2026-06-04T13:37:35.212443+00:00,Human Computer Lab,9,Intern - Mechanical Engineer,San Francisco,unknown,4,zapply-2027,https://jobs.ashbyhq.com/human-computer-lab/63a06836-54f4-4475-9e03-007ce5afc04c
2026-08-03T13:37:35.212443+00:00,2026-07-04T13:37:35.212443+00:00,Marmon Holdings,9,Mechanical Engineer Intern,United States of ...,unknown,4,zapply-2027,https://marmon.wd501.myworkdayjobs.com/Marmon_MSIP_Internships/job/Remote---United-States-of-America/Mechanical-Engineer-Intern_JR0000036528-1
2026-08-03T13:37:35.212443+00:00,2026-07-04T13:37:35.212443+00:00,Lila Sciences,9,"Co-op, Mechanical Engineer","Cambridge, MA USA",unknown,4,zapply-2027,https://job-boards.greenhouse.io/lilasciences/jobs/4284223009
2026-08-03T13:37:35.212443+00:00,2026-07-04T13:37:35.212443+00:00,Thornton Tomasetti,9,Mechanical Engineer Co-op,"New York, NY, USA",unknown,4,zapply-2027,https://tt.wd503.myworkdayjobs.com/thorntontomasetti/job/New-York-NY-USA/Mechanical-Engineer-Co-op_R6868
2026-08-03T13:37:35.212443+00:00,2026-07-27T13:37:35.212443+00:00,Moog,3,"Intern, Test Engineering","Buffalo, NY",assumed,3,zapply-2027,https://moog.wd5.myworkdayjobs.com/moog_external_career_site/job/Buffalo-NY/Intern--Test-Engineering_R-26-18775
2026-08-03T14:57:07.562227+00:00,2026-07-23T20:03:32+00:00,Kairos Power,2,Mechanical and Manufacturing Engineering Internship - Summer 2027 ,"Alameda, CA, Albuquerque, NM, or Oak Ridge, TN",target,14,greenhouse:kairospower,https://job-boards.greenhouse.io/kairospower/jobs/6123676004
2026-08-03T14:57:07.562227+00:00,2026-08-03T02:29:47+00:00,Rocket Lab,1,Ground Systems Engineering Intern - Instrumentation & Control,"Auckland, NZ",assumed,14,greenhouse:rocketlab,https://job-boards.greenhouse.io/rocketlab/jobs/7819722003
2026-08-03T14:57:07.562227+00:00,2026-07-22T19:11:37+00:00,Kairos Power,2,Chemical and Materials Engineering Internship - Summer 2027,"Alameda, CA, Albuquerque, NM or Oak Ridge, TN ",target,6,greenhouse:kairospower,https://job-boards.greenhouse.io/kairospower/jobs/6122803004
2026-08-03T14:57:07.562227+00:00,2026-08-03T02:21:34+00:00,Rocket Lab,1,Manufacturing Engineering Intern- Spacecraft Components,"Auckland, NZ",assumed,14,greenhouse:rocketlab,https://job-boards.greenhouse.io/rocketlab/jobs/7820014003
2026-08-03T14:57:07.562227+00:00,2026-08-03T03:29:51+00:00,Rocket Lab,1,Ground Systems Mechanical Engineering Intern - Neutron,"Auckland, NZ",assumed,16,greenhouse:rocketlab,https://job-boards.greenhouse.io/rocketlab/jobs/7821138003
2026-08-03T14:57:07.562227+00:00,2026-08-03T01:40:53+00:00,Rocket Lab,1,Manufacturing Engineering Intern - Vehicle Integration,"Auckland, NZ",assumed,14,greenhouse:rocketlab,https://job-boards.greenhouse.io/rocketlab/jobs/7819745003
2026-08-03T14:57:07.562227+00:00,2026-08-03T03:04:46+00:00,Rocket Lab,1,Development Engineering Intern - Neutron Upper Module,"Auckland, NZ",assumed,11,greenhouse:rocketlab,https://job-boards.greenhouse.io/rocketlab/jobs/7821126003
2026-08-03T14:57:07.562227+00:00,2026-08-03T03:01:15+00:00,Rocket Lab,1,Avionics Intern - Neutron Flight Safety Systems,"Auckland, NZ",assumed,9,greenhouse:rocketlab,https://job-boards.greenhouse.io/rocketlab/jobs/7819590003
2026-08-03T14:57:07.562227+00:00,2026-07-23T19:46:38+00:00,Kairos Power,2,Electrical Engineering Internship - Summer 2027,"Alameda, CA, Albuquerque, NM or Oak Ridge, TN ",target,6,greenhouse:kairospower,https://job-boards.greenhouse.io/kairospower/jobs/6123657004
2026-08-03T14:57:07.562227+00:00,2026-07-23T22:04:30+00:00,Kairos Power,2,Nuclear Engineering Internship - Summer 2027 ,"Alameda, CA, Albuquerque, NM, Oak Ridge, TN",target,11,greenhouse:kairospower,https://job-boards.greenhouse.io/kairospower/jobs/6123830004
2026-08-03T14:57:07.562227+00:00,2026-08-03T03:36:41+00:00,Rocket Lab,1,Avionics Systems and Test Engineering Intern,"Auckland, NZ",assumed,14,greenhouse:rocketlab,https://job-boards.greenhouse.io/rocketlab/jobs/7821144003
2026-08-03T14:57:07.562227+00:00,2026-08-03T02:59:51+00:00,Rocket Lab,1,Ground Systems Engineering Intern - Electron,"Auckland, NZ",assumed,14,greenhouse:rocketlab,https://job-boards.greenhouse.io/rocketlab/jobs/7822312003
2026-08-03T14:57:07.562227+00:00,2026-08-03T02:19:22+00:00,Rocket Lab,1,Avionics Intern - Neutron Avionics Systems,"Auckland, NZ",assumed,9,greenhouse:rocketlab,https://job-boards.greenhouse.io/rocketlab/jobs/7819822003
2026-08-03T14:57:07.562227+00:00,2026-08-03T02:25:39+00:00,Rocket Lab,1,Avionics Manufacturing Engineering Intern,"Auckland, NZ",assumed,14,greenhouse:rocketlab,https://job-boards.greenhouse.io/rocketlab/jobs/7819770003
2026-08-03T14:57:07.562227+00:00,2026-08-03T02:13:18+00:00,Rocket Lab,1,Neutron Mechanical Development Intern,"Auckland, NZ",assumed,14,greenhouse:rocketlab,https://job-boards.greenhouse.io/rocketlab/jobs/7821122003
2026-08-03T14:57:07.562227+00:00,2026-08-03T03:35:19+00:00,Rocket Lab,1,Electron Vehicle Development Intern,"Auckland, NZ",assumed,9,greenhouse:rocketlab,https://job-boards.greenhouse.io/rocketlab/jobs/7821136003
2026-08-03T14:57:07.562227+00:00,2026-06-11T17:51:24+00:00,Anduril,1,2027 Manufacturing Engineer Intern,"Atlanta, Georgia, United States; Boston, Massachusetts, United States; Costa Mesa, California, United States; Irvine, California, United States; Seattle, Washington, United States",target,11,greenhouse:andurilindustries,https://boards.greenhouse.io/andurilindustries/jobs/5153218007?gh_jid=5153218007
2026-08-03T14:57:07.562227+00:00,2026-08-03T03:33:40+00:00,Rocket Lab,1,Ground Systems Engineering Intern,"Auckland, NZ",assumed,14,greenhouse:rocketlab,https://job-boards.greenhouse.io/rocketlab/jobs/7821140003
2026-08-03T14:57:07.562227+00:00,2026-08-03T03:57:22+00:00,Rocket Lab,1,Supplier Quality Engineer Intern,"Auckland, NZ",assumed,11,greenhouse:rocketlab,https://job-boards.greenhouse.io/rocketlab/jobs/7819101003
2026-08-03T14:57:07.562227+00:00,2026-06-11T17:00:56+00:00,Anduril,1,2027 Electrical Engineer Intern,"Atlanta, Georgia, United States; Boston, Massachusetts, United States; Costa Mesa, California, United States; Irvine, California, United States; Reston, Virginia, United States; Seattle, Washington, United States",target,8,greenhouse:andurilindustries,https://boards.greenhouse.io/andurilindustries/jobs/5148101007?gh_jid=5148101007
2026-08-03T14:57:07.562227+00:00,2026-06-11T17:34:22+00:00,Anduril,1,2027 Mechanical Engineer Intern,"Atlanta, Georgia, United States; Boston, Massachusetts, United States; Costa Mesa, California, United States; Irvine, California, United States; Reston, Virginia, United States; Seattle, Washington, United States",target,13,greenhouse:andurilindustries,https://boards.greenhouse.io/andurilindustries/jobs/5153187007?gh_jid=5153187007
2026-08-03T14:57:07.562227+00:00,2026-06-09T03:18:35+00:00,Rocket Lab,1,Apprentice Aerospace Technician,"Auckland, NZ",unknown,9,greenhouse:rocketlab,https://job-boards.greenhouse.io/rocketlab/jobs/7712642003
2026-08-03T14:57:07.562227+00:00,2026-07-28T18:27:09.057000+00:00,Skydio,1,Product Design Engineer Intern,"San Mateo, California, United States",assumed,9,ashby:skydio,https://jobs.ashbyhq.com/skydio/ce482813-99c2-4eaa-a165-2ed201249182
2026-08-03T14:57:07.562227+00:00,2026-08-03T03:16:51+00:00,Rocket Lab,1,Integrated Operations Intern,"Auckland, NZ",assumed,9,greenhouse:rocketlab,https://job-boards.greenhouse.io/rocketlab/jobs/7819703003
2026-08-03T14:57:07.562227+00:00,2026-08-03T03:15:31+00:00,Rocket Lab,1,Systems Engineering Intern,"Auckland, NZ",assumed,14,greenhouse:rocketlab,https://job-boards.greenhouse.io/rocketlab/jobs/7819994003
2026-08-03T14:57:07.562227+00:00,2026-07-28T18:35:36.967000+00:00,Skydio,1,Electrical Engineer Intern,"San Mateo, California, United States",assumed,6,ashby:skydio,https://jobs.ashbyhq.com/skydio/9ac944bc-89da-44bb-bf9c-3b9922e7cbee
2026-08-03T14:57:07.562227+00:00,2026-08-03T03:20:23+00:00,Rocket Lab,1,Web Services Intern,"Auckland, NZ",assumed,9,greenhouse:rocketlab,https://job-boards.greenhouse.io/rocketlab/jobs/7821120003
2026-08-03T14:57:07.562227+00:00,2026-08-03T04:00:15+00:00,Rocket Lab,1,Talent Ops Intern,"Auckland, NZ",assumed,9,greenhouse:rocketlab,https://job-boards.greenhouse.io/rocketlab/jobs/7819832003
2026-08-03T14:57:07.562227+00:00,,Apple,2,Hardware Undergrad Engineering Internship,,assumed,4,sndsh-2027,https://jobs.apple.com/en-us/details/200663981-3810/hardware-undergrad-engineering-internships
2026-08-03T14:57:07.562227+00:00,2026-07-28T14:57:07.562227+00:00,Bosch Group,9,Powertrain Controls Software Engineer...,"Farmington Hills, MI",assumed,4,zapply-2027,https://jobs.smartrecruiters.com/BoschGroup/744000140089589
2026-08-03T14:57:07.562227+00:00,2026-06-04T14:57:07.562227+00:00,Apple,2,Hardware Undergrad Engineering Intern...,United States,unknown,4,zapply-2027,https://jobs.apple.com/en-us/details/200663981/hardware-undergrad-engineering-internships
2026-08-03T14:57:07.562227+00:00,2026-07-04T14:57:07.562227+00:00,Bosch Group,9,Mechanical Design Engineering Intern,"Fort Lauderdale, FL",unknown,7,zapply-2027,https://jobs.smartrecruiters.com/BoschGroup/744000131662039
2026-08-03T14:57:07.562227+00:00,2026-07-16T00:00:00+00:00,Unison (GE Aerospace),2,Engineering Intern (Summer 2027),"Jacksonville, FL",target,6,sndsh-2027,https://careers.geaerospace.com/global/en/job/GAOGAYGLOBALR5037097EXTERNALENGLOBAL/Unison-Engineering-Intern-Summer-2027
2026-08-03T14:57:07.562227+00:00,2026-07-20T14:57:07.562227+00:00,Huntsman,9,Mechanical Engineering Intern,Texas,assumed,4,zapply-2027,https://huntsman.wd1.myworkdayjobs.com/Huntsman/job/USA---Texas---Houston---The-Woodlands---Corporate-Office/Mechanical-Engineering-Intern_J-020026
2026-08-03T14:57:07.562227+00:00,2026-06-04T14:57:07.562227+00:00,Human Computer Lab,9,Intern - Mechanical Engineer,San Francisco,unknown,4,zapply-2027,https://jobs.ashbyhq.com/human-computer-lab/63a06836-54f4-4475-9e03-007ce5afc04c
2026-08-03T14:57:07.562227+00:00,2026-07-04T14:57:07.562227+00:00,Marmon Holdings,9,Mechanical Engineer Intern,United States of ...,unknown,4,zapply-2027,https://marmon.wd501.myworkdayjobs.com/Marmon_MSIP_Internships/job/Remote---United-States-of-America/Mechanical-Engineer-Intern_JR0000036528-1
2026-08-03T14:57:07.562227+00:00,2026-07-04T14:57:07.562227+00:00,Lila Sciences,9,"Co-op, Mechanical Engineer","Cambridge, MA USA",unknown,4,zapply-2027,https://job-boards.greenhouse.io/lilasciences/jobs/4284223009
2026-08-03T14:57:07.562227+00:00,2026-07-04T14:57:07.562227+00:00,Thornton Tomasetti,9,Mechanical Engineer Co-op,"New York, NY, USA",unknown,4,zapply-2027,https://tt.wd503.myworkdayjobs.com/thorntontomasetti/job/New-York-NY-USA/Mechanical-Engineer-Co-op_R6868
2026-08-03T14:57:07.562227+00:00,2026-07-27T14:57:07.562227+00:00,Moog,3,"Intern, Test Engineering","Buffalo, NY",assumed,3,zapply-2027,https://moog.wd5.myworkdayjobs.com/moog_external_career_site/job/Buffalo-NY/Intern--Test-Engineering_R-26-18775
2026-08-03T17:16:07.076861+00:00,2026-07-23T20:03:32+00:00,Kairos Power,2,Mechanical and Manufacturing Engineering Internship - Summer 2027 ,"Alameda, CA, Albuquerque, NM, or Oak Ridge, TN",target,14,greenhouse:kairospower,https://job-boards.greenhouse.io/kairospower/jobs/6123676004
2026-08-03T17:16:07.076861+00:00,2026-08-03T02:29:47+00:00,Rocket Lab,1,Ground Systems Engineering Intern - Instrumentation & Control,"Auckland, NZ",assumed,14,greenhouse:rocketlab,https://job-boards.greenhouse.io/rocketlab/jobs/7819722003
2026-08-03T17:16:07.076861+00:00,2026-07-22T19:11:37+00:00,Kairos Power,2,Chemical and Materials Engineering Internship - Summer 2027,"Alameda, CA, Albuquerque, NM or Oak Ridge, TN ",target,6,greenhouse:kairospower,https://job-boards.greenhouse.io/kairospower/jobs/6122803004
2026-08-03T17:16:07.076861+00:00,2026-08-03T02:21:34+00:00,Rocket Lab,1,Manufacturing Engineering Intern- Spacecraft Components,"Auckland, NZ",assumed,14,greenhouse:rocketlab,https://job-boards.greenhouse.io/rocketlab/jobs/7820014003
2026-08-03T17:16:07.076861+00:00,2026-08-03T03:29:51+00:00,Rocket Lab,1,Ground Systems Mechanical Engineering Intern - Neutron,"Auckland, NZ",assumed,16,greenhouse:rocketlab,https://job-boards.greenhouse.io/rocketlab/jobs/7821138003
2026-08-03T17:16:07.076861+00:00,2026-08-03T01:40:53+00:00,Rocket Lab,1,Manufacturing Engineering Intern - Vehicle Integration,"Auckland, NZ",assumed,14,greenhouse:rocketlab,https://job-boards.greenhouse.io/rocketlab/jobs/7819745003
2026-08-03T17:16:07.076861+00:00,2026-08-03T03:04:46+00:00,Rocket Lab,1,Development Engineering Intern - Neutron Upper Module,"Auckland, NZ",assumed,11,greenhouse:rocketlab,https://job-boards.greenhouse.io/rocketlab/jobs/7821126003
2026-08-03T17:16:07.076861+00:00,2026-08-03T03:01:15+00:00,Rocket Lab,1,Avionics Intern - Neutron Flight Safety Systems,"Auckland, NZ",assumed,9,greenhouse:rocketlab,https://job-boards.greenhouse.io/rocketlab/jobs/7819590003
2026-08-03T17:16:07.076861+00:00,2026-07-23T19:46:38+00:00,Kairos Power,2,Electrical Engineering Internship - Summer 2027,"Alameda, CA, Albuquerque, NM or Oak Ridge, TN ",target,6,greenhouse:kairospower,https://job-boards.greenhouse.io/kairospower/jobs/6123657004
2026-08-03T17:16:07.076861+00:00,2026-07-23T22:04:30+00:00,Kairos Power,2,Nuclear Engineering Internship - Summer 2027 ,"Alameda, CA, Albuquerque, NM, Oak Ridge, TN",target,11,greenhouse:kairospower,https://job-boards.greenhouse.io/kairospower/jobs/6123830004
2026-08-03T17:16:07.076861+00:00,2026-08-03T03:36:41+00:00,Rocket Lab,1,Avionics Systems and Test Engineering Intern,"Auckland, NZ",assumed,14,greenhouse:rocketlab,https://job-boards.greenhouse.io/rocketlab/jobs/7821144003
2026-08-03T17:16:07.076861+00:00,2026-08-03T04:04:34+00:00,Rocket Lab,1,Ground Systems Engineering Intern - Electron,"Auckland, NZ",assumed,14,greenhouse:rocketlab,https://job-boards.greenhouse.io/rocketlab/jobs/7822310003
2026-08-03T17:16:07.076861+00:00,2026-08-03T02:19:22+00:00,Rocket Lab,1,Avionics Intern - Neutron Avionics Systems,"Auckland, NZ",assumed,9,greenhouse:rocketlab,https://job-boards.greenhouse.io/rocketlab/jobs/7819822003
2026-08-03T17:16:07.076861+00:00,2026-08-03T02:25:39+00:00,Rocket Lab,1,Avionics Manufacturing Engineering Intern,"Auckland, NZ",assumed,14,greenhouse:rocketlab,https://job-boards.greenhouse.io/rocketlab/jobs/7819770003
2026-08-03T17:16:07.076861+00:00,2026-08-03T02:13:18+00:00,Rocket Lab,1,Neutron Mechanical Development Intern,"Auckland, NZ",assumed,14,greenhouse:rocketlab,https://job-boards.greenhouse.io/rocketlab/jobs/7821122003
2026-08-03T17:16:07.076861+00:00,2026-08-03T03:35:19+00:00,Rocket Lab,1,Electron Vehicle Development Intern,"Auckland, NZ",assumed,9,greenhouse:rocketlab,https://job-boards.greenhouse.io/rocketlab/jobs/7821136003
2026-08-03T17:16:07.076861+00:00,2026-06-11T17:51:24+00:00,Anduril,1,2027 Manufacturing Engineer Intern,"Atlanta, Georgia, United States; Boston, Massachusetts, United States; Costa Mesa, California, United States; Irvine, California, United States; Seattle, Washington, United States",target,11,greenhouse:andurilindustries,https://boards.greenhouse.io/andurilindustries/jobs/5153218007?gh_jid=5153218007
2026-08-03T17:16:07.076861+00:00,2026-08-03T03:33:40+00:00,Rocket Lab,1,Ground Systems Engineering Intern,"Auckland, NZ",assumed,14,greenhouse:rocketlab,https://job-boards.greenhouse.io/rocketlab/jobs/7821140003
2026-08-03T17:16:07.076861+00:00,2026-08-03T03:57:22+00:00,Rocket Lab,1,Supplier Quality Engineer Intern,"Auckland, NZ",assumed,11,greenhouse:rocketlab,https://job-boards.greenhouse.io/rocketlab/jobs/7819101003
2026-08-03T17:16:07.076861+00:00,2026-06-11T17:00:56+00:00,Anduril,1,2027 Electrical Engineer Intern,"Atlanta, Georgia, United States; Boston, Massachusetts, United States; Costa Mesa, California, United States; Irvine, California, United States; Reston, Virginia, United States; Seattle, Washington, United States",target,8,greenhouse:andurilindustries,https://boards.greenhouse.io/andurilindustries/jobs/5148101007?gh_jid=5148101007
2026-08-03T17:16:07.076861+00:00,2026-06-11T17:34:22+00:00,Anduril,1,2027 Mechanical Engineer Intern,"Atlanta, Georgia, United States; Boston, Massachusetts, United States; Costa Mesa, California, United States; Irvine, California, United States; Reston, Virginia, United States; Seattle, Washington, United States",target,13,greenhouse:andurilindustries,https://boards.greenhouse.io/andurilindustries/jobs/5153187007?gh_jid=5153187007
2026-08-03T17:16:07.076861+00:00,2026-06-09T03:18:35+00:00,Rocket Lab,1,Apprentice Aerospace Technician,"Auckland, NZ",unknown,9,greenhouse:rocketlab,https://job-boards.greenhouse.io/rocketlab/jobs/7712642003
2026-08-03T17:16:07.076861+00:00,2026-07-28T18:27:09.057000+00:00,Skydio,1,Product Design Engineer Intern,"San Mateo, California, United States",assumed,9,ashby:skydio,https://jobs.ashbyhq.com/skydio/ce482813-99c2-4eaa-a165-2ed201249182
2026-08-03T17:16:07.076861+00:00,2026-08-03T03:16:51+00:00,Rocket Lab,1,Integrated Operations Intern,"Auckland, NZ",assumed,9,greenhouse:rocketlab,https://job-boards.greenhouse.io/rocketlab/jobs/7819703003
2026-08-03T17:16:07.076861+00:00,2026-08-03T03:15:31+00:00,Rocket Lab,1,Systems Engineering Intern,"Auckland, NZ",assumed,14,greenhouse:rocketlab,https://job-boards.greenhouse.io/rocketlab/jobs/7819994003
2026-08-03T17:16:07.076861+00:00,2026-07-28T18:35:36.967000+00:00,Skydio,1,Electrical Engineer Intern,"San Mateo, California, United States",assumed,6,ashby:skydio,https://jobs.ashbyhq.com/skydio/9ac944bc-89da-44bb-bf9c-3b9922e7cbee
2026-08-03T17:16:07.076861+00:00,2026-08-03T03:20:23+00:00,Rocket Lab,1,Web Services Intern,"Auckland, NZ",assumed,9,greenhouse:rocketlab,https://job-boards.greenhouse.io/rocketlab/jobs/7821120003
2026-08-03T17:16:07.076861+00:00,2026-08-03T04:00:15+00:00,Rocket Lab,1,Talent Ops Intern,"Auckland, NZ",assumed,9,greenhouse:rocketlab,https://job-boards.greenhouse.io/rocketlab/jobs/7819832003
2026-08-03T17:16:07.076861+00:00,2026-08-03T00:00:00+00:00,"Mission Technologies, a division of HII",9,Mechanical - Master Tradesperson (SkillBridge Intern) - 18127,"Norfolk, VA, United States",assumed,4,jobright-engineering,https://jobright.ai/jobs/info/6a51099802522b5b722e6e53?utm_campaign=1048&utm_source=git
2026-08-03T17:16:07.076861+00:00,,Apple,2,Hardware Undergrad Engineering Internship,,assumed,4,sndsh-2027,https://jobs.apple.com/en-us/details/200663981-3810/hardware-undergrad-engineering-internships
2026-08-03T17:16:07.076861+00:00,2026-07-28T17:16:07.076861+00:00,Bosch Group,9,Powertrain Controls Software Engineer...,"Farmington Hills, MI",assumed,4,zapply-2027,https://jobs.smartrecruiters.com/BoschGroup/744000140089589
2026-08-03T17:16:07.076861+00:00,2026-06-04T17:16:07.076861+00:00,Apple,2,Hardware Undergrad Engineering Intern...,United States,unknown,4,zapply-2027,https://jobs.apple.com/en-us/details/200663981/hardware-undergrad-engineering-internships
2026-08-03T17:16:07.076861+00:00,2026-07-04T17:16:07.076861+00:00,Generac,9,Mechanical Design Engineering Intern,"North Billerica, ...",unknown,7,zapply-2027,https://generac.wd5.myworkdayjobs.com/External/job/North-Billerica-MA---USA/Mechanical-Design-Engineering-Intern_JR14679
2026-08-03T17:16:07.076861+00:00,2026-07-04T17:16:07.076861+00:00,Bosch Group,9,Mechanical Design Engineering Intern,"Fort Lauderdale, FL",unknown,7,zapply-2027,https://jobs.smartrecruiters.com/BoschGroup/744000131662039
2026-08-03T17:16:07.076861+00:00,2026-07-16T00:00:00+00:00,Unison (GE Aerospace),2,Engineering Intern (Summer 2027),"Jacksonville, FL",target,6,sndsh-2027,https://careers.geaerospace.com/global/en/job/GAOGAYGLOBALR5037097EXTERNALENGLOBAL/Unison-Engineering-Intern-Summer-2027
2026-08-03T17:16:07.076861+00:00,2026-07-27T17:16:07.076861+00:00,Baxter International,9,Co-op Mechanical Engineering R&D,"Skaneateles, NY",assumed,4,zapply-2027,https://baxter.wd1.myworkdayjobs.com/baxter/job/Skaneateles-NY/Co-op-Mechanical-Engineering-R-D_JR-204658-1
2026-08-03T17:16:07.076861+00:00,2026-08-03T00:00:00+00:00,Blue Bird Corporation,9,"Intern, Mechanical Engineering","Fort Valley, GA, United States",assumed,4,jobright-engineering,https://jobright.ai/jobs/info/6a70b4d9cb96192a36845001?utm_campaign=1048&utm_source=git
2026-08-03T17:16:07.076861+00:00,2026-07-20T17:16:07.076861+00:00,Huntsman,9,Mechanical Engineering Intern,Texas,assumed,4,zapply-2027,https://huntsman.wd1.myworkdayjobs.com/Huntsman/job/USA---Texas---Houston---The-Woodlands---Corporate-Office/Mechanical-Engineering-Intern_J-020026
2026-08-03T17:16:07.076861+00:00,2026-07-30T17:16:07.076861+00:00,KION Group,9,Mechanical Engineering Co-Op,Henrietta NY Unit...,assumed,4,zapply-2027,https://kiongroup.wd3.myworkdayjobs.com/kiongroup/job/Henrietta-NY-United-States/Mechanical-Engineering-Co-Op_JR-0094004-1
2026-08-03T17:16:07.076861+00:00,2026-06-04T17:16:07.076861+00:00,Human Computer Lab,9,Intern - Mechanical Engineer,San Francisco,unknown,4,zapply-2027,https://jobs.ashbyhq.com/human-computer-lab/63a06836-54f4-4475-9e03-007ce5afc04c
2026-08-03T17:16:07.076861+00:00,2026-07-04T17:16:07.076861+00:00,Marmon Holdings,9,Mechanical Engineer Intern,United States of ...,unknown,4,zapply-2027,https://marmon.wd501.myworkdayjobs.com/Marmon_MSIP_Internships/job/Remote---United-States-of-America/Mechanical-Engineer-Intern_JR0000036528-1
2026-08-03T17:16:07.076861+00:00,2026-07-04T17:16:07.076861+00:00,Lila Sciences,9,"Co-op, Mechanical Engineer","Cambridge, MA USA",unknown,4,zapply-2027,https://job-boards.greenhouse.io/lilasciences/jobs/4284223009
2026-08-03T17:16:07.076861+00:00,2026-07-04T17:16:07.076861+00:00,Thornton Tomasetti,9,Mechanical Engineer Co-op,"New York, NY, USA",unknown,4,zapply-2027,https://tt.wd503.myworkdayjobs.com/thorntontomasetti/job/New-York-NY-USA/Mechanical-Engineer-Co-op_R6868
2026-08-03T17:16:07.076861+00:00,2026-07-27T17:16:07.076861+00:00,Moog,3,"Intern, Test Engineering","Buffalo, NY",assumed,3,zapply-2027,https://moog.wd5.myworkdayjobs.com/moog_external_career_site/job/Buffalo-NY/Intern--Test-Engineering_R-26-18775
2026-08-03T19:00:07.869177+00:00,2026-07-23T20:03:32+00:00,Kairos Power,2,Mechanical and Manufacturing Engineering Internship - Summer 2027 ,"Alameda, CA, Albuquerque, NM, or Oak Ridge, TN",target,14,greenhouse:kairospower,https://job-boards.greenhouse.io/kairospower/jobs/6123676004
2026-08-03T19:00:07.869177+00:00,2026-08-03T02:29:47+00:00,Rocket Lab,1,Ground Systems Engineering Intern - Instrumentation & Control,"Auckland, NZ",assumed,14,greenhouse:rocketlab,https://job-boards.greenhouse.io/rocketlab/jobs/7819722003
2026-08-03T19:00:07.869177+00:00,2026-07-22T19:11:37+00:00,Kairos Power,2,Chemical and Materials Engineering Internship - Summer 2027,"Alameda, CA, Albuquerque, NM or Oak Ridge, TN ",target,6,greenhouse:kairospower,https://job-boards.greenhouse.io/kairospower/jobs/6122803004
2026-08-03T19:00:07.869177+00:00,2026-08-03T02:21:34+00:00,Rocket Lab,1,Manufacturing Engineering Intern- Spacecraft Components,"Auckland, NZ",assumed,14,greenhouse:rocketlab,https://job-boards.greenhouse.io/rocketlab/jobs/7820014003
2026-08-03T19:00:07.869177+00:00,2026-08-03T03:29:51+00:00,Rocket Lab,1,Ground Systems Mechanical Engineering Intern - Neutron,"Auckland, NZ",assumed,16,greenhouse:rocketlab,https://job-boards.greenhouse.io/rocketlab/jobs/7821138003
2026-08-03T19:00:07.869177+00:00,2026-08-03T01:40:53+00:00,Rocket Lab,1,Manufacturing Engineering Intern - Vehicle Integration,"Auckland, NZ",assumed,14,greenhouse:rocketlab,https://job-boards.greenhouse.io/rocketlab/jobs/7819745003
2026-08-03T19:00:07.869177+00:00,2026-08-03T03:04:46+00:00,Rocket Lab,1,Development Engineering Intern - Neutron Upper Module,"Auckland, NZ",assumed,11,greenhouse:rocketlab,https://job-boards.greenhouse.io/rocketlab/jobs/7821126003
2026-08-03T19:00:07.869177+00:00,2026-08-03T03:01:15+00:00,Rocket Lab,1,Avionics Intern - Neutron Flight Safety Systems,"Auckland, NZ",assumed,9,greenhouse:rocketlab,https://job-boards.greenhouse.io/rocketlab/jobs/7819590003
2026-08-03T19:00:07.869177+00:00,2026-07-23T19:46:38+00:00,Kairos Power,2,Electrical Engineering Internship - Summer 2027,"Alameda, CA, Albuquerque, NM or Oak Ridge, TN ",target,6,greenhouse:kairospower,https://job-boards.greenhouse.io/kairospower/jobs/6123657004
2026-08-03T19:00:07.869177+00:00,2026-07-23T22:04:30+00:00,Kairos Power,2,Nuclear Engineering Internship - Summer 2027 ,"Alameda, CA, Albuquerque, NM, Oak Ridge, TN",target,11,greenhouse:kairospower,https://job-boards.greenhouse.io/kairospower/jobs/6123830004
2026-08-03T19:00:07.869177+00:00,2026-08-03T03:36:41+00:00,Rocket Lab,1,Avionics Systems and Test Engineering Intern,"Auckland, NZ",assumed,14,greenhouse:rocketlab,https://job-boards.greenhouse.io/rocketlab/jobs/7821144003
2026-08-03T19:00:07.869177+00:00,2026-08-03T04:04:34+00:00,Rocket Lab,1,Ground Systems Engineering Intern - Electron,"Auckland, NZ",assumed,14,greenhouse:rocketlab,https://job-boards.greenhouse.io/rocketlab/jobs/7822310003
2026-08-03T19:00:07.869177+00:00,2026-08-03T02:19:22+00:00,Rocket Lab,1,Avionics Intern - Neutron Avionics Systems,"Auckland, NZ",assumed,9,greenhouse:rocketlab,https://job-boards.greenhouse.io/rocketlab/jobs/7819822003
2026-08-03T19:00:07.869177+00:00,2026-08-03T02:25:39+00:00,Rocket Lab,1,Avionics Manufacturing Engineering Intern,"Auckland, NZ",assumed,14,greenhouse:rocketlab,https://job-boards.greenhouse.io/rocketlab/jobs/7819770003
2026-08-03T19:00:07.869177+00:00,2026-08-03T04:01:51+00:00,Rocket Lab,1,Neutron Mechanical Development Intern,"Auckland, NZ",assumed,14,greenhouse:rocketlab,https://job-boards.greenhouse.io/rocketlab/jobs/7821193003
2026-08-03T19:00:07.869177+00:00,2026-08-03T03:35:19+00:00,Rocket Lab,1,Electron Vehicle Development Intern,"Auckland, NZ",assumed,9,greenhouse:rocketlab,https://job-boards.greenhouse.io/rocketlab/jobs/7821136003
2026-08-03T19:00:07.869177+00:00,2026-06-11T17:51:24+00:00,Anduril,1,2027 Manufacturing Engineer Intern,"Atlanta, Georgia, United States; Boston, Massachusetts, United States; Costa Mesa, California, United States; Irvine, California, United States; Seattle, Washington, United States",target,11,greenhouse:andurilindustries,https://boards.greenhouse.io/andurilindustries/jobs/5153218007?gh_jid=5153218007
2026-08-03T19:00:07.869177+00:00,2026-08-03T03:33:40+00:00,Rocket Lab,1,Ground Systems Engineering Intern,"Auckland, NZ",assumed,14,greenhouse:rocketlab,https://job-boards.greenhouse.io/rocketlab/jobs/7821140003
2026-08-03T19:00:07.869177+00:00,2026-08-03T03:57:22+00:00,Rocket Lab,1,Supplier Quality Engineer Intern,"Auckland, NZ",assumed,11,greenhouse:rocketlab,https://job-boards.greenhouse.io/rocketlab/jobs/7819101003
2026-08-03T19:00:07.869177+00:00,2026-06-11T17:00:56+00:00,Anduril,1,2027 Electrical Engineer Intern,"Atlanta, Georgia, United States; Boston, Massachusetts, United States; Costa Mesa, California, United States; Irvine, California, United States; Reston, Virginia, United States; Seattle, Washington, United States",target,8,greenhouse:andurilindustries,https://boards.greenhouse.io/andurilindustries/jobs/5148101007?gh_jid=5148101007
2026-08-03T19:00:07.869177+00:00,2026-06-11T17:34:22+00:00,Anduril,1,2027 Mechanical Engineer Intern,"Atlanta, Georgia, United States; Boston, Massachusetts, United States; Costa Mesa, California, United States; Irvine, California, United States; Reston, Virginia, United States; Seattle, Washington, United States",target,13,greenhouse:andurilindustries,https://boards.greenhouse.io/andurilindustries/jobs/5153187007?gh_jid=5153187007
2026-08-03T19:00:07.869177+00:00,2026-06-09T03:18:35+00:00,Rocket Lab,1,Apprentice Aerospace Technician,"Auckland, NZ",unknown,9,greenhouse:rocketlab,https://job-boards.greenhouse.io/rocketlab/jobs/7712642003
2026-08-03T19:00:07.869177+00:00,2026-07-28T18:27:09.057000+00:00,Skydio,1,Product Design Engineer Intern,"San Mateo, California, United States",assumed,9,ashby:skydio,https://jobs.ashbyhq.com/skydio/ce482813-99c2-4eaa-a165-2ed201249182
2026-08-03T19:00:07.869177+00:00,2026-08-03T03:16:51+00:00,Rocket Lab,1,Integrated Operations Intern,"Auckland, NZ",assumed,9,greenhouse:rocketlab,https://job-boards.greenhouse.io/rocketlab/jobs/7819703003
2026-08-03T19:00:07.869177+00:00,2026-08-03T03:15:31+00:00,Rocket Lab,1,Systems Engineering Intern,"Auckland, NZ",assumed,14,greenhouse:rocketlab,https://job-boards.greenhouse.io/rocketlab/jobs/7819994003
2026-08-03T19:00:07.869177+00:00,2026-07-28T18:35:36.967000+00:00,Skydio,1,Electrical Engineer Intern,"San Mateo, California, United States",assumed,6,ashby:skydio,https://jobs.ashbyhq.com/skydio/9ac944bc-89da-44bb-bf9c-3b9922e7cbee
2026-08-03T19:00:07.869177+00:00,2026-08-03T03:20:23+00:00,Rocket Lab,1,Web Services Intern,"Auckland, NZ",assumed,9,greenhouse:rocketlab,https://job-boards.greenhouse.io/rocketlab/jobs/7821120003
2026-08-03T19:00:07.869177+00:00,2026-08-03T04:00:15+00:00,Rocket Lab,1,Talent Ops Intern,"Auckland, NZ",assumed,9,greenhouse:rocketlab,https://job-boards.greenhouse.io/rocketlab/jobs/7819832003
2026-08-03T19:00:07.869177+00:00,2026-08-03T00:00:00+00:00,"Mission Technologies, a division of HII",9,Mechanical - Master Tradesperson (SkillBridge Intern) - 18127,"Norfolk, VA, United States",assumed,4,jobright-engineering,https://jobright.ai/jobs/info/6a51099802522b5b722e6e53?utm_campaign=1048&utm_source=git
2026-08-03T19:00:07.869177+00:00,,Apple,2,Hardware Undergrad Engineering Internship,,assumed,4,sndsh-2027,https://jobs.apple.com/en-us/details/200663981-3810/hardware-undergrad-engineering-internships
2026-08-03T19:00:07.869177+00:00,2026-07-28T19:00:07.869177+00:00,Bosch Group,9,Powertrain Controls Software Engineer...,"Farmington Hills, MI",assumed,4,zapply-2027,https://jobs.smartrecruiters.com/BoschGroup/744000140089589
2026-08-03T19:00:07.869177+00:00,2026-06-04T19:00:07.869177+00:00,Apple,2,Hardware Undergrad Engineering Intern...,United States,unknown,4,zapply-2027,https://jobs.apple.com/en-us/details/200663981/hardware-undergrad-engineering-internships
2026-08-03T19:00:07.869177+00:00,2026-07-04T19:00:07.869177+00:00,Generac,9,Mechanical Design Engineering Intern,"North Billerica, ...",unknown,7,zapply-2027,https://generac.wd5.myworkdayjobs.com/External/job/North-Billerica-MA---USA/Mechanical-Design-Engineering-Intern_JR14679
2026-08-03T19:00:07.869177+00:00,2026-07-04T19:00:07.869177+00:00,Bosch Group,9,Mechanical Design Engineering Intern,"Fort Lauderdale, FL",unknown,7,zapply-2027,https://jobs.smartrecruiters.com/BoschGroup/744000131662039
2026-08-03T19:00:07.869177+00:00,2026-07-16T00:00:00+00:00,Unison (GE Aerospace),2,Engineering Intern (Summer 2027),"Jacksonville, FL",target,6,sndsh-2027,https://careers.geaerospace.com/global/en/job/GAOGAYGLOBALR5037097EXTERNALENGLOBAL/Unison-Engineering-Intern-Summer-2027
2026-08-03T19:00:07.869177+00:00,2026-07-27T19:00:07.869177+00:00,Baxter International,9,Co-op Mechanical Engineering R&D,"Skaneateles, NY",assumed,4,zapply-2027,https://baxter.wd1.myworkdayjobs.com/baxter/job/Skaneateles-NY/Co-op-Mechanical-Engineering-R-D_JR-204658-1
2026-08-03T19:00:07.869177+00:00,2026-08-03T00:00:00+00:00,Blue Bird Corporation,9,"Intern, Mechanical Engineering","Fort Valley, GA, United States",assumed,4,jobright-engineering,https://jobright.ai/jobs/info/6a70b4d9cb96192a36845001?utm_campaign=1048&utm_source=git
2026-08-03T19:00:07.869177+00:00,2026-08-03T00:00:00+00:00,TE Connectivity,9,Mechanical Engineering Intern,"Middletown, PA, United States",assumed,4,jobright-engineering,https://jobright.ai/jobs/info/6a70ca19e2b7476e7b20aeeb?utm_campaign=1048&utm_source=git
2026-08-03T19:00:07.869177+00:00,2026-07-20T19:00:07.869177+00:00,Huntsman,9,Mechanical Engineering Intern,Texas,assumed,4,zapply-2027,https://huntsman.wd1.myworkdayjobs.com/Huntsman/job/USA---Texas---Houston---The-Woodlands---Corporate-Office/Mechanical-Engineering-Intern_J-020026
2026-08-03T19:00:07.869177+00:00,2026-07-30T19:00:07.869177+00:00,KION Group,9,Mechanical Engineering Co-Op,Henrietta NY Unit...,assumed,4,zapply-2027,https://kiongroup.wd3.myworkdayjobs.com/kiongroup/job/Henrietta-NY-United-States/Mechanical-Engineering-Co-Op_JR-0094004-1
2026-08-03T19:00:07.869177+00:00,2026-06-04T19:00:07.869177+00:00,Human Computer Lab,9,Intern - Mechanical Engineer,San Francisco,unknown,4,zapply-2027,https://jobs.ashbyhq.com/human-computer-lab/63a06836-54f4-4475-9e03-007ce5afc04c
2026-08-03T19:00:07.869177+00:00,2026-08-03T00:00:00+00:00,"American Cutting Edge, Inc.",9,Mechanical Engineer Intern,"Miamisburg, OH",assumed,4,jobright-engineering,https://jobright.ai/jobs/info/6a37377b649fdf16292fcd97?utm_campaign=1048&utm_source=git
2026-08-03T19:00:07.869177+00:00,2026-07-04T19:00:07.869177+00:00,Marmon Holdings,9,Mechanical Engineer Intern,United States of ...,unknown,4,zapply-2027,https://marmon.wd501.myworkdayjobs.com/Marmon_MSIP_Internships/job/Remote---United-States-of-America/Mechanical-Engineer-Intern_JR0000036528-1
2026-08-03T19:00:07.869177+00:00,2026-07-04T19:00:07.869177+00:00,Lila Sciences,9,"Co-op, Mechanical Engineer","Cambridge, MA USA",unknown,4,zapply-2027,https://job-boards.greenhouse.io/lilasciences/jobs/4284223009
2026-08-03T19:00:07.869177+00:00,2026-07-04T19:00:07.869177+00:00,Thornton Tomasetti,9,Mechanical Engineer Co-op,"New York, NY, USA",unknown,4,zapply-2027,https://tt.wd503.myworkdayjobs.com/thorntontomasetti/job/New-York-NY-USA/Mechanical-Engineer-Co-op_R6868
2026-08-03T19:00:07.869177+00:00,2026-07-27T19:00:07.869177+00:00,Moog,3,"Intern, Test Engineering","Buffalo, NY",assumed,3,zapply-2027,https://moog.wd5.myworkdayjobs.com/moog_external_career_site/job/Buffalo-NY/Intern--Test-Engineering_R-26-18775
2026-08-03T20:37:16.404124+00:00,2026-07-23T20:03:32+00:00,Kairos Power,2,Mechanical and Manufacturing Engineering Internship - Summer 2027 ,"Alameda, CA, Albuquerque, NM, or Oak Ridge, TN",target,14,greenhouse:kairospower,https://job-boards.greenhouse.io/kairospower/jobs/6123676004
2026-08-03T20:37:16.404124+00:00,2026-08-03T02:29:47+00:00,Rocket Lab,1,Ground Systems Engineering Intern - Instrumentation & Control,"Auckland, NZ",assumed,14,greenhouse:rocketlab,https://job-boards.greenhouse.io/rocketlab/jobs/7819722003
2026-08-03T20:37:16.404124+00:00,2026-07-22T19:11:37+00:00,Kairos Power,2,Chemical and Materials Engineering Internship - Summer 2027,"Alameda, CA, Albuquerque, NM or Oak Ridge, TN ",target,6,greenhouse:kairospower,https://job-boards.greenhouse.io/kairospower/jobs/6122803004
2026-08-03T20:37:16.404124+00:00,2026-08-03T02:21:34+00:00,Rocket Lab,1,Manufacturing Engineering Intern- Spacecraft Components,"Auckland, NZ",assumed,14,greenhouse:rocketlab,https://job-boards.greenhouse.io/rocketlab/jobs/7820014003
2026-08-03T20:37:16.404124+00:00,2026-08-03T03:29:51+00:00,Rocket Lab,1,Ground Systems Mechanical Engineering Intern - Neutron,"Auckland, NZ",assumed,16,greenhouse:rocketlab,https://job-boards.greenhouse.io/rocketlab/jobs/7821138003
2026-08-03T20:37:16.404124+00:00,2026-08-03T01:40:53+00:00,Rocket Lab,1,Manufacturing Engineering Intern - Vehicle Integration,"Auckland, NZ",assumed,14,greenhouse:rocketlab,https://job-boards.greenhouse.io/rocketlab/jobs/7819745003
2026-08-03T20:37:16.404124+00:00,2026-08-03T03:04:46+00:00,Rocket Lab,1,Development Engineering Intern - Neutron Upper Module,"Auckland, NZ",assumed,11,greenhouse:rocketlab,https://job-boards.greenhouse.io/rocketlab/jobs/7821126003
2026-08-03T20:37:16.404124+00:00,2026-08-03T03:01:15+00:00,Rocket Lab,1,Avionics Intern - Neutron Flight Safety Systems,"Auckland, NZ",assumed,9,greenhouse:rocketlab,https://job-boards.greenhouse.io/rocketlab/jobs/7819590003
2026-08-03T20:37:16.404124+00:00,2026-07-23T19:46:38+00:00,Kairos Power,2,Electrical Engineering Internship - Summer 2027,"Alameda, CA, Albuquerque, NM or Oak Ridge, TN ",target,6,greenhouse:kairospower,https://job-boards.greenhouse.io/kairospower/jobs/6123657004
2026-08-03T20:37:16.404124+00:00,2026-07-23T22:04:30+00:00,Kairos Power,2,Nuclear Engineering Internship - Summer 2027 ,"Alameda, CA, Albuquerque, NM, Oak Ridge, TN",target,11,greenhouse:kairospower,https://job-boards.greenhouse.io/kairospower/jobs/6123830004
2026-08-03T20:37:16.404124+00:00,2026-08-03T03:36:41+00:00,Rocket Lab,1,Avionics Systems and Test Engineering Intern,"Auckland, NZ",assumed,14,greenhouse:rocketlab,https://job-boards.greenhouse.io/rocketlab/jobs/7821144003
2026-08-03T20:37:16.404124+00:00,2026-08-03T04:04:34+00:00,Rocket Lab,1,Ground Systems Engineering Intern - Electron,"Auckland, NZ",assumed,14,greenhouse:rocketlab,https://job-boards.greenhouse.io/rocketlab/jobs/7822310003
2026-08-03T20:37:16.404124+00:00,2026-08-03T20:20:09+00:00,Rocket Lab,1,Avionics Intern - Neutron Avionics Hardware,"Auckland, NZ",assumed,9,greenhouse:rocketlab,https://job-boards.greenhouse.io/rocketlab/jobs/7819743003
2026-08-03T20:37:16.404124+00:00,2026-08-03T02:19:22+00:00,Rocket Lab,1,Avionics Intern - Neutron Avionics Systems,"Auckland, NZ",assumed,9,greenhouse:rocketlab,https://job-boards.greenhouse.io/rocketlab/jobs/7819822003
2026-08-03T20:37:16.404124+00:00,2026-08-03T02:25:39+00:00,Rocket Lab,1,Avionics Manufacturing Engineering Intern,"Auckland, NZ",assumed,14,greenhouse:rocketlab,https://job-boards.greenhouse.io/rocketlab/jobs/7819770003
2026-08-03T20:37:16.404124+00:00,2026-08-03T02:13:18+00:00,Rocket Lab,1,Neutron Mechanical Development Intern,"Auckland, NZ",assumed,14,greenhouse:rocketlab,https://job-boards.greenhouse.io/rocketlab/jobs/7821122003
2026-08-03T20:37:16.404124+00:00,2026-08-03T03:35:19+00:00,Rocket Lab,1,Electron Vehicle Development Intern,"Auckland, NZ",assumed,9,greenhouse:rocketlab,https://job-boards.greenhouse.io/rocketlab/jobs/7821136003
2026-08-03T20:37:16.404124+00:00,2026-06-11T17:51:24+00:00,Anduril,1,2027 Manufacturing Engineer Intern,"Atlanta, Georgia, United States; Boston, Massachusetts, United States; Costa Mesa, California, United States; Irvine, California, United States; Seattle, Washington, United States",target,11,greenhouse:andurilindustries,https://boards.greenhouse.io/andurilindustries/jobs/5153218007?gh_jid=5153218007
2026-08-03T20:37:16.404124+00:00,2026-08-03T03:33:40+00:00,Rocket Lab,1,Ground Systems Engineering Intern,"Auckland, NZ",assumed,14,greenhouse:rocketlab,https://job-boards.greenhouse.io/rocketlab/jobs/7821140003
2026-08-03T20:37:16.404124+00:00,2026-08-03T03:57:22+00:00,Rocket Lab,1,Supplier Quality Engineer Intern,"Auckland, NZ",assumed,11,greenhouse:rocketlab,https://job-boards.greenhouse.io/rocketlab/jobs/7819101003
2026-08-03T20:37:16.404124+00:00,2026-06-11T17:00:56+00:00,Anduril,1,2027 Electrical Engineer Intern,"Atlanta, Georgia, United States; Boston, Massachusetts, United States; Costa Mesa, California, United States; Irvine, California, United States; Reston, Virginia, United States; Seattle, Washington, United States",target,8,greenhouse:andurilindustries,https://boards.greenhouse.io/andurilindustries/jobs/5148101007?gh_jid=5148101007
2026-08-03T20:37:16.404124+00:00,2026-06-11T17:34:22+00:00,Anduril,1,2027 Mechanical Engineer Intern,"Atlanta, Georgia, United States; Boston, Massachusetts, United States; Costa Mesa, California, United States; Irvine, California, United States; Reston, Virginia, United States; Seattle, Washington, United States",target,13,greenhouse:andurilindustries,https://boards.greenhouse.io/andurilindustries/jobs/5153187007?gh_jid=5153187007
2026-08-03T20:37:16.404124+00:00,2026-06-09T03:18:35+00:00,Rocket Lab,1,Apprentice Aerospace Technician,"Auckland, NZ",unknown,9,greenhouse:rocketlab,https://job-boards.greenhouse.io/rocketlab/jobs/7712642003
2026-08-03T20:37:16.404124+00:00,2026-07-28T18:27:09.057000+00:00,Skydio,1,Product Design Engineer Intern,"San Mateo, California, United States",assumed,9,ashby:skydio,https://jobs.ashbyhq.com/skydio/ce482813-99c2-4eaa-a165-2ed201249182
2026-08-03T20:37:16.404124+00:00,2026-08-03T03:16:51+00:00,Rocket Lab,1,Integrated Operations Intern,"Auckland, NZ",assumed,9,greenhouse:rocketlab,https://job-boards.greenhouse.io/rocketlab/jobs/7819703003
2026-08-03T20:37:16.404124+00:00,2026-08-03T03:15:31+00:00,Rocket Lab,1,Systems Engineering Intern,"Auckland, NZ",assumed,14,greenhouse:rocketlab,https://job-boards.greenhouse.io/rocketlab/jobs/7819994003
2026-08-03T20:37:16.404124+00:00,2026-07-28T18:35:36.967000+00:00,Skydio,1,Electrical Engineer Intern,"San Mateo, California, United States",assumed,6,ashby:skydio,https://jobs.ashbyhq.com/skydio/9ac944bc-89da-44bb-bf9c-3b9922e7cbee
2026-08-03T20:37:16.404124+00:00,2026-08-03T03:20:23+00:00,Rocket Lab,1,Web Services Intern,"Auckland, NZ",assumed,9,greenhouse:rocketlab,https://job-boards.greenhouse.io/rocketlab/jobs/7821120003
2026-08-03T20:37:16.404124+00:00,2026-08-03T04:00:15+00:00,Rocket Lab,1,Talent Ops Intern,"Auckland, NZ",assumed,9,greenhouse:rocketlab,https://job-boards.greenhouse.io/rocketlab/jobs/7819832003
2026-08-03T20:37:16.404124+00:00,,Apple,2,Hardware Undergrad Engineering Internship,,assumed,4,sndsh-2027,https://jobs.apple.com/en-us/details/200663981-3810/hardware-undergrad-engineering-internships
2026-08-03T20:37:16.404124+00:00,2026-07-28T20:37:16.404124+00:00,Bosch Group,9,Powertrain Controls Software Engineer...,"Farmington Hills, MI",assumed,4,zapply-2027,https://jobs.smartrecruiters.com/BoschGroup/744000140089589
2026-08-03T20:37:16.404124+00:00,2026-06-04T20:37:16.404124+00:00,Apple,2,Hardware Undergrad Engineering Intern...,United States,unknown,4,zapply-2027,https://jobs.apple.com/en-us/details/200663981/hardware-undergrad-engineering-internships
2026-08-03T20:37:16.404124+00:00,2026-07-04T20:37:16.404124+00:00,Generac,9,Mechanical Design Engineering Intern,"North Billerica, ...",unknown,7,zapply-2027,https://generac.wd5.myworkdayjobs.com/External/job/North-Billerica-MA---USA/Mechanical-Design-Engineering-Intern_JR14679
2026-08-03T20:37:16.404124+00:00,2026-07-04T20:37:16.404124+00:00,Bosch Group,9,Mechanical Design Engineering Intern,"Fort Lauderdale, FL",unknown,7,zapply-2027,https://jobs.smartrecruiters.com/BoschGroup/744000131662039
2026-08-03T20:37:16.404124+00:00,2026-07-16T00:00:00+00:00,Unison (GE Aerospace),2,Engineering Intern (Summer 2027),"Jacksonville, FL",target,6,sndsh-2027,https://careers.geaerospace.com/global/en/job/GAOGAYGLOBALR5037097EXTERNALENGLOBAL/Unison-Engineering-Intern-Summer-2027
2026-08-03T20:37:16.404124+00:00,2026-07-27T20:37:16.404124+00:00,Baxter International,9,Co-op Mechanical Engineering R&D,"Skaneateles, NY",assumed,4,zapply-2027,https://baxter.wd1.myworkdayjobs.com/baxter/job/Skaneateles-NY/Co-op-Mechanical-Engineering-R-D_JR-204658-1
2026-08-03T20:37:16.404124+00:00,2026-08-03T00:00:00+00:00,TE Connectivity,9,Mechanical Engineering Intern,"Middletown, PA, United States",assumed,4,jobright-engineering,https://jobright.ai/jobs/info/6a70ca19e2b7476e7b20aeeb?utm_campaign=1048&utm_source=git
2026-08-03T20:37:16.404124+00:00,2026-07-20T20:37:16.404124+00:00,Huntsman,9,Mechanical Engineering Intern,Texas,assumed,4,zapply-2027,https://huntsman.wd1.myworkdayjobs.com/Huntsman/job/USA---Texas---Houston---The-Woodlands---Corporate-Office/Mechanical-Engineering-Intern_J-020026
2026-08-03T20:37:16.404124+00:00,2026-07-30T20:37:16.404124+00:00,KION Group,9,Mechanical Engineering Co-Op,Henrietta NY Unit...,assumed,4,zapply-2027,https://kiongroup.wd3.myworkdayjobs.com/kiongroup/job/Henrietta-NY-United-States/Mechanical-Engineering-Co-Op_JR-0094004-1
2026-08-03T20:37:16.404124+00:00,2026-06-04T20:37:16.404124+00:00,Human Computer Lab,9,Intern - Mechanical Engineer,San Francisco,unknown,4,zapply-2027,https://jobs.ashbyhq.com/human-computer-lab/63a06836-54f4-4475-9e03-007ce5afc04c
2026-08-03T20:37:16.404124+00:00,2026-08-03T00:00:00+00:00,"American Cutting Edge, Inc.",9,Mechanical Engineer Intern,"Miamisburg, OH",assumed,4,jobright-engineering,https://jobright.ai/jobs/info/6a37377b649fdf16292fcd97?utm_campaign=1048&utm_source=git
2026-08-03T20:37:16.404124+00:00,2026-07-04T20:37:16.404124+00:00,Marmon Holdings,9,Mechanical Engineer Intern,United States of ...,unknown,4,zapply-2027,https://marmon.wd501.myworkdayjobs.com/Marmon_MSIP_Internships/job/Remote---United-States-of-America/Mechanical-Engineer-Intern_JR0000036528-1
2026-08-03T20:37:16.404124+00:00,2026-07-04T20:37:16.404124+00:00,Lila Sciences,9,"Co-op, Mechanical Engineer","Cambridge, MA USA",unknown,4,zapply-2027,https://job-boards.greenhouse.io/lilasciences/jobs/4284223009
2026-08-03T20:37:16.404124+00:00,2026-07-04T20:37:16.404124+00:00,Thornton Tomasetti,9,Mechanical Engineer Co-op,"New York, NY, USA",unknown,4,zapply-2027,https://tt.wd503.myworkdayjobs.com/thorntontomasetti/job/New-York-NY-USA/Mechanical-Engineer-Co-op_R6868
2026-08-03T20:37:16.404124+00:00,2026-07-27T20:37:16.404124+00:00,Moog,3,"Intern, Test Engineering","Buffalo, NY",assumed,3,zapply-2027,https://moog.wd5.myworkdayjobs.com/moog_external_career_site/job/Buffalo-NY/Intern--Test-Engineering_R-26-18775
2026-08-03T21:48:46.384900+00:00,2026-07-23T20:03:32+00:00,Kairos Power,2,Mechanical and Manufacturing Engineering Internship - Summer 2027 ,"Alameda, CA, Albuquerque, NM, or Oak Ridge, TN",target,14,greenhouse:kairospower,https://job-boards.greenhouse.io/kairospower/jobs/6123676004
2026-08-03T21:48:46.384900+00:00,2026-08-03T02:29:47+00:00,Rocket Lab,1,Ground Systems Engineering Intern - Instrumentation & Control,"Auckland, NZ",assumed,14,greenhouse:rocketlab,https://job-boards.greenhouse.io/rocketlab/jobs/7819722003
2026-08-03T21:48:46.384900+00:00,2026-07-22T19:11:37+00:00,Kairos Power,2,Chemical and Materials Engineering Internship - Summer 2027,"Alameda, CA, Albuquerque, NM or Oak Ridge, TN ",target,6,greenhouse:kairospower,https://job-boards.greenhouse.io/kairospower/jobs/6122803004
2026-08-03T21:48:46.384900+00:00,2026-08-03T02:21:34+00:00,Rocket Lab,1,Manufacturing Engineering Intern- Spacecraft Components,"Auckland, NZ",assumed,14,greenhouse:rocketlab,https://job-boards.greenhouse.io/rocketlab/jobs/7820014003
2026-08-03T21:48:46.384900+00:00,2026-08-03T03:29:51+00:00,Rocket Lab,1,Ground Systems Mechanical Engineering Intern - Neutron,"Auckland, NZ",assumed,16,greenhouse:rocketlab,https://job-boards.greenhouse.io/rocketlab/jobs/7821138003
2026-08-03T21:48:46.384900+00:00,2026-08-03T01:40:53+00:00,Rocket Lab,1,Manufacturing Engineering Intern - Vehicle Integration,"Auckland, NZ",assumed,14,greenhouse:rocketlab,https://job-boards.greenhouse.io/rocketlab/jobs/7819745003
2026-08-03T21:48:46.384900+00:00,2026-08-03T03:04:46+00:00,Rocket Lab,1,Development Engineering Intern - Neutron Upper Module,"Auckland, NZ",assumed,11,greenhouse:rocketlab,https://job-boards.greenhouse.io/rocketlab/jobs/7821126003
2026-08-03T21:48:46.384900+00:00,2026-08-03T03:01:15+00:00,Rocket Lab,1,Avionics Intern - Neutron Flight Safety Systems,"Auckland, NZ",assumed,9,greenhouse:rocketlab,https://job-boards.greenhouse.io/rocketlab/jobs/7819590003
2026-08-03T21:48:46.384900+00:00,2026-07-23T19:46:38+00:00,Kairos Power,2,Electrical Engineering Internship - Summer 2027,"Alameda, CA, Albuquerque, NM or Oak Ridge, TN ",target,6,greenhouse:kairospower,https://job-boards.greenhouse.io/kairospower/jobs/6123657004
2026-08-03T21:48:46.384900+00:00,2026-07-23T22:04:30+00:00,Kairos Power,2,Nuclear Engineering Internship - Summer 2027 ,"Alameda, CA, Albuquerque, NM, Oak Ridge, TN",target,11,greenhouse:kairospower,https://job-boards.greenhouse.io/kairospower/jobs/6123830004
2026-08-03T21:48:46.384900+00:00,2026-08-03T03:36:41+00:00,Rocket Lab,1,Avionics Systems and Test Engineering Intern,"Auckland, NZ",assumed,14,greenhouse:rocketlab,https://job-boards.greenhouse.io/rocketlab/jobs/7821144003
2026-08-03T21:48:46.384900+00:00,2026-08-03T02:59:51+00:00,Rocket Lab,1,Ground Systems Engineering Intern - Electron,"Auckland, NZ",assumed,14,greenhouse:rocketlab,https://job-boards.greenhouse.io/rocketlab/jobs/7822312003
2026-08-03T21:48:46.384900+00:00,2026-08-03T20:20:09+00:00,Rocket Lab,1,Avionics Intern - Neutron Avionics Hardware,"Auckland, NZ",assumed,9,greenhouse:rocketlab,https://job-boards.greenhouse.io/rocketlab/jobs/7819743003
2026-08-03T21:48:46.384900+00:00,2026-08-03T02:19:22+00:00,Rocket Lab,1,Avionics Intern - Neutron Avionics Systems,"Auckland, NZ",assumed,9,greenhouse:rocketlab,https://job-boards.greenhouse.io/rocketlab/jobs/7819822003
2026-08-03T21:48:46.384900+00:00,2026-08-03T02:25:39+00:00,Rocket Lab,1,Avionics Manufacturing Engineering Intern,"Auckland, NZ",assumed,14,greenhouse:rocketlab,https://job-boards.greenhouse.io/rocketlab/jobs/7819770003
2026-08-03T21:48:46.384900+00:00,2026-08-03T02:13:18+00:00,Rocket Lab,1,Neutron Mechanical Development Intern,"Auckland, NZ",assumed,14,greenhouse:rocketlab,https://job-boards.greenhouse.io/rocketlab/jobs/7821122003
2026-08-03T21:48:46.384900+00:00,2026-08-03T03:35:19+00:00,Rocket Lab,1,Electron Vehicle Development Intern,"Auckland, NZ",assumed,9,greenhouse:rocketlab,https://job-boards.greenhouse.io/rocketlab/jobs/7821136003
2026-08-03T21:48:46.384900+00:00,2026-06-11T17:51:24+00:00,Anduril,1,2027 Manufacturing Engineer Intern,"Atlanta, Georgia, United States; Boston, Massachusetts, United States; Costa Mesa, California, United States; Irvine, California, United States; Seattle, Washington, United States",target,11,greenhouse:andurilindustries,https://boards.greenhouse.io/andurilindustries/jobs/5153218007?gh_jid=5153218007
2026-08-03T21:48:46.384900+00:00,2026-08-03T03:33:40+00:00,Rocket Lab,1,Ground Systems Engineering Intern,"Auckland, NZ",assumed,14,greenhouse:rocketlab,https://job-boards.greenhouse.io/rocketlab/jobs/7821140003
2026-08-03T21:48:46.384900+00:00,2026-08-03T03:57:22+00:00,Rocket Lab,1,Supplier Quality Engineer Intern,"Auckland, NZ",assumed,11,greenhouse:rocketlab,https://job-boards.greenhouse.io/rocketlab/jobs/7819101003
2026-08-03T21:48:46.384900+00:00,2026-06-11T17:00:56+00:00,Anduril,1,2027 Electrical Engineer Intern,"Atlanta, Georgia, United States; Boston, Massachusetts, United States; Costa Mesa, California, United States; Irvine, California, United States; Reston, Virginia, United States; Seattle, Washington, United States",target,8,greenhouse:andurilindustries,https://boards.greenhouse.io/andurilindustries/jobs/5148101007?gh_jid=5148101007
2026-08-03T21:48:46.384900+00:00,2026-06-11T17:34:22+00:00,Anduril,1,2027 Mechanical Engineer Intern,"Atlanta, Georgia, United States; Boston, Massachusetts, United States; Costa Mesa, California, United States; Irvine, California, United States; Reston, Virginia, United States; Seattle, Washington, United States",target,13,greenhouse:andurilindustries,https://boards.greenhouse.io/andurilindustries/jobs/5153187007?gh_jid=5153187007
2026-08-03T21:48:46.384900+00:00,2026-06-09T03:18:35+00:00,Rocket Lab,1,Apprentice Aerospace Technician,"Auckland, NZ",unknown,9,greenhouse:rocketlab,https://job-boards.greenhouse.io/rocketlab/jobs/7712642003
2026-08-03T21:48:46.384900+00:00,2026-07-28T18:27:09.057000+00:00,Skydio,1,Product Design Engineer Intern,"San Mateo, California, United States",assumed,9,ashby:skydio,https://jobs.ashbyhq.com/skydio/ce482813-99c2-4eaa-a165-2ed201249182
2026-08-03T21:48:46.384900+00:00,2026-08-03T03:16:51+00:00,Rocket Lab,1,Integrated Operations Intern,"Auckland, NZ",assumed,9,greenhouse:rocketlab,https://job-boards.greenhouse.io/rocketlab/jobs/7819703003
2026-08-03T21:48:46.384900+00:00,2026-08-03T03:15:31+00:00,Rocket Lab,1,Systems Engineering Intern,"Auckland, NZ",assumed,14,greenhouse:rocketlab,https://job-boards.greenhouse.io/rocketlab/jobs/7819994003
2026-08-03T21:48:46.384900+00:00,2026-07-28T18:35:36.967000+00:00,Skydio,1,Electrical Engineer Intern,"San Mateo, California, United States",assumed,6,ashby:skydio,https://jobs.ashbyhq.com/skydio/9ac944bc-89da-44bb-bf9c-3b9922e7cbee
2026-08-03T21:48:46.384900+00:00,2026-08-03T03:20:23+00:00,Rocket Lab,1,Web Services Intern,"Auckland, NZ",assumed,9,greenhouse:rocketlab,https://job-boards.greenhouse.io/rocketlab/jobs/7821120003
2026-08-03T21:48:46.384900+00:00,2026-08-03T04:00:15+00:00,Rocket Lab,1,Talent Ops Intern,"Auckland, NZ",assumed,9,greenhouse:rocketlab,https://job-boards.greenhouse.io/rocketlab/jobs/7819832003
2026-08-03T21:48:46.384900+00:00,,Apple,2,Hardware Undergrad Engineering Internship,,assumed,4,sndsh-2027,https://jobs.apple.com/en-us/details/200663981-3810/hardware-undergrad-engineering-internships
2026-08-03T21:48:46.384900+00:00,2026-07-27T21:48:46.384900+00:00,Bosch Group,9,Powertrain Controls Software Engineer...,"Farmington Hills, MI",assumed,4,zapply-2027,https://jobs.smartrecruiters.com/BoschGroup/744000140089589
2026-08-03T21:48:46.384900+00:00,2026-06-04T21:48:46.384900+00:00,Apple,2,Hardware Undergrad Engineering Intern...,United States,unknown,4,zapply-2027,https://jobs.apple.com/en-us/details/200663981/hardware-undergrad-engineering-internships
2026-08-03T21:48:46.384900+00:00,2026-07-04T21:48:46.384900+00:00,Generac,9,Mechanical Design Engineering Intern,"North Billerica, ...",unknown,7,zapply-2027,https://generac.wd5.myworkdayjobs.com/External/job/North-Billerica-MA---USA/Mechanical-Design-Engineering-Intern_JR14679
2026-08-03T21:48:46.384900+00:00,2026-07-04T21:48:46.384900+00:00,Bosch Group,9,Mechanical Design Engineering Intern,"Fort Lauderdale, FL",unknown,7,zapply-2027,https://jobs.smartrecruiters.com/BoschGroup/744000131662039
2026-08-03T21:48:46.384900+00:00,2026-07-16T00:00:00+00:00,Unison (GE Aerospace),2,Engineering Intern (Summer 2027),"Jacksonville, FL",target,6,sndsh-2027,https://careers.geaerospace.com/global/en/job/GAOGAYGLOBALR5037097EXTERNALENGLOBAL/Unison-Engineering-Intern-Summer-2027
2026-08-03T21:48:46.384900+00:00,2026-07-27T21:48:46.384900+00:00,Baxter International,9,Co-op Mechanical Engineering R&D,"Skaneateles, NY",assumed,4,zapply-2027,https://baxter.wd1.myworkdayjobs.com/baxter/job/Skaneateles-NY/Co-op-Mechanical-Engineering-R-D_JR-204658-1
2026-08-03T21:48:46.384900+00:00,2026-08-03T00:00:00+00:00,Blue Bird Corporation,9,"Intern, Mechanical Engineering","Fort Valley, GA, United States",assumed,4,jobright-engineering,https://jobright.ai/jobs/info/6a70b4d9cb96192a36845001?utm_campaign=1048&utm_source=git
2026-08-03T21:48:46.384900+00:00,2026-07-20T21:48:46.384900+00:00,Huntsman,9,Mechanical Engineering Intern,Texas,assumed,4,zapply-2027,https://huntsman.wd1.myworkdayjobs.com/Huntsman/job/USA---Texas---Houston---The-Woodlands---Corporate-Office/Mechanical-Engineering-Intern_J-020026
2026-08-03T21:48:46.384900+00:00,2026-07-30T21:48:46.384900+00:00,KION Group,9,Mechanical Engineering Co-Op,Henrietta NY Unit...,assumed,4,zapply-2027,https://kiongroup.wd3.myworkdayjobs.com/kiongroup/job/Henrietta-NY-United-States/Mechanical-Engineering-Co-Op_JR-0094004-1
2026-08-03T21:48:46.384900+00:00,2026-06-04T21:48:46.384900+00:00,Human Computer Lab,9,Intern - Mechanical Engineer,San Francisco,unknown,4,zapply-2027,https://jobs.ashbyhq.com/human-computer-lab/63a06836-54f4-4475-9e03-007ce5afc04c
2026-08-03T21:48:46.384900+00:00,2026-07-04T21:48:46.384900+00:00,Marmon Holdings,9,Mechanical Engineer Intern,United States of ...,unknown,4,zapply-2027,https://marmon.wd501.myworkdayjobs.com/Marmon_MSIP_Internships/job/Remote---United-States-of-America/Mechanical-Engineer-Intern_JR0000036528-1
2026-08-03T21:48:46.384900+00:00,2026-07-04T21:48:46.384900+00:00,Lila Sciences,9,"Co-op, Mechanical Engineer","Cambridge, MA USA",unknown,4,zapply-2027,https://job-boards.greenhouse.io/lilasciences/jobs/4284223009
2026-08-03T21:48:46.384900+00:00,2026-07-04T21:48:46.384900+00:00,Thornton Tomasetti,9,Mechanical Engineer Co-op,"New York, NY, USA",unknown,4,zapply-2027,https://tt.wd503.myworkdayjobs.com/thorntontomasetti/job/New-York-NY-USA/Mechanical-Engineer-Co-op_R6868
2026-08-03T21:48:46.384900+00:00,2026-07-27T21:48:46.384900+00:00,Moog,3,"Intern, Test Engineering","Buffalo, NY",assumed,3,zapply-2027,https://moog.wd5.myworkdayjobs.com/moog_external_career_site/job/Buffalo-NY/Intern--Test-Engineering_R-26-18775
2026-08-03T23:11:15.934926+00:00,2026-07-23T20:03:32+00:00,Kairos Power,2,Mechanical and Manufacturing Engineering Internship - Summer 2027 ,"Alameda, CA, Albuquerque, NM, or Oak Ridge, TN",target,14,greenhouse:kairospower,https://job-boards.greenhouse.io/kairospower/jobs/6123676004
2026-08-03T23:11:15.934926+00:00,2026-08-03T02:29:47+00:00,Rocket Lab,1,Ground Systems Engineering Intern - Instrumentation & Control,"Auckland, NZ",assumed,14,greenhouse:rocketlab,https://job-boards.greenhouse.io/rocketlab/jobs/7819722003
2026-08-03T23:11:15.934926+00:00,2026-07-22T19:11:37+00:00,Kairos Power,2,Chemical and Materials Engineering Internship - Summer 2027,"Alameda, CA, Albuquerque, NM or Oak Ridge, TN ",target,6,greenhouse:kairospower,https://job-boards.greenhouse.io/kairospower/jobs/6122803004
2026-08-03T23:11:15.934926+00:00,2026-08-03T02:21:34+00:00,Rocket Lab,1,Manufacturing Engineering Intern- Spacecraft Components,"Auckland, NZ",assumed,14,greenhouse:rocketlab,https://job-boards.greenhouse.io/rocketlab/jobs/7820014003
2026-08-03T23:11:15.934926+00:00,2026-08-03T03:29:51+00:00,Rocket Lab,1,Ground Systems Mechanical Engineering Intern - Neutron,"Auckland, NZ",assumed,16,greenhouse:rocketlab,https://job-boards.greenhouse.io/rocketlab/jobs/7821138003
2026-08-03T23:11:15.934926+00:00,2026-08-03T01:40:53+00:00,Rocket Lab,1,Manufacturing Engineering Intern - Vehicle Integration,"Auckland, NZ",assumed,14,greenhouse:rocketlab,https://job-boards.greenhouse.io/rocketlab/jobs/7819745003
2026-08-03T23:11:15.934926+00:00,2026-08-03T03:04:46+00:00,Rocket Lab,1,Development Engineering Intern - Neutron Upper Module,"Auckland, NZ",assumed,11,greenhouse:rocketlab,https://job-boards.greenhouse.io/rocketlab/jobs/7821126003
2026-08-03T23:11:15.934926+00:00,2026-08-03T03:01:15+00:00,Rocket Lab,1,Avionics Intern - Neutron Flight Safety Systems,"Auckland, NZ",assumed,9,greenhouse:rocketlab,https://job-boards.greenhouse.io/rocketlab/jobs/7819590003
2026-08-03T23:11:15.934926+00:00,2026-07-23T19:46:38+00:00,Kairos Power,2,Electrical Engineering Internship - Summer 2027,"Alameda, CA, Albuquerque, NM or Oak Ridge, TN ",target,6,greenhouse:kairospower,https://job-boards.greenhouse.io/kairospower/jobs/6123657004
2026-08-03T23:11:15.934926+00:00,2026-07-23T22:04:30+00:00,Kairos Power,2,Nuclear Engineering Internship - Summer 2027 ,"Alameda, CA, Albuquerque, NM, Oak Ridge, TN",target,11,greenhouse:kairospower,https://job-boards.greenhouse.io/kairospower/jobs/6123830004
2026-08-03T23:11:15.934926+00:00,2026-08-03T03:36:41+00:00,Rocket Lab,1,Avionics Systems and Test Engineering Intern,"Auckland, NZ",assumed,14,greenhouse:rocketlab,https://job-boards.greenhouse.io/rocketlab/jobs/7821144003
2026-08-03T23:11:15.934926+00:00,2026-08-03T02:59:51+00:00,Rocket Lab,1,Ground Systems Engineering Intern - Electron,"Auckland, NZ",assumed,14,greenhouse:rocketlab,https://job-boards.greenhouse.io/rocketlab/jobs/7822312003
2026-08-03T23:11:15.934926+00:00,2026-08-03T20:20:09+00:00,Rocket Lab,1,Avionics Intern - Neutron Avionics Hardware,"Auckland, NZ",assumed,9,greenhouse:rocketlab,https://job-boards.greenhouse.io/rocketlab/jobs/7819743003
2026-08-03T23:11:15.934926+00:00,2026-08-03T02:19:22+00:00,Rocket Lab,1,Avionics Intern - Neutron Avionics Systems,"Auckland, NZ",assumed,9,greenhouse:rocketlab,https://job-boards.greenhouse.io/rocketlab/jobs/7819822003
2026-08-03T23:11:15.934926+00:00,2026-08-03T02:25:39+00:00,Rocket Lab,1,Avionics Manufacturing Engineering Intern,"Auckland, NZ",assumed,14,greenhouse:rocketlab,https://job-boards.greenhouse.io/rocketlab/jobs/7819770003
2026-08-03T23:11:15.934926+00:00,2026-08-03T02:13:18+00:00,Rocket Lab,1,Neutron Mechanical Development Intern,"Auckland, NZ",assumed,14,greenhouse:rocketlab,https://job-boards.greenhouse.io/rocketlab/jobs/7821122003
2026-08-03T23:11:15.934926+00:00,2026-08-03T03:35:19+00:00,Rocket Lab,1,Electron Vehicle Development Intern,"Auckland, NZ",assumed,9,greenhouse:rocketlab,https://job-boards.greenhouse.io/rocketlab/jobs/7821136003
2026-08-03T23:11:15.934926+00:00,2026-06-11T17:51:24+00:00,Anduril,1,2027 Manufacturing Engineer Intern,"Atlanta, Georgia, United States; Boston, Massachusetts, United States; Costa Mesa, California, United States; Irvine, California, United States; Seattle, Washington, United States",target,11,greenhouse:andurilindustries,https://boards.greenhouse.io/andurilindustries/jobs/5153218007?gh_jid=5153218007
2026-08-03T23:11:15.934926+00:00,2026-08-03T03:33:40+00:00,Rocket Lab,1,Ground Systems Engineering Intern,"Auckland, NZ",assumed,14,greenhouse:rocketlab,https://job-boards.greenhouse.io/rocketlab/jobs/7821140003
2026-08-03T23:11:15.934926+00:00,2026-08-03T03:57:22+00:00,Rocket Lab,1,Supplier Quality Engineer Intern,"Auckland, NZ",assumed,11,greenhouse:rocketlab,https://job-boards.greenhouse.io/rocketlab/jobs/7819101003
2026-08-03T23:11:15.934926+00:00,2026-06-11T17:00:56+00:00,Anduril,1,2027 Electrical Engineer Intern,"Atlanta, Georgia, United States; Boston, Massachusetts, United States; Costa Mesa, California, United States; Irvine, California, United States; Reston, Virginia, United States; Seattle, Washington, United States",target,8,greenhouse:andurilindustries,https://boards.greenhouse.io/andurilindustries/jobs/5148101007?gh_jid=5148101007
2026-08-03T23:11:15.934926+00:00,2026-06-11T17:34:22+00:00,Anduril,1,2027 Mechanical Engineer Intern,"Atlanta, Georgia, United States; Boston, Massachusetts, United States; Costa Mesa, California, United States; Irvine, California, United States; Reston, Virginia, United States; Seattle, Washington, United States",target,13,greenhouse:andurilindustries,https://boards.greenhouse.io/andurilindustries/jobs/5153187007?gh_jid=5153187007
2026-08-03T23:11:15.934926+00:00,2026-06-09T03:18:35+00:00,Rocket Lab,1,Apprentice Aerospace Technician,"Auckland, NZ",unknown,9,greenhouse:rocketlab,https://job-boards.greenhouse.io/rocketlab/jobs/7712642003
2026-08-03T23:11:15.934926+00:00,2026-07-28T18:27:09.057000+00:00,Skydio,1,Product Design Engineer Intern,"San Mateo, California, United States",assumed,9,ashby:skydio,https://jobs.ashbyhq.com/skydio/ce482813-99c2-4eaa-a165-2ed201249182
2026-08-03T23:11:15.934926+00:00,2026-08-03T03:16:51+00:00,Rocket Lab,1,Integrated Operations Intern,"Auckland, NZ",assumed,9,greenhouse:rocketlab,https://job-boards.greenhouse.io/rocketlab/jobs/7819703003
2026-08-03T23:11:15.934926+00:00,2026-08-03T03:15:31+00:00,Rocket Lab,1,Systems Engineering Intern,"Auckland, NZ",assumed,14,greenhouse:rocketlab,https://job-boards.greenhouse.io/rocketlab/jobs/7819994003
2026-08-03T23:11:15.934926+00:00,2026-07-28T18:35:36.967000+00:00,Skydio,1,Electrical Engineer Intern,"San Mateo, California, United States",assumed,6,ashby:skydio,https://jobs.ashbyhq.com/skydio/9ac944bc-89da-44bb-bf9c-3b9922e7cbee
2026-08-03T23:11:15.934926+00:00,2026-08-03T03:20:23+00:00,Rocket Lab,1,Web Services Intern,"Auckland, NZ",assumed,9,greenhouse:rocketlab,https://job-boards.greenhouse.io/rocketlab/jobs/7821120003
2026-08-03T23:11:15.934926+00:00,2026-08-03T04:00:15+00:00,Rocket Lab,1,Talent Ops Intern,"Auckland, NZ",assumed,9,greenhouse:rocketlab,https://job-boards.greenhouse.io/rocketlab/jobs/7819832003
2026-08-03T23:11:15.934926+00:00,2026-08-03T00:00:00+00:00,Boeing,2,Boeing Summer 2027 Internship Program (Paid) - Quality Engineering Intern,"Seattle, WA, United States",target,6,jobright-engineering,https://jobright.ai/jobs/info/6a70fa6d422dce5cda1d0b51?utm_campaign=1048&utm_source=git
2026-08-03T23:11:15.934926+00:00,,Apple,2,Hardware Undergrad Engineering Internship,,assumed,4,sndsh-2027,https://jobs.apple.com/en-us/details/200663981-3810/hardware-undergrad-engineering-internships
2026-08-03T23:11:15.934926+00:00,2026-07-27T23:11:15.934926+00:00,Bosch Group,9,Powertrain Controls Software Engineer...,"Farmington Hills, MI",assumed,4,zapply-2027,https://jobs.smartrecruiters.com/BoschGroup/744000140089589
2026-08-03T23:11:15.934926+00:00,2026-06-04T23:11:15.934926+00:00,Apple,2,Hardware Undergrad Engineering Intern...,United States,unknown,4,zapply-2027,https://jobs.apple.com/en-us/details/200663981/hardware-undergrad-engineering-internships
2026-08-03T23:11:15.934926+00:00,2026-07-04T23:11:15.934926+00:00,Generac,9,Mechanical Design Engineering Intern,"North Billerica, ...",unknown,7,zapply-2027,https://generac.wd5.myworkdayjobs.com/External/job/North-Billerica-MA---USA/Mechanical-Design-Engineering-Intern_JR14679
2026-08-03T23:11:15.934926+00:00,2026-07-04T23:11:15.934926+00:00,Bosch Group,9,Mechanical Design Engineering Intern,"Fort Lauderdale, FL",unknown,7,zapply-2027,https://jobs.smartrecruiters.com/BoschGroup/744000131662039
2026-08-03T23:11:15.934926+00:00,2026-07-16T00:00:00+00:00,Unison (GE Aerospace),2,Engineering Intern (Summer 2027),"Jacksonville, FL",target,6,sndsh-2027,https://careers.geaerospace.com/global/en/job/GAOGAYGLOBALR5037097EXTERNALENGLOBAL/Unison-Engineering-Intern-Summer-2027
2026-08-03T23:11:15.934926+00:00,2026-07-27T23:11:15.934926+00:00,Baxter International,9,Co-op Mechanical Engineering R&D,"Skaneateles, NY",assumed,4,zapply-2027,https://baxter.wd1.myworkdayjobs.com/baxter/job/Skaneateles-NY/Co-op-Mechanical-Engineering-R-D_JR-204658-1
2026-08-03T23:11:15.934926+00:00,2026-08-03T00:00:00+00:00,Blue Bird Corporation,9,"Intern, Mechanical Engineering","Fort Valley, GA, United States",assumed,4,jobright-engineering,https://jobright.ai/jobs/info/6a70b4d9cb96192a36845001?utm_campaign=1048&utm_source=git
2026-08-03T23:11:15.934926+00:00,2026-08-03T00:00:00+00:00,Garver,9,Mechanical Engineering Intern,"Fayetteville, AR, United States",assumed,4,jobright-engineering,https://jobright.ai/jobs/info/6a70fea471acd469eeda11f0?utm_campaign=1048&utm_source=git
2026-08-03T23:11:15.934926+00:00,2026-07-20T23:11:15.934926+00:00,Huntsman,9,Mechanical Engineering Intern,Texas,assumed,4,zapply-2027,https://huntsman.wd1.myworkdayjobs.com/Huntsman/job/USA---Texas---Houston---The-Woodlands---Corporate-Office/Mechanical-Engineering-Intern_J-020026
2026-08-03T23:11:15.934926+00:00,2026-07-30T23:11:15.934926+00:00,KION Group,9,Mechanical Engineering Co-Op,Henrietta NY Unit...,assumed,4,zapply-2027,https://kiongroup.wd3.myworkdayjobs.com/kiongroup/job/Henrietta-NY-United-States/Mechanical-Engineering-Co-Op_JR-0094004-1
2026-08-03T23:11:15.934926+00:00,2026-06-04T23:11:15.934926+00:00,Human Computer Lab,9,Intern - Mechanical Engineer,San Francisco,unknown,4,zapply-2027,https://jobs.ashbyhq.com/human-computer-lab/63a06836-54f4-4475-9e03-007ce5afc04c
2026-08-03T23:11:15.934926+00:00,2026-07-04T23:11:15.934926+00:00,Marmon Holdings,9,Mechanical Engineer Intern,United States of ...,unknown,4,zapply-2027,https://marmon.wd501.myworkdayjobs.com/Marmon_MSIP_Internships/job/Remote---United-States-of-America/Mechanical-Engineer-Intern_JR0000036528-1
2026-08-03T23:11:15.934926+00:00,2026-07-04T23:11:15.934926+00:00,Lila Sciences,9,"Co-op, Mechanical Engineer","Cambridge, MA USA",unknown,4,zapply-2027,https://job-boards.greenhouse.io/lilasciences/jobs/4284223009
2026-08-03T23:11:15.934926+00:00,2026-07-04T23:11:15.934926+00:00,Thornton Tomasetti,9,Mechanical Engineer Co-op,"New York, NY, USA",unknown,4,zapply-2027,https://tt.wd503.myworkdayjobs.com/thorntontomasetti/job/New-York-NY-USA/Mechanical-Engineer-Co-op_R6868
2026-08-03T23:11:15.934926+00:00,2026-07-27T23:11:15.934926+00:00,Moog,3,"Intern, Test Engineering","Buffalo, NY",assumed,3,zapply-2027,https://moog.wd5.myworkdayjobs.com/moog_external_career_site/job/Buffalo-NY/Intern--Test-Engineering_R-26-18775
2026-08-04T00:57:08.109640+00:00,2026-07-23T20:03:32+00:00,Kairos Power,2,Mechanical and Manufacturing Engineering Internship - Summer 2027 ,"Alameda, CA, Albuquerque, NM, or Oak Ridge, TN",target,14,greenhouse:kairospower,https://job-boards.greenhouse.io/kairospower/jobs/6123676004
2026-08-04T00:57:08.109640+00:00,2026-08-03T02:29:47+00:00,Rocket Lab,1,Ground Systems Engineering Intern - Instrumentation & Control,"Auckland, NZ",assumed,14,greenhouse:rocketlab,https://job-boards.greenhouse.io/rocketlab/jobs/7819722003
2026-08-04T00:57:08.109640+00:00,2026-07-22T19:11:37+00:00,Kairos Power,2,Chemical and Materials Engineering Internship - Summer 2027,"Alameda, CA, Albuquerque, NM or Oak Ridge, TN ",target,6,greenhouse:kairospower,https://job-boards.greenhouse.io/kairospower/jobs/6122803004
2026-08-04T00:57:08.109640+00:00,2026-08-03T02:21:34+00:00,Rocket Lab,1,Manufacturing Engineering Intern- Spacecraft Components,"Auckland, NZ",assumed,14,greenhouse:rocketlab,https://job-boards.greenhouse.io/rocketlab/jobs/7820014003
2026-08-04T00:57:08.109640+00:00,2026-08-03T03:29:51+00:00,Rocket Lab,1,Ground Systems Mechanical Engineering Intern - Neutron,"Auckland, NZ",assumed,16,greenhouse:rocketlab,https://job-boards.greenhouse.io/rocketlab/jobs/7821138003
2026-08-04T00:57:08.109640+00:00,2026-08-03T01:40:53+00:00,Rocket Lab,1,Manufacturing Engineering Intern - Vehicle Integration,"Auckland, NZ",assumed,14,greenhouse:rocketlab,https://job-boards.greenhouse.io/rocketlab/jobs/7819745003
2026-08-04T00:57:08.109640+00:00,2026-08-03T03:04:46+00:00,Rocket Lab,1,Development Engineering Intern - Neutron Upper Module,"Auckland, NZ",assumed,11,greenhouse:rocketlab,https://job-boards.greenhouse.io/rocketlab/jobs/7821126003
2026-08-04T00:57:08.109640+00:00,2026-08-03T03:01:15+00:00,Rocket Lab,1,Avionics Intern - Neutron Flight Safety Systems,"Auckland, NZ",assumed,9,greenhouse:rocketlab,https://job-boards.greenhouse.io/rocketlab/jobs/7819590003
2026-08-04T00:57:08.109640+00:00,2026-07-23T19:46:38+00:00,Kairos Power,2,Electrical Engineering Internship - Summer 2027,"Alameda, CA, Albuquerque, NM or Oak Ridge, TN ",target,6,greenhouse:kairospower,https://job-boards.greenhouse.io/kairospower/jobs/6123657004
2026-08-04T00:57:08.109640+00:00,2026-07-23T22:04:30+00:00,Kairos Power,2,Nuclear Engineering Internship - Summer 2027 ,"Alameda, CA, Albuquerque, NM, Oak Ridge, TN",target,11,greenhouse:kairospower,https://job-boards.greenhouse.io/kairospower/jobs/6123830004
2026-08-04T00:57:08.109640+00:00,2026-08-03T03:36:41+00:00,Rocket Lab,1,Avionics Systems and Test Engineering Intern,"Auckland, NZ",assumed,14,greenhouse:rocketlab,https://job-boards.greenhouse.io/rocketlab/jobs/7821144003
2026-08-04T00:57:08.109640+00:00,2026-08-03T02:59:51+00:00,Rocket Lab,1,Ground Systems Engineering Intern - Electron,"Auckland, NZ",assumed,14,greenhouse:rocketlab,https://job-boards.greenhouse.io/rocketlab/jobs/7822312003
2026-08-04T00:57:08.109640+00:00,2026-08-03T20:20:09+00:00,Rocket Lab,1,Avionics Intern - Neutron Avionics Hardware,"Auckland, NZ",assumed,9,greenhouse:rocketlab,https://job-boards.greenhouse.io/rocketlab/jobs/7819743003
2026-08-04T00:57:08.109640+00:00,2026-08-03T02:19:22+00:00,Rocket Lab,1,Avionics Intern - Neutron Avionics Systems,"Auckland, NZ",assumed,9,greenhouse:rocketlab,https://job-boards.greenhouse.io/rocketlab/jobs/7819822003
2026-08-04T00:57:08.109640+00:00,2026-08-03T02:25:39+00:00,Rocket Lab,1,Avionics Manufacturing Engineering Intern,"Auckland, NZ",assumed,14,greenhouse:rocketlab,https://job-boards.greenhouse.io/rocketlab/jobs/7819770003
2026-08-04T00:57:08.109640+00:00,2026-08-03T02:13:18+00:00,Rocket Lab,1,Neutron Mechanical Development Intern,"Auckland, NZ",assumed,14,greenhouse:rocketlab,https://job-boards.greenhouse.io/rocketlab/jobs/7821122003
2026-08-04T00:57:08.109640+00:00,2026-08-03T03:35:19+00:00,Rocket Lab,1,Electron Vehicle Development Intern,"Auckland, NZ",assumed,9,greenhouse:rocketlab,https://job-boards.greenhouse.io/rocketlab/jobs/7821136003
2026-08-04T00:57:08.109640+00:00,2026-06-11T17:51:24+00:00,Anduril,1,2027 Manufacturing Engineer Intern,"Atlanta, Georgia, United States; Boston, Massachusetts, United States; Costa Mesa, California, United States; Irvine, California, United States; Seattle, Washington, United States",target,11,greenhouse:andurilindustries,https://boards.greenhouse.io/andurilindustries/jobs/5153218007?gh_jid=5153218007
2026-08-04T00:57:08.109640+00:00,2026-08-03T03:33:40+00:00,Rocket Lab,1,Ground Systems Engineering Intern,"Auckland, NZ",assumed,14,greenhouse:rocketlab,https://job-boards.greenhouse.io/rocketlab/jobs/7821140003
2026-08-04T00:57:08.109640+00:00,2026-08-03T03:57:22+00:00,Rocket Lab,1,Supplier Quality Engineer Intern,"Auckland, NZ",assumed,11,greenhouse:rocketlab,https://job-boards.greenhouse.io/rocketlab/jobs/7819101003
2026-08-04T00:57:08.109640+00:00,2026-06-11T17:00:56+00:00,Anduril,1,2027 Electrical Engineer Intern,"Atlanta, Georgia, United States; Boston, Massachusetts, United States; Costa Mesa, California, United States; Irvine, California, United States; Reston, Virginia, United States; Seattle, Washington, United States",target,8,greenhouse:andurilindustries,https://boards.greenhouse.io/andurilindustries/jobs/5148101007?gh_jid=5148101007
2026-08-04T00:57:08.109640+00:00,2026-06-11T17:34:22+00:00,Anduril,1,2027 Mechanical Engineer Intern,"Atlanta, Georgia, United States; Boston, Massachusetts, United States; Costa Mesa, California, United States; Irvine, California, United States; Reston, Virginia, United States; Seattle, Washington, United States",target,13,greenhouse:andurilindustries,https://boards.greenhouse.io/andurilindustries/jobs/5153187007?gh_jid=5153187007
2026-08-04T00:57:08.109640+00:00,2026-06-09T03:18:35+00:00,Rocket Lab,1,Apprentice Aerospace Technician,"Auckland, NZ",unknown,9,greenhouse:rocketlab,https://job-boards.greenhouse.io/rocketlab/jobs/7712642003
2026-08-04T00:57:08.109640+00:00,2026-07-28T18:27:09.057000+00:00,Skydio,1,Product Design Engineer Intern,"San Mateo, California, United States",assumed,9,ashby:skydio,https://jobs.ashbyhq.com/skydio/ce482813-99c2-4eaa-a165-2ed201249182
2026-08-04T00:57:08.109640+00:00,2026-08-03T03:16:51+00:00,Rocket Lab,1,Integrated Operations Intern,"Auckland, NZ",assumed,9,greenhouse:rocketlab,https://job-boards.greenhouse.io/rocketlab/jobs/7819703003
2026-08-04T00:57:08.109640+00:00,2026-08-03T03:15:31+00:00,Rocket Lab,1,Systems Engineering Intern,"Auckland, NZ",assumed,14,greenhouse:rocketlab,https://job-boards.greenhouse.io/rocketlab/jobs/7819994003
2026-08-04T00:57:08.109640+00:00,2026-07-28T18:35:36.967000+00:00,Skydio,1,Electrical Engineer Intern,"San Mateo, California, United States",assumed,6,ashby:skydio,https://jobs.ashbyhq.com/skydio/9ac944bc-89da-44bb-bf9c-3b9922e7cbee
2026-08-04T00:57:08.109640+00:00,2026-08-03T03:20:23+00:00,Rocket Lab,1,Web Services Intern,"Auckland, NZ",assumed,9,greenhouse:rocketlab,https://job-boards.greenhouse.io/rocketlab/jobs/7821120003
2026-08-04T00:57:08.109640+00:00,2026-08-03T04:00:15+00:00,Rocket Lab,1,Talent Ops Intern,"Auckland, NZ",assumed,9,greenhouse:rocketlab,https://job-boards.greenhouse.io/rocketlab/jobs/7819832003
2026-08-04T00:57:08.109640+00:00,2026-08-03T00:00:00+00:00,Kiewit,9,Mechanical Design Intern - Kiewit Industrial & Water Engineering (Summer 2027),"Lenexa, KS, United States",target,6,jobright-engineering,https://jobright.ai/jobs/info/6a710faa9a0ca4480c7d2d12?utm_campaign=1048&utm_source=git
2026-08-04T00:57:08.109640+00:00,2026-08-03T00:00:00+00:00,Boeing,2,Boeing Summer 2027 Internship Program (Paid) - Quality Engineering Intern,"Seattle, WA, United States",target,6,jobright-engineering,https://jobright.ai/jobs/info/6a70fa6d422dce5cda1d0b51?utm_campaign=1048&utm_source=git
2026-08-04T00:57:08.109640+00:00,,Apple,2,Hardware Undergrad Engineering Internship,,assumed,4,sndsh-2027,https://jobs.apple.com/en-us/details/200663981-3810/hardware-undergrad-engineering-internships
2026-08-04T00:57:08.109640+00:00,2026-07-28T00:57:08.109640+00:00,Bosch Group,9,Powertrain Controls Software Engineer...,"Farmington Hills, MI",assumed,4,zapply-2027,https://jobs.smartrecruiters.com/BoschGroup/744000140089589
2026-08-04T00:57:08.109640+00:00,2026-06-05T00:57:08.109640+00:00,Apple,2,Hardware Undergrad Engineering Intern...,United States,unknown,4,zapply-2027,https://jobs.apple.com/en-us/details/200663981/hardware-undergrad-engineering-internships
2026-08-04T00:57:08.109640+00:00,2026-07-05T00:57:08.109640+00:00,Generac,9,Mechanical Design Engineering Intern,"North Billerica, ...",unknown,7,zapply-2027,https://generac.wd5.myworkdayjobs.com/External/job/North-Billerica-MA---USA/Mechanical-Design-Engineering-Intern_JR14679
2026-08-04T00:57:08.109640+00:00,2026-07-05T00:57:08.109640+00:00,Bosch Group,9,Mechanical Design Engineering Intern,"Fort Lauderdale, FL",unknown,7,zapply-2027,https://jobs.smartrecruiters.com/BoschGroup/744000131662039
2026-08-04T00:57:08.109640+00:00,2026-07-16T00:00:00+00:00,Unison (GE Aerospace),2,Engineering Intern (Summer 2027),"Jacksonville, FL",target,6,sndsh-2027,https://careers.geaerospace.com/global/en/job/GAOGAYGLOBALR5037097EXTERNALENGLOBAL/Unison-Engineering-Intern-Summer-2027
2026-08-04T00:57:08.109640+00:00,2026-07-28T00:57:08.109640+00:00,Baxter International,9,Co-op Mechanical Engineering R&D,"Skaneateles, NY",assumed,4,zapply-2027,https://baxter.wd1.myworkdayjobs.com/baxter/job/Skaneateles-NY/Co-op-Mechanical-Engineering-R-D_JR-204658-1
2026-08-04T00:57:08.109640+00:00,2026-08-03T00:00:00+00:00,Blue Bird Corporation,9,"Intern, Mechanical Engineering","Fort Valley, GA, United States",assumed,4,jobright-engineering,https://jobright.ai/jobs/info/6a70b4d9cb96192a36845001?utm_campaign=1048&utm_source=git
2026-08-04T00:57:08.109640+00:00,2026-08-04T00:57:08.109640+00:00,SpaceX,1,Silicon Engineer Intern/Co-op,"Palo Alto, CA Irvine, CA Redmond, WA",target,8,simplify-2027,https://boards.greenhouse.io/spacex/jobs/8621763002?utm_source=Simplify&ref=Simplify
2026-08-04T00:57:08.109640+00:00,2026-08-03T00:00:00+00:00,Garver,9,Mechanical Engineering Intern,"Fayetteville, AR, United States",assumed,4,jobright-engineering,https://jobright.ai/jobs/info/6a70fea471acd469eeda11f0?utm_campaign=1048&utm_source=git
2026-08-04T00:57:08.109640+00:00,2026-07-21T00:57:08.109640+00:00,Huntsman,9,Mechanical Engineering Intern,Texas,assumed,4,zapply-2027,https://huntsman.wd1.myworkdayjobs.com/Huntsman/job/USA---Texas---Houston---The-Woodlands---Corporate-Office/Mechanical-Engineering-Intern_J-020026
2026-08-04T00:57:08.109640+00:00,2026-07-31T00:57:08.109640+00:00,KION Group,9,Mechanical Engineering Co-Op,Henrietta NY Unit...,assumed,4,zapply-2027,https://kiongroup.wd3.myworkdayjobs.com/kiongroup/job/Henrietta-NY-United-States/Mechanical-Engineering-Co-Op_JR-0094004-1
2026-08-04T00:57:08.109640+00:00,2026-06-05T00:57:08.109640+00:00,Human Computer Lab,9,Intern - Mechanical Engineer,San Francisco,unknown,4,zapply-2027,https://jobs.ashbyhq.com/human-computer-lab/63a06836-54f4-4475-9e03-007ce5afc04c
2026-08-04T00:57:08.109640+00:00,2026-07-05T00:57:08.109640+00:00,Marmon Holdings,9,Mechanical Engineer Intern,United States of ...,unknown,4,zapply-2027,https://marmon.wd501.myworkdayjobs.com/Marmon_MSIP_Internships/job/Remote---United-States-of-America/Mechanical-Engineer-Intern_JR0000036528-1
2026-08-04T00:57:08.109640+00:00,2026-07-05T00:57:08.109640+00:00,Lila Sciences,9,"Co-op, Mechanical Engineer","Cambridge, MA USA",unknown,4,zapply-2027,https://job-boards.greenhouse.io/lilasciences/jobs/4284223009
2026-08-04T00:57:08.109640+00:00,2026-07-05T00:57:08.109640+00:00,Thornton Tomasetti,9,Mechanical Engineer Co-op,"New York, NY, USA",unknown,4,zapply-2027,https://tt.wd503.myworkdayjobs.com/thorntontomasetti/job/New-York-NY-USA/Mechanical-Engineer-Co-op_R6868
2026-08-04T00:57:08.109640+00:00,2026-07-28T00:57:08.109640+00:00,Moog,3,"Intern, Test Engineering","Buffalo, NY",assumed,3,zapply-2027,https://moog.wd5.myworkdayjobs.com/moog_external_career_site/job/Buffalo-NY/Intern--Test-Engineering_R-26-18775
2026-08-04T03:20:22.967814+00:00,2026-07-23T20:03:32+00:00,Kairos Power,2,Mechanical and Manufacturing Engineering Internship - Summer 2027 ,"Alameda, CA, Albuquerque, NM, or Oak Ridge, TN",target,14,greenhouse:kairospower,https://job-boards.greenhouse.io/kairospower/jobs/6123676004
2026-08-04T03:20:22.967814+00:00,2026-08-03T02:29:47+00:00,Rocket Lab,1,Ground Systems Engineering Intern - Instrumentation & Control,"Auckland, NZ",assumed,14,greenhouse:rocketlab,https://job-boards.greenhouse.io/rocketlab/jobs/7819722003
2026-08-04T03:20:22.967814+00:00,2026-07-22T19:11:37+00:00,Kairos Power,2,Chemical and Materials Engineering Internship - Summer 2027,"Alameda, CA, Albuquerque, NM or Oak Ridge, TN ",target,6,greenhouse:kairospower,https://job-boards.greenhouse.io/kairospower/jobs/6122803004
2026-08-04T03:20:22.967814+00:00,2026-08-03T02:21:34+00:00,Rocket Lab,1,Manufacturing Engineering Intern- Spacecraft Components,"Auckland, NZ",assumed,14,greenhouse:rocketlab,https://job-boards.greenhouse.io/rocketlab/jobs/7820014003
2026-08-04T03:20:22.967814+00:00,2026-08-03T03:29:51+00:00,Rocket Lab,1,Ground Systems Mechanical Engineering Intern - Neutron,"Auckland, NZ",assumed,16,greenhouse:rocketlab,https://job-boards.greenhouse.io/rocketlab/jobs/7821138003
2026-08-04T03:20:22.967814+00:00,2026-08-03T01:40:53+00:00,Rocket Lab,1,Manufacturing Engineering Intern - Vehicle Integration,"Auckland, NZ",assumed,14,greenhouse:rocketlab,https://job-boards.greenhouse.io/rocketlab/jobs/7819745003
2026-08-04T03:20:22.967814+00:00,2026-08-03T03:04:46+00:00,Rocket Lab,1,Development Engineering Intern - Neutron Upper Module,"Auckland, NZ",assumed,11,greenhouse:rocketlab,https://job-boards.greenhouse.io/rocketlab/jobs/7821126003
2026-08-04T03:20:22.967814+00:00,2026-08-03T03:01:15+00:00,Rocket Lab,1,Avionics Intern - Neutron Flight Safety Systems,"Auckland, NZ",assumed,9,greenhouse:rocketlab,https://job-boards.greenhouse.io/rocketlab/jobs/7819590003
2026-08-04T03:20:22.967814+00:00,2026-07-23T19:46:38+00:00,Kairos Power,2,Electrical Engineering Internship - Summer 2027,"Alameda, CA, Albuquerque, NM or Oak Ridge, TN ",target,6,greenhouse:kairospower,https://job-boards.greenhouse.io/kairospower/jobs/6123657004
2026-08-04T03:20:22.967814+00:00,2026-07-23T22:04:30+00:00,Kairos Power,2,Nuclear Engineering Internship - Summer 2027 ,"Alameda, CA, Albuquerque, NM, Oak Ridge, TN",target,11,greenhouse:kairospower,https://job-boards.greenhouse.io/kairospower/jobs/6123830004
2026-08-04T03:20:22.967814+00:00,2026-08-03T03:36:41+00:00,Rocket Lab,1,Avionics Systems and Test Engineering Intern,"Auckland, NZ",assumed,14,greenhouse:rocketlab,https://job-boards.greenhouse.io/rocketlab/jobs/7821144003
2026-08-04T03:20:22.967814+00:00,2026-08-03T02:59:51+00:00,Rocket Lab,1,Ground Systems Engineering Intern - Electron,"Auckland, NZ",assumed,14,greenhouse:rocketlab,https://job-boards.greenhouse.io/rocketlab/jobs/7822312003
2026-08-04T03:20:22.967814+00:00,2026-08-03T20:20:09+00:00,Rocket Lab,1,Avionics Intern - Neutron Avionics Hardware,"Auckland, NZ",assumed,9,greenhouse:rocketlab,https://job-boards.greenhouse.io/rocketlab/jobs/7819743003
2026-08-04T03:20:22.967814+00:00,2026-08-03T02:19:22+00:00,Rocket Lab,1,Avionics Intern - Neutron Avionics Systems,"Auckland, NZ",assumed,9,greenhouse:rocketlab,https://job-boards.greenhouse.io/rocketlab/jobs/7819822003
2026-08-04T03:20:22.967814+00:00,2026-08-03T02:25:39+00:00,Rocket Lab,1,Avionics Manufacturing Engineering Intern,"Auckland, NZ",assumed,14,greenhouse:rocketlab,https://job-boards.greenhouse.io/rocketlab/jobs/7819770003
2026-08-04T03:20:22.967814+00:00,2026-08-03T02:13:18+00:00,Rocket Lab,1,Neutron Mechanical Development Intern,"Auckland, NZ",assumed,14,greenhouse:rocketlab,https://job-boards.greenhouse.io/rocketlab/jobs/7821122003
2026-08-04T03:20:22.967814+00:00,2026-08-03T03:35:19+00:00,Rocket Lab,1,Electron Vehicle Development Intern,"Auckland, NZ",assumed,9,greenhouse:rocketlab,https://job-boards.greenhouse.io/rocketlab/jobs/7821136003
2026-08-04T03:20:22.967814+00:00,2026-06-11T17:51:24+00:00,Anduril,1,2027 Manufacturing Engineer Intern,"Atlanta, Georgia, United States; Boston, Massachusetts, United States; Costa Mesa, California, United States; Irvine, California, United States; Seattle, Washington, United States",target,11,greenhouse:andurilindustries,https://boards.greenhouse.io/andurilindustries/jobs/5153218007?gh_jid=5153218007
2026-08-04T03:20:22.967814+00:00,2026-08-03T03:33:40+00:00,Rocket Lab,1,Ground Systems Engineering Intern,"Auckland, NZ",assumed,14,greenhouse:rocketlab,https://job-boards.greenhouse.io/rocketlab/jobs/7821140003
2026-08-04T03:20:22.967814+00:00,2026-08-03T03:57:22+00:00,Rocket Lab,1,Supplier Quality Engineer Intern,"Auckland, NZ",assumed,11,greenhouse:rocketlab,https://job-boards.greenhouse.io/rocketlab/jobs/7819101003
2026-08-04T03:20:22.967814+00:00,2026-06-11T17:00:56+00:00,Anduril,1,2027 Electrical Engineer Intern,"Atlanta, Georgia, United States; Boston, Massachusetts, United States; Costa Mesa, California, United States; Irvine, California, United States; Reston, Virginia, United States; Seattle, Washington, United States",target,8,greenhouse:andurilindustries,https://boards.greenhouse.io/andurilindustries/jobs/5148101007?gh_jid=5148101007
2026-08-04T03:20:22.967814+00:00,2026-06-11T17:34:22+00:00,Anduril,1,2027 Mechanical Engineer Intern,"Atlanta, Georgia, United States; Boston, Massachusetts, United States; Costa Mesa, California, United States; Irvine, California, United States; Reston, Virginia, United States; Seattle, Washington, United States",target,13,greenhouse:andurilindustries,https://boards.greenhouse.io/andurilindustries/jobs/5153187007?gh_jid=5153187007
2026-08-04T03:20:22.967814+00:00,2026-06-09T03:18:35+00:00,Rocket Lab,1,Apprentice Aerospace Technician,"Auckland, NZ",unknown,9,greenhouse:rocketlab,https://job-boards.greenhouse.io/rocketlab/jobs/7712642003
2026-08-04T03:20:22.967814+00:00,2026-07-28T18:27:09.057000+00:00,Skydio,1,Product Design Engineer Intern,"San Mateo, California, United States",assumed,9,ashby:skydio,https://jobs.ashbyhq.com/skydio/ce482813-99c2-4eaa-a165-2ed201249182
2026-08-04T03:20:22.967814+00:00,2026-08-03T03:16:51+00:00,Rocket Lab,1,Integrated Operations Intern,"Auckland, NZ",assumed,9,greenhouse:rocketlab,https://job-boards.greenhouse.io/rocketlab/jobs/7819703003
2026-08-04T03:20:22.967814+00:00,2026-08-03T03:15:31+00:00,Rocket Lab,1,Systems Engineering Intern,"Auckland, NZ",assumed,14,greenhouse:rocketlab,https://job-boards.greenhouse.io/rocketlab/jobs/7819994003
2026-08-04T03:20:22.967814+00:00,2026-07-28T18:35:36.967000+00:00,Skydio,1,Electrical Engineer Intern,"San Mateo, California, United States",assumed,6,ashby:skydio,https://jobs.ashbyhq.com/skydio/9ac944bc-89da-44bb-bf9c-3b9922e7cbee
2026-08-04T03:20:22.967814+00:00,2026-08-03T03:20:23+00:00,Rocket Lab,1,Web Services Intern,"Auckland, NZ",assumed,9,greenhouse:rocketlab,https://job-boards.greenhouse.io/rocketlab/jobs/7821120003
2026-08-04T03:20:22.967814+00:00,2026-08-03T04:00:15+00:00,Rocket Lab,1,Talent Ops Intern,"Auckland, NZ",assumed,9,greenhouse:rocketlab,https://job-boards.greenhouse.io/rocketlab/jobs/7819832003
2026-08-04T03:20:22.967814+00:00,2026-08-03T00:00:00+00:00,Kiewit,9,Mechanical Design Intern - Kiewit Industrial & Water Engineering (Summer 2027),"Lenexa, KS, United States",target,6,jobright-engineering,https://jobright.ai/jobs/info/6a710faa9a0ca4480c7d2d12?utm_campaign=1048&utm_source=git
2026-08-04T03:20:22.967814+00:00,2026-08-03T00:00:00+00:00,Boeing,2,Boeing Summer 2027 Internship Program (Paid) - Quality Engineering Intern,"Seattle, WA, United States",target,6,jobright-engineering,https://jobright.ai/jobs/info/6a70fa6d422dce5cda1d0b51?utm_campaign=1048&utm_source=git
2026-08-04T03:20:22.967814+00:00,,Apple,2,Hardware Undergrad Engineering Internship,,assumed,4,sndsh-2027,https://jobs.apple.com/en-us/details/200663981-3810/hardware-undergrad-engineering-internships
2026-08-04T03:20:22.967814+00:00,2026-07-28T03:20:22.967814+00:00,Bosch Group,9,Powertrain Controls Software Engineer...,"Farmington Hills, MI",assumed,4,zapply-2027,https://jobs.smartrecruiters.com/BoschGroup/744000140089589
2026-08-04T03:20:22.967814+00:00,2026-06-05T03:20:22.967814+00:00,Apple,2,Hardware Undergrad Engineering Intern...,United States,unknown,4,zapply-2027,https://jobs.apple.com/en-us/details/200663981/hardware-undergrad-engineering-internships
2026-08-04T03:20:22.967814+00:00,2026-07-05T03:20:22.967814+00:00,Generac,9,Mechanical Design Engineering Intern,"North Billerica, ...",unknown,7,zapply-2027,https://generac.wd5.myworkdayjobs.com/External/job/North-Billerica-MA---USA/Mechanical-Design-Engineering-Intern_JR14679
2026-08-04T03:20:22.967814+00:00,2026-07-05T03:20:22.967814+00:00,Bosch Group,9,Mechanical Design Engineering Intern,"Fort Lauderdale, FL",unknown,7,zapply-2027,https://jobs.smartrecruiters.com/BoschGroup/744000131662039
2026-08-04T03:20:22.967814+00:00,2026-07-16T00:00:00+00:00,Unison (GE Aerospace),2,Engineering Intern (Summer 2027),"Jacksonville, FL",target,6,sndsh-2027,https://careers.geaerospace.com/global/en/job/GAOGAYGLOBALR5037097EXTERNALENGLOBAL/Unison-Engineering-Intern-Summer-2027
2026-08-04T03:20:22.967814+00:00,2026-07-28T03:20:22.967814+00:00,Baxter International,9,Co-op Mechanical Engineering R&D,"Skaneateles, NY",assumed,4,zapply-2027,https://baxter.wd1.myworkdayjobs.com/baxter/job/Skaneateles-NY/Co-op-Mechanical-Engineering-R-D_JR-204658-1
2026-08-04T03:20:22.967814+00:00,2026-08-03T00:00:00+00:00,Blue Bird Corporation,9,"Intern, Mechanical Engineering","Fort Valley, GA, United States",assumed,4,jobright-engineering,https://jobright.ai/jobs/info/6a70b4d9cb96192a36845001?utm_campaign=1048&utm_source=git
2026-08-04T03:20:22.967814+00:00,2026-08-04T03:20:22.967814+00:00,SpaceX,1,Silicon Engineer Intern/Co-op,"Palo Alto, CA Irvine, CA Redmond, WA",target,8,simplify-2027,https://boards.greenhouse.io/spacex/jobs/8621763002?utm_source=Simplify&ref=Simplify
2026-08-04T03:20:22.967814+00:00,2026-08-03T00:00:00+00:00,Garver,9,Mechanical Engineering Intern,"Fayetteville, AR, United States",assumed,4,jobright-engineering,https://jobright.ai/jobs/info/6a70fea471acd469eeda11f0?utm_campaign=1048&utm_source=git
2026-08-04T03:20:22.967814+00:00,2026-07-21T03:20:22.967814+00:00,Huntsman,9,Mechanical Engineering Intern,Texas,assumed,4,zapply-2027,https://huntsman.wd1.myworkdayjobs.com/Huntsman/job/USA---Texas---Houston---The-Woodlands---Corporate-Office/Mechanical-Engineering-Intern_J-020026
2026-08-04T03:20:22.967814+00:00,2026-07-31T03:20:22.967814+00:00,KION Group,9,Mechanical Engineering Co-Op,Henrietta NY Unit...,assumed,4,zapply-2027,https://kiongroup.wd3.myworkdayjobs.com/kiongroup/job/Henrietta-NY-United-States/Mechanical-Engineering-Co-Op_JR-0094004-1
2026-08-04T03:20:22.967814+00:00,2026-06-05T03:20:22.967814+00:00,Human Computer Lab,9,Intern - Mechanical Engineer,San Francisco,unknown,4,zapply-2027,https://jobs.ashbyhq.com/human-computer-lab/63a06836-54f4-4475-9e03-007ce5afc04c
2026-08-04T03:20:22.967814+00:00,2026-07-05T03:20:22.967814+00:00,Marmon Holdings,9,Mechanical Engineer Intern,United States of ...,unknown,4,zapply-2027,https://marmon.wd501.myworkdayjobs.com/Marmon_MSIP_Internships/job/Remote---United-States-of-America/Mechanical-Engineer-Intern_JR0000036528-1
2026-08-04T03:20:22.967814+00:00,2026-07-05T03:20:22.967814+00:00,Lila Sciences,9,"Co-op, Mechanical Engineer","Cambridge, MA USA",unknown,4,zapply-2027,https://job-boards.greenhouse.io/lilasciences/jobs/4284223009
2026-08-04T03:20:22.967814+00:00,2026-07-05T03:20:22.967814+00:00,Thornton Tomasetti,9,Mechanical Engineer Co-op,"New York, NY, USA",unknown,4,zapply-2027,https://tt.wd503.myworkdayjobs.com/thorntontomasetti/job/New-York-NY-USA/Mechanical-Engineer-Co-op_R6868
2026-08-04T03:20:22.967814+00:00,2026-07-28T03:20:22.967814+00:00,Moog,3,"Intern, Test Engineering","Buffalo, NY",assumed,3,zapply-2027,https://moog.wd5.myworkdayjobs.com/moog_external_career_site/job/Buffalo-NY/Intern--Test-Engineering_R-26-18775
